date,flight_count,is_flyable,surface_pressure,temp_2m,u_10m,v_10m,wind_speed_10m,wind_speed_850,wind_speed_700,wind_shear_low,dps_850,dps_700,cape,cin,total_cloud_cover,ws_1000,lr_1000_975,ws_975,lr_975_950,ws_950,lr_950_925,ws_925,lr_925_900,ws_900,lr_900_850,ws_850,lr_850_800,ws_800,lr_800_750,ws_750,lr_750_700,ws_700,lr_700_600,ws_600,lr_600_500,ws_500,is_weekend,day_of_year
2021-05-15,0.0,0,100287.2890625,290.412109375,-0.0142822265625,1.46710205078125,1.4671715678141164,3.4823174088272117,8.343072995890877,2.3210475046495174,2.7199996948242187,3.7399993896484376,137.0,0.382568359375,100.0,1.3451647958387993,10.222593811948844,1.4789841229102296,9.765822460007307,1.5920520860403002,9.398903834055583,1.6940534075027551,8.331824334814169,1.8719377256885832,5.456049935621408,3.4823174088272117,6.695855557774038,5.034251157315247,6.5763151391033965,6.548828088913351,5.238053857275362,8.343072995890877,6.154224967910191,8.55970872241022,5.351928215298034,15.950854497595651,1,135
2021-05-16,0.0,0,100071.59375,292.12548828125,0.06344237923622131,3.1301074028015137,3.1307502756617285,4.442126538145843,5.6592957800557855,1.8094481356751997,1.2800003051757813,0.9,124.0,-4.5843505859375,98.30000305175781,3.254990411535822,10.282316161123576,3.960468414708107,9.687624910702505,3.993675482954825,9.459078437595174,4.050824936954468,9.189571275289515,4.200539189781748,7.698931499471166,4.442126538145843,4.284138595628607,3.9658907472340235,6.246744475411352,3.245774428416696,6.731508993620982,5.6592957800557855,5.824937504811013,15.092425444716024,5.811774660439068,28.498028807834842,1,136
2021-05-17,0.0,0,99982.046875,290.1526184082031,-1.976040005683899,-0.3069140613079071,1.9997325683930183,2.4887093565117846,7.116660081191843,4.059830231100084,7.919999694824218,6.280000305175781,64.0,-32.7337646484375,0.30000001192092896,1.7158321278164732,10.954974403712274,1.9659742080700509,9.86680636738725,1.9003230504576167,9.502265052460423,1.841396281574446,8.91037901452347,1.6028211589685748,4.585658374399416,2.4887093565117846,6.315054904636708,4.0769019921634415,7.333903051448562,5.91934069111049,7.3507235105464686,7.116660081191843,7.156028728396686,10.35548579238996,6.831108747276888,16.194389248438437,0,137
2021-05-18,0.0,0,100534.2734375,292.90643310546875,-0.56610107421875,3.0401270389556885,3.092384652532913,2.495770495933787,7.399310427416374,1.2987538860483894,2.5600006103515627,10.640000152587891,489.0,-0.1912841796875,23.5,3.292678678291927,10.4378853534256,3.3415410825008096,9.822123427341248,3.105326817147067,9.595087733442426,2.8268569754226895,9.37942458759939,2.6260239549275677,7.97805983373318,2.495770495933787,3.787531974595544,4.220388249209001,6.827184779972514,6.721441004040124,8.517864432690684,7.399310427416374,8.584179487179487,9.450345872672766,6.263723905244259,19.921840519559993,0,138
2021-05-19,0.0,0,100551.859375,288.22515869140625,0.26844727993011475,2.1058716773986816,2.1229129666031565,4.913380436981133,13.097581986950349,6.8862091503942615,4.8,2.7,244.0,-1.603515625,100.0,2.004629843859706,10.080919528727978,1.8402544879890967,9.609506296939179,1.5038091875045072,9.373213729717154,1.1763929348208535,7.412058634707139,1.9150015454351637,4.913336651324443,4.913380436981133,6.745280303579665,6.622423075651009,7.541648333758134,8.738388097808485,8.241121250806337,13.097581986950349,6.328997570648158,9.290078286655952,7.505728784152576,4.263523098837666,0,139
2021-05-20,0.0,0,101009.375,292.8812561035156,2.1186742782592773,2.2815794944763184,3.113580846384478,0.6934589760143711,4.027325213710767,2.7406987666399525,7.6400001525878904,8.44000015258789,487.0,-14.0919189453125,0.0,3.517368569292161,10.227902739326181,3.6011194052026703,9.82639293285787,3.4344020787962326,9.609970405677918,3.140628876164426,9.513027600703824,2.7819676149005543,8.315636349293833,0.6934589760143711,6.508174360604976,3.660433168203735,8.369671374735919,4.578083362311172,8.007774966010341,4.027325213710767,7.877922084352604,6.919411565751258,8.271810404330294,6.403095771914543,0,140
2021-05-21,0.0,0,100990.671875,291.63592529296875,-1.3204760551452637,3.785903215408325,4.009578552497892,6.708200518826001,11.442045787471114,4.654242884061151,3.1800003051757812,2.0600006103515627,95.0,0.147216796875,67.4000015258789,4.933933191018339,9.954350482744017,5.247241875377651,9.599283691661567,5.305894621378665,9.419171153385243,5.339947010743447,9.003991024816816,5.449321637685493,6.756725187487087,6.708200518826001,5.439426944217785,9.478630261415553,7.091936511493094,11.483097930949365,5.138803437385421,11.442045787471114,4.367725513505358,22.128807200197357,5.686725381966066,20.569408332437035,0,141
2021-05-22,0.0,0,100600.1953125,289.5865783691406,0.28294920921325684,2.416142463684082,2.4326538306573324,8.579868113820417,18.208823283375967,6.561575093083039,1.8,0.0600006103515625,67.0,-10.884033203125,100.0,3.235430063880514,8.89566011389924,4.021845028989868,8.606390531421274,4.477146563610739,7.4427257392372335,5.319363714592814,6.997831525735491,6.590761358298075,8.35825957527085,8.579868113820417,4.857850194754944,8.339939544223,4.723575001683723,11.891799314631102,4.698169917089946,18.208823283375967,7.034848463337315,25.582818920426945,5.5393517330705135,33.091301586716824,1,142
2021-05-23,0.0,0,100655.765625,293.10296630859375,3.083740234375,1.690981388092041,3.516940700093885,7.873469515233047,12.446417047005598,4.369379586105256,3.5,3.0600006103515627,385.0,-0.4715576171875,98.19999694824219,4.450987751036389,9.9505596406059,4.97093935906472,9.541017424471729,5.305990534251468,9.252331069414067,5.551374983319404,7.8642406130904305,5.722507671317485,5.402014107943513,7.873469515233047,6.899012034237701,9.575612259723425,7.122185352920857,10.708055635990068,7.634593084276641,12.446417047005598,5.034995217793052,23.473472501019703,5.973235631554308,35.51228105295882,1,143
2021-05-24,0.0,0,100915.140625,285.3759460449219,-0.7393945455551147,-1.067783236503601,1.2987937997060042,7.183988314821866,14.861871579358674,7.916780236242867,0.0,0.1399993896484375,0.0,0.211669921875,100.0,2.6391581453236626,3.350969916024823,4.175427532032647,3.0089840369773673,4.083243694013668,3.8845626293640168,3.9303358891199824,3.9594037281622,4.176159357728567,3.500505724867569,7.183988314821866,3.544589710166945,12.572518777910352,4.4866968891522765,16.6097141551755,5.523955094520973,14.861871579358674,3.1287894330549126,28.941706942312337,5.200091715334873,35.09857570438144,0,144
2021-05-25,0.0,0,100901.9296875,290.5601806640625,1.4126733541488647,2.159775495529175,2.5807510915643332,7.205291112504556,11.281006347776616,4.650753350120485,0.6199996948242188,10.180000305175781,149.0,-0.30419921875,61.599998474121094,3.5828691762182707,9.611297403721215,4.364787865419776,9.533211419387552,4.95205159127345,9.155373743868987,5.45980451191563,7.309290361851234,6.0245594245237175,7.060411036407857,7.205291112504556,4.583744966127619,8.97185452539194,5.998326883494241,9.937735560071754,6.890708025271735,11.281006347776616,5.4479211943914,19.263507260243667,5.245435835551803,31.555619517778748,0,145
2021-05-26,12.0,1,101086.3984375,292.58892822265625,0.43013426661491394,-1.487734317779541,1.5486668097480834,4.683299283162019,10.589614409706359,5.840761257883245,4.739999389648437,6.8600006103515625,51.0,-4.8310546875,5.800000190734863,1.1833967286612779,10.165487530268718,0.8806781351377156,9.701246295556448,0.4996430286256057,9.446361859943696,0.09942247529351735,9.20313144990178,0.47992001799329903,5.7958248305023945,4.683299283162019,8.506450158406501,6.7466511540052085,6.0647383147389045,8.674674480628646,4.234561580112767,10.589614409706359,2.934297074341858,12.569330305176647,6.778836487608724,15.796306916320557,0,146
2021-05-27,8.0,1,100676.6015625,293.5091247558594,1.5388232469558716,1.9424340724945068,2.4781095842111998,4.465005938586485,6.125481010824689,1.9942119027410152,2.8399993896484377,4.060000610351563,369.0,-0.04804687574505806,100.0,2.70953314205112,10.152942136768981,3.0073059224994276,9.697142980390032,3.1451807877691014,9.467972173407128,3.2507383499760443,8.89506008266455,3.3949276854399724,6.309192539497961,4.465005938586485,6.643266264082442,4.3239220926877335,5.261748244955298,4.618469576895019,5.516053243234651,6.125481010824689,6.805438517703692,9.879354553337617,7.207289533098815,14.811951617572433,0,147
2021-05-28,13.0,1,101160.75,294.27783203125,1.8707568645477295,1.367861270904541,2.31749340941739,1.9909712041035539,5.47166388137707,0.6604815495037771,4.180000305175781,14.259999847412109,0.0,-0.3751220703125,100.0,2.4225167446895037,10.088418550149854,2.500178102785748,9.897194527183057,2.478302643571651,9.69791807781302,2.419256817480761,9.510133722859095,2.367945095670311,8.94985755383086,1.9909712041035539,5.5743640155737495,2.864495369889816,4.308752102215809,4.461327778245851,2.663889309277218,5.47166388137707,5.751972061807086,8.849838800144509,5.062540718772039,15.47832878083814,0,148
2021-05-29,0.0,0,100907.953125,295.7976379394531,0.18656006455421448,0.7217309474945068,0.7454530288742486,1.587980832467945,2.6266565785524425,1.0931558441109934,1.9800003051757813,1.6800003051757812,123.0,-0.7841796875,98.5,0.8206772230776428,9.981004197837763,1.140999747632136,9.775130482168834,1.3871164987052762,9.74062769156379,1.5749010836587112,9.625269581660083,1.6821800006994125,9.416204561831142,1.587980832467945,5.76034121674145,1.4141656168863448,6.652689318056201,1.4857300797537645,7.239340148826428,2.6266565785524425,5.69847326931021,12.12211621774876,5.783431917787251,19.25991211045975,1,149
2021-05-30,3.0,1,101153.765625,293.80145263671875,1.8572289943695068,1.531496524810791,2.4072351657107163,0.16960007438461058,11.977551626089177,2.2798510318448724,3.7,3.5600006103515627,81.0,-0.8804931640625,5.0,2.376229729865399,10.077298695963636,2.2537805391689796,9.897546846564122,1.9894147249268754,9.670690398388874,1.6838360420515024,9.482994997242029,1.363006662681521,9.297511305484981,0.16960007438461058,6.105716199545872,5.508549655521835,7.950188818603661,8.293539383656293,6.6224751031240805,11.977551626089177,4.85039608379409,11.770307969811421,6.29164117011089,17.594243638251946,1,150
2021-05-31,7.0,1,101154.546875,292.9193115234375,2.1885571479797363,1.7158983945846558,2.781023137356357,0.18150439951097344,10.2184301942891,2.9604212604609854,3.4,9.05999984741211,17.0,-0.12249755859375,0.0,2.9061568013569996,10.190718324386154,2.7684066847597966,9.81749496509312,2.4472398830738173,9.671010438698232,2.0417134822278564,9.457494134731755,1.6194059200520778,9.060166499730775,0.18150439951097344,5.604329931864871,5.267361824599919,5.849638173028335,7.34121390025451,5.814627417569361,10.2184301942891,5.876736112878618,11.238232978360664,6.823776201437164,11.744274978880739,0,151
2021-06-01,11.0,1,100972.796875,294.6061706542969,0.8937084674835205,2.525622606277466,2.679082748664461,1.9357194520557195,7.782631962210489,1.1812561945646995,0.5,9.419999694824218,58.0,0.3326416015625,45.70000076293945,2.8305869307997376,10.272047889740238,2.95362456180086,9.862611005284958,2.893283403317624,9.691425573417927,2.7760344564783743,9.444254566851413,2.6151613117721597,9.1230498390994,1.9357194520557195,5.058356172820497,1.7827951544994298,4.770092032352693,5.16966613995994,5.392023904079756,7.782631962210489,6.22402502057454,9.414569124711614,6.581186298386452,12.208387967442182,0,152
2021-06-02,10.0,1,101182.8046875,295.8390808105469,1.4036157131195068,2.050307512283325,2.4847329766076314,2.854892546034291,2.353676734718884,0.6262154956861986,1.6600006103515625,9.38000030517578,52.0,-9.8035888671875,4.300000190734863,2.7061491138592424,10.090675968488771,2.870105383791638,9.821961736537022,2.91029581238521,9.726505611528575,2.924849539479145,9.496714620033487,2.9114323699366462,9.36831164989915,2.854892546034291,4.615768034448891,2.299333656196891,5.6544058251428515,1.9317898569370762,4.4134825263893065,2.353676734718884,6.949053502854251,4.473001871276873,6.6233123072452225,9.85683081989856,0,153
2021-06-03,24.0,1,101524.9765625,296.94427490234375,1.4879541397094727,1.5852807760238647,2.1741947154542953,2.501356343793884,1.6717302553214661,0.3451918300101444,6.180000305175781,7.060000610351563,58.0,-37.992431640625,5.0,2.2114531936860597,9.999767045016249,2.304211332390604,9.874664401950579,2.3438511718900403,9.251685534652076,2.3556759103534395,9.565182083331356,2.36191842914885,4.16560456572,2.501356343793884,5.437561910225238,1.7967201317249584,7.139984280752219,0.29707364724503754,6.789954170132994,1.6717302553214661,6.056998485518964,5.081374681960004,6.089751635846472,7.88496389096045,0,154
2021-06-04,27.0,1,101487.46875,299.1647033691406,2.164365291595459,1.804895043373108,2.8181772891455763,4.140141620552195,1.8542040524574999,1.3502061678716888,1.0199996948242187,7.480000305175781,428.0,0.1961669921875,14.800000190734863,3.425476694320829,10.068837518831923,3.6084889444600177,9.800889986651152,3.6912064396135067,9.555294955793654,3.736141682864604,9.438862150512088,3.748696432948774,8.819525412303708,4.140141620552195,2.9637330329925886,3.8908185641715383,5.306913375636694,2.1800695630779883,7.124174771412496,1.8542040524574999,6.6827251320207885,2.3791953504316674,5.933830295091435,3.820273100103237,0,155
2021-06-05,25.0,1,101112.1953125,299.25830078125,0.25966185331344604,3.0663182735443115,3.0772929715478736,3.3774938177249987,4.733178565368465,2.2358358242137637,1.4199996948242188,7.160000610351562,427.0,-0.123779296875,18.100000381469727,3.398375619936913,10.097143831514552,3.2810379328397152,9.782411931966987,3.0307567651700746,9.591512136970847,2.833364232354654,9.45846046142272,2.7507869809954215,8.600196077934646,3.3774938177249987,3.8581398617815372,7.036174829536073,6.0222564842899455,6.104827213977141,6.062500841448516,4.733178565368465,6.513621657912985,7.2026868031937665,6.359439273997014,6.543104005976337,1,156
2021-06-06,7.0,1,100905.7578125,297.85968017578125,-1.2689989805221558,0.19713866710662842,1.284220412014561,1.0432152641314112,2.771548314890547,0.3729630107768224,2.8600006103515625,5.2,672.0,-0.0849609375,5.099999904632568,1.157874518090662,10.145585432799509,1.1997395898989978,9.859524731176641,1.1849076552203908,9.702625247901446,1.1601743042683288,9.480605027343964,1.1389297650532506,7.33325839690638,1.0432152641314112,5.8381574070550215,1.2763034933053394,6.669650406552819,2.5554766622290086,5.7857020162131,2.771548314890547,6.310172301734689,4.2038940596238445,6.27521054607267,7.238999241591599,1,157
2021-06-07,0.0,0,100998.796875,294.78070068359375,0.15795409679412842,-2.189462900161743,2.1951531354050724,9.251666318253715,8.269632427166215,9.939736987993127,6.1399993896484375,3.3,148.0,-45.7418212890625,79.80000305175781,2.910036195932963,7.691892248867239,3.323873073706169,4.411386607299976,3.2905588134503874,3.9180606925684636,5.237082032395595,6.811407493582755,7.8382609080822565,7.765095209238304,9.251666318253715,8.263207857124671,8.103828846804062,5.587662415551295,7.681662203564269,5.853836762603561,8.269632427166215,5.894407539131395,6.3960839819504685,6.6016561731037635,5.268649892849962,0,158
2021-06-08,51.0,1,100912.59375,300.4242248535156,-0.05404296889901161,1.1134545803070068,1.1147653317600401,1.7097022049827746,4.1882722539326185,1.6004805499126957,5.480000305175781,3.1800003051757812,401.0,-1.1689453125,100.0,1.0019543309680294,10.367856906048923,1.0339425703064455,9.660918837609701,1.0614664766974575,9.688934217236104,1.1431707474939117,9.630742844925727,1.2801798062976752,9.50980216492288,1.7097022049827746,7.328434614016717,3.834581354963202,7.96363587778065,4.022146362746896,6.946303557774243,4.1882722539326185,5.702237221940906,5.875575754225391,6.147325258269227,5.8592255532589546,0,159
2021-06-09,47.0,1,100899.25,301.0996398925781,2.2127466201782227,1.1192944049835205,2.4797313503961593,0.44267968059693813,4.103147769043913,2.6417243536950106,7.540000152587891,5.039999389648438,944.0,-1.23828125,13.399999618530273,2.755835427047057,10.16568924406818,2.793449411754807,9.666145640602556,2.6299029754855736,9.582391820880673,2.3886000284105364,9.533887857986322,2.072817575119948,8.623146123643275,0.44267968059693813,8.250678978750429,2.6011609972413936,8.288186534668856,3.5835399100937804,6.748900244739498,4.103147769043913,6.274134167236978,4.9115957533896255,6.4434060726022,2.0817065049237917,0,160
2021-06-10,15.0,1,100956.578125,299.9422607421875,1.901574730873108,0.9900292754173279,2.143862034571836,1.3152449199583964,4.072040786373526,0.9987910334231302,4.619999694824219,3.6600006103515623,663.0,-0.78466796875,85.5,2.1627734591615257,9.962565976613709,2.225893072703488,9.783275434229749,2.1571391897109233,9.659382128848415,2.042543106624317,9.559891043262326,1.9022542070192723,9.377590162940201,1.3152449199583964,7.293211368830554,1.7171280043075439,7.552393461998449,3.3560811742249945,6.679287058659891,4.072040786373526,6.166098463139984,6.028760265288606,6.686432740324921,6.772406062400233,0,161
2021-06-11,40.0,1,100876.046875,299.611328125,1.8284534215927124,0.4316137731075287,1.878704969938126,0.8354877581814433,4.0839612027832555,1.1539781997292748,6.160000610351562,6.560000610351563,829.0,-3.3349609375,100.0,1.7708692909248425,10.102959579194641,1.68149469331535,9.63923116423767,1.519176057634152,9.707738775992093,1.3728993748180036,9.679488232791796,1.2906374350861243,8.033137775997455,0.8354877581814433,7.613799348789017,0.5295725149277904,7.381811954717496,2.0594613428745783,7.470899649267823,4.0839612027832555,6.56986924783313,7.353848886560905,6.195229907575196,11.774257510498392,0,162
2021-06-12,68.0,1,100993.90625,299.7364501953125,2.2313232421875,1.7706469297409058,2.84850732155054,2.177456297340395,6.9655480902797855,1.6227003093248606,9.94000015258789,7.880000305175781,172.0,-31.974609375,100.0,3.3854822308836012,9.872925524978614,3.623241815592189,10.023864087053157,3.6407929357281184,9.140870062371995,3.561974685260499,8.707718736347173,3.40644189844425,4.6153036840375155,2.177456297340395,7.012066814375889,2.5818346792247664,7.371742258627524,5.442225829231424,7.440810171026362,6.9655480902797855,6.560444106740845,6.213270830225185,4.879054734613816,13.53533882902618,1,163
2021-06-13,1.0,0,100951.921875,300.9830322265625,-1.1187890768051147,4.155038833618164,4.3030264590464045,3.1434432798787335,12.059304813557821,2.5915844163388355,0.3399993896484375,3.7800003051757813,875.0,-0.0972900390625,39.0,5.083517391775923,9.892494888939368,5.084175756000881,9.70998019050359,4.712109712821388,9.528839908351832,4.2987547418585725,9.344143257593178,3.9603092303802194,9.062628305521075,3.1434432798787335,3.8939231846284748,4.291922952787743,6.493350455632957,8.244180049229238,7.242666004918152,12.059304813557821,4.3089365410176885,15.59098670490504,6.400708916248566,16.00615252451847,1,164
2021-06-14,58.0,1,101081.0390625,298.44476318359375,0.8798364400863647,1.3928173780441284,1.6474381353743053,2.2583342266609647,11.308906025892368,3.8989349418876706,7.380000305175781,12.759999847412109,0.0,0.4617919921875,0.0,1.526569268797926,9.983006512101001,1.570726949663584,10.021913527056089,1.531925223281857,9.638746880008899,1.4256995374741233,9.259783766602624,1.2422592775230585,4.459365180799548,2.2583342266609647,2.9608975027788533,5.730738879577845,2.799667220843853,11.280913341155687,6.930678271326595,11.308906025892368,6.579681522722564,16.17445883966106,4.861972137287903,20.23223160380158,0,165
2021-06-15,55.0,1,101148.0390625,298.384765625,2.447575569152832,1.096860408782959,2.6821127722505125,1.622116648076803,5.467949345164686,1.4416365465032106,1.4600006103515626,16.779999923706054,3.0,0.0716552734375,32.20000076293945,3.050172967729559,10.541895643011749,3.206792212459403,9.816585846784022,3.2182957300522945,9.373135317907579,3.135146827453877,9.642897307318346,3.001710780051355,7.443537503847881,1.622116648076803,-0.9266958437673357,2.4068407521442388,3.5380033613873247,4.566404149011579,5.898704330219542,5.467949345164686,6.482285711142287,7.358484401406669,6.423174289551271,10.760545632287778,0,166
2021-06-16,64.0,1,100843.5625,301.9300537109375,0.2888427674770355,1.2221606969833374,1.2558291737233174,2.38334328043268,0.9197520050970551,1.5885692502320605,6.3,5.3,454.0,-17.927734375,0.0,1.1149924952088472,10.45511158223313,1.1763922737914103,9.691925850965985,1.225746882195535,9.513081707989432,1.2952903385223753,9.844664074800653,1.3888409975948661,8.17395026871765,2.38334328043268,5.790789450359495,2.6021660206963184,6.139415562815834,1.3980794390388156,6.8328116567728,0.9197520050970551,6.915769617835631,3.4830163242091645,6.156675147033216,8.15618656708768,0,167
2021-06-17,65.0,1,100897.7578125,302.0628662109375,0.49925291538238525,1.5872998237609863,1.6639634022506233,1.684910615053796,1.767459753364766,0.5037741045190711,6.060000610351563,7.759999847412109,90.0,-96.87646484375,5.0,1.5469594943879057,10.223869539475272,1.618063023126726,10.088645338061085,1.6307311495383658,9.6164848753299,1.6089511973159565,9.542468854414997,1.5882273673462866,8.273903935808727,1.684910615053796,5.004245069753752,2.092096507187092,5.499249206612434,2.3962757793647653,6.418376376683844,1.767459753364766,6.554310713202861,6.120255950510887,4.649601011636633,7.424079325445394,0,168
2021-06-18,71.0,1,100953.9453125,300.90850830078125,1.207766056060791,1.8771166801452637,2.2320989845999692,2.361480736915828,2.050518669063528,0.7231882759584053,2.6,5.6399993896484375,258.0,-22.0777587890625,4.699999809265137,2.183182394517277,10.141820348446108,2.2504927727983874,10.079721346682371,2.1933658940101974,9.616715315854554,2.111575028767964,9.35482707260223,2.0637179629149625,7.79775214722444,2.361480736915828,5.140333852373777,3.560414623007598,3.2398505135359055,3.2232249427719335,5.375328992370937,2.050518669063528,6.5864340640692856,4.914307497976109,5.602627204880015,4.142114102091626,0,169
2021-06-19,72.0,1,100713.71875,301.8999938964844,0.4979321360588074,1.3021728992462158,1.3941272078441702,2.711870437492646,2.300314963080468,3.5090882286653633,8.080000305175782,10.6,919.0,-115.1859130859375,97.19999694824219,1.2152490652105792,10.232849642380225,1.2120566006719817,9.6757195822359,1.11703501064885,9.495971884862822,0.9882447149374776,8.527972566251902,0.8374805605601919,0.5040853783424241,2.711870437492646,5.2892403223126765,2.589473900882118,6.710857715878838,1.74105755144141,7.032620323817404,2.300314963080468,6.971939235784308,5.5610426211408805,6.405618481046468,15.015520756308527,1,170
2021-06-20,54.0,1,100381.2734375,302.9816589355469,1.562168002128601,2.760634660720825,3.1719824395553724,4.3846983447122865,10.461638880264719,2.073650255335616,7.959999847412109,10.519999694824218,1943.0,-25.534423828125,65.69999694824219,3.482767779084167,10.38770667519577,3.6852117327514984,9.78810155011867,3.5134394492259418,9.493729745221044,3.32323673565824,9.20980968431437,3.1893415659760107,3.7714144935146052,4.3846983447122865,3.7685928966582916,8.587957134625999,5.800508977644618,9.271357423176886,6.618261707147343,10.461638880264719,7.484023551448561,6.820396691323599,6.281528744117249,4.563758177491614,1,171
2021-06-21,8.0,1,100111.21875,302.91156005859375,-0.38219237327575684,2.2651171684265137,2.297134475143043,5.947738433531782,14.783913349588994,5.35935767835771,6.080000305175782,13.219999694824219,1444.0,-15.0704345703125,0.0,2.080676592734204,10.511493620574916,2.214853514679688,9.809240967505714,2.1249499807073513,9.614352209025283,2.131552553260958,9.365584520663004,2.252880122984921,6.414525878000246,5.947738433531782,5.598235665910798,9.461235254454452,6.5535432765324995,10.729159751915317,5.6683036930614,14.783913349588994,6.3520911557541035,16.228856790915742,6.813509877395841,15.540410743776604,0,172
2021-06-22,44.0,1,100326.3515625,302.6000061035156,-1.061708927154541,0.630664050579071,1.2348939188013064,2.934333740210381,11.421878123958958,3.4322581308262032,6.519999694824219,16.879999923706055,1921.0,-0.2703857421875,0.0,1.099614911697457,10.341005121165574,1.1476324933895559,9.866310740077685,1.0939272537923739,9.574700607533032,1.1159840886986847,9.268446904509823,1.2630567662885968,6.631126771893936,2.934333740210381,4.79582307839855,6.976278514300391,7.608126734570122,8.402445581595444,5.3218149238834185,11.421878123958958,5.819770442946267,18.19936127474999,6.764334704042766,19.401547613941332,0,173
2021-06-23,23.0,1,100703.1953125,304.4803771972656,-0.6050586104393005,1.0810937881469727,1.2388945479082183,3.27133838365894,15.394819000408141,2.185668882748186,9.61999969482422,7.1399993896484375,1246.0,-40.1868896484375,1.399999976158142,1.1329801525910996,10.22479950306343,1.233081242893424,9.809174144744397,1.2923228647282852,9.60855814099438,1.3854586101138766,9.433279990152027,1.496804358467572,6.751965469400339,3.27133838365894,5.22234406078857,5.844964393476874,6.75798272657564,10.242078195428498,7.204547085692218,15.394819000408141,7.255587827092019,21.755262823886323,7.636677899640613,22.284042832161195,0,174
2021-06-24,4.0,1,100768.8359375,303.09814453125,0.5071801543235779,1.802001953125,1.8720156911751575,6.166766502202708,13.324240916468657,4.386903022362027,8.15999984741211,7.060000610351563,2529.0,-2.750244140625,11.199999809265137,1.8570063676084554,9.858179948809871,2.05279087809242,9.822090957108315,2.1602478140064614,9.554064153922017,2.2818410695315503,9.363429259061176,2.500081372161797,5.245605511330369,6.166766502202708,7.872569540496676,8.9790814638541,7.290100279005725,10.184081484619584,5.8969382568062105,13.324240916468657,6.82080293663911,25.620730688562038,7.15810293442268,24.292193869584555,0,175
2021-06-25,21.0,1,100724.0859375,298.5028381347656,-3.2494237422943115,1.5576562881469727,3.603477177531415,3.1803818574579017,7.186762359528623,2.1943135991624043,9.5,9.2,1577.0,-9.5533447265625,89.0,4.0788390374527115,10.455407489927177,4.252660497213808,9.625031194306192,4.0591647290045465,9.304804022522971,3.846317254746492,8.90880619879433,3.6981889229763887,1.992921624741669,3.1803818574579017,6.472072721530667,3.8834524401623285,7.324443520484683,5.8028802309621685,7.000899914345502,7.186762359528623,6.491602333304758,10.301722564763915,7.40877625830979,17.770279834402405,0,176
2021-06-26,38.0,1,100797.6953125,301.20233154296875,1.568479061126709,0.8837549090385437,1.8003192229276026,0.43281772439078864,2.3008710209417718,1.4068203039371374,6.680000305175781,9.11999969482422,375.0,-7.3857421875,0.30000001192092896,1.6075578266490684,9.88256288976895,1.5782527222900615,9.708102447750774,1.450490382002045,9.658487021618697,1.3033224257131095,9.483726848755053,1.1557485576117594,8.874409609222923,0.43281772439078864,6.739691610672837,0.32415817656328383,7.129266463877421,0.966365763776495,5.988978230463629,2.3008710209417718,5.7173331498915205,4.481707387046424,6.713758225562037,9.436598421226043,1,177
2021-06-27,51.0,1,100746.890625,302.32879638671875,1.4302929639816284,0.8494775295257568,1.663535402684456,0.6402732107358329,1.6279498641649641,1.1996537633065774,6.8600006103515625,10.480000305175782,164.0,-16.037841796875,100.0,1.4334512680140903,9.761688220008205,1.3395196803379619,9.664596629677877,1.1766443959393222,9.91644585822664,1.0168899605093176,9.555355890546522,0.8782792697802964,9.09251617998387,0.6402732107358329,6.018691579838634,0.5363782756344347,6.489247369376382,1.136803977377715,5.81328007751112,1.6279498641649641,6.56210848991107,6.817590491799834,5.80168749161671,10.828856764971496,1,178
2021-06-28,43.0,1,100777.0,303.53765869140625,1.0730907917022705,1.195461392402649,1.6064407203384399,2.564925632917671,6.256083682699634,0.9610502624029139,10.05999984741211,10.919999694824218,552.0,-52.26904296875,95.0999984741211,1.5021970579912363,10.335861461692518,1.6605570210400236,9.625169798996973,1.7353586970816308,9.84737679771955,1.8042066919538835,9.215147531307567,1.86290714707273,6.664945897985754,2.564925632917671,4.98695779858647,4.223550021574838,6.809859053210956,4.917160771954781,6.985889837129506,6.256083682699634,5.641995320138816,9.407062452134161,6.725147495215933,11.964479435348272,0,179
2021-06-29,13.0,1,100381.7265625,302.5744934082031,-2.419726610183716,2.478764533996582,3.4640078641698357,3.222286408177355,11.569643518227378,3.2120877440744158,8.980000305175782,11.05999984741211,1285.0,-48.4844970703125,5.0,3.813339355261747,10.138921729979407,3.9930117505339657,9.728517895349134,3.7283363870295267,9.387703982488048,3.4483663934281816,9.11062214255244,3.2410760600279507,3.925078032822153,3.222286408177355,6.667851789010034,6.181388754941995,7.5315286152601475,7.988388636023839,7.667672853967682,11.569643518227378,6.836004002460994,21.705349805538763,6.661111365485227,22.087429802264182,0,180
2021-06-30,17.0,1,100242.3046875,300.7982177734375,0.4433337450027466,3.646049737930298,3.672903960209109,4.758451851519281,13.195878143113344,1.4663784516423635,5.6399993896484375,11.859999847412109,536.0,-0.3590087890625,0.0,4.066796473042859,10.795456201716743,4.637589733719733,9.708998072449605,4.652654214207296,9.522779663902828,4.62365252790311,9.775186147716,4.603866849381281,9.47897733440895,4.758451851519281,9.258158498602834,5.448536409664564,6.663500397222894,9.689748438956958,5.698763335223911,13.195878143113344,5.2401566291634705,18.300566663335307,6.8607717946520665,21.610315910289465,0,181
2021-07-01,0.0,0,100457.2265625,296.796630859375,-2.4002857208251953,-6.251777172088623,6.696722284151087,3.841627211455661,7.049968586314987,3.3016434876720737,5.3,4.719999694824219,717.0,-19.7108154296875,96.69999694824219,7.9827553816283965,9.318420347400872,8.543553037201095,7.612838103846116,7.4669060669252225,7.227447952703948,6.568895270858369,8.588765670480116,5.921079580968727,7.231384143823252,3.841627211455661,6.717252840558605,0.7710625984348144,6.750324425275847,3.7099499378471803,6.327267926158869,7.049968586314987,6.751891707250812,10.757628904425811,7.160477151253018,14.714720565459986,0,182
2021-07-02,9.0,1,100655.515625,299.8638916015625,0.5746777057647705,1.8044555187225342,1.8937566328732078,0.7678863845211434,4.651950242098626,1.126583920750595,5.219999694824219,4.3,283.0,-2.8922119140625,41.099998474121094,1.7568854664585671,10.381794576498994,1.806272106097956,9.75174522855433,1.7122597399492823,9.572087623061922,1.5704162371238806,9.387872039797108,1.423422492467543,9.459513069282712,0.7678863845211434,6.7917082185470194,1.5215166461492542,7.355719232147984,3.163938844543905,6.407170555582481,4.651950242098626,6.234281928531892,8.049581065199432,5.667644584852753,11.8112981145265,0,183
2021-07-03,34.0,1,100671.7734375,300.602783203125,1.625085473060608,1.5573681592941284,2.2508439258055635,2.3113550017158615,4.080582561551949,0.15667918085443103,3.2399993896484376,8.480000305175782,190.0,-1.0169677734375,77.4000015258789,2.2541329275048914,10.207837577774622,2.420230222472248,9.832985963376801,2.4186039009669225,9.694170947828601,2.382633709590085,9.466352489078435,2.3453106694072297,9.155379985424949,2.3113550017158615,5.820293144818201,3.4353066460998063,6.250403318262388,3.8638458852338484,5.524568450671251,4.080582561551949,5.395943661325566,8.048791472340247,5.9857608421783075,12.642816657957948,1,184
2021-07-04,4.0,1,100350.21875,297.64471435546875,-0.8508007526397705,1.5541454553604126,1.7717872381044582,2.7984596174235645,5.745475917293702,1.9425581734706165,2.2600006103515624,3.6800003051757812,468.0,0.37548828125,100.0,1.6952281045828188,9.943355610284469,1.8492687444944023,9.629184563581973,1.8754917092647652,9.260518262689022,1.9002071473064273,7.235804735840014,2.05037705870717,5.899438912746573,2.7984596174235645,5.788535207259916,3.3133337467046986,5.0849241830414975,4.163506381187008,4.996780209308004,5.745475917293702,5.778728267270119,8.519970080402542,6.673015820994384,13.654764341761995,1,185
2021-07-05,21.0,1,100413.0625,299.49749755859375,1.6428344249725342,1.525732398033142,2.2420446691096054,1.0827785263712315,4.827002816633709,2.2081311563200905,9.55999984741211,8.38000030517578,44.0,-15.47900390625,100.0,2.33717520437626,10.079134849482118,2.504439771685435,9.748235567605263,2.420392920208153,9.559671707712045,2.269260483261203,9.295106358567677,2.0567742887911677,5.032638442247525,1.0827785263712315,7.337558424792667,2.9573623535253826,6.9568742716407,4.22243395149558,6.38180846921582,4.827002816633709,3.4353190684908763,14.953413119573911,4.31503731667395,19.544363621017478,0,186
2021-07-06,40.0,1,100576.1875,301.5035705566406,1.2118297815322876,1.1020337343215942,1.6379895515513492,3.9238215878321934,10.267119850511936,2.514745633929897,9.680000305175781,12.38000030517578,0.0,0.29345703125,0.0,1.473523432322843,10.033111770319532,1.5185764167508664,9.746198044505343,1.4746277373573518,9.49284055758139,1.4480673056437472,9.186143852994826,1.504956514610348,4.260134843050425,3.9238215878321934,6.039844266544895,6.883539486158311,4.8796998572995145,8.891625212339411,5.196928132932041,10.267119850511936,4.597073841869111,13.128971918349572,6.685700901229995,13.656617016674563,0,187
2021-07-07,39.0,1,100695.0546875,303.1000061035156,-0.4745458960533142,2.3866162300109863,2.4333373865563517,6.038650873925759,13.432803734770893,4.150742459822707,9.240000152587891,9.640000152587891,416.0,-49.8824462890625,0.0,2.561638522197784,10.088370650825773,2.5282633575707214,9.757756015237547,2.3432191988741944,9.474371767360289,2.1941185730604684,9.371092914603452,2.2618343349484786,4.156780973685291,6.038650873925759,6.0940658190572075,8.045112153622503,6.626903557867889,9.585748405732007,7.146723007189653,13.432803734770893,5.621680195722116,20.431847764225243,5.948213882684788,18.91544607481742,0,188
2021-07-08,6.0,1,100836.265625,303.385986328125,-1.3381543159484863,0.7046167254447937,1.5123298922748651,9.008253516374712,17.491892001507427,7.970153128445145,10.1,6.380000305175781,1323.0,-60.282470703125,89.0,1.8913818050590887,9.438260089541284,2.362249726709488,9.504133387456665,2.815659188582163,9.405836921047285,3.363541654395738,7.896337704080049,4.868237652433255,4.5230484078587345,9.008253516374712,5.525462869611175,10.599393667686245,8.646470739358053,14.49448414124359,8.288703155940754,17.491892001507427,7.602216618084323,18.77806582999381,6.86271860276008,22.74952184311378,0,189
2021-07-09,42.0,1,100925.0546875,298.85906982421875,-1.0186694860458374,1.9336938858032227,2.18560279231924,3.6360813824677503,5.633173215253022,5.081483509276145,10.419999694824218,13.1,0.0,0.2464599609375,0.0,2.215560217715081,10.304832395070195,2.2733063775369904,9.745512342509475,2.200042762406585,9.398807342505913,2.1007041873027648,8.82097505606707,1.9179929827557012,4.277363090161705,3.6360813824677503,5.811014905081606,7.193795885301001,6.459776010356761,8.209199495618247,4.677093078628883,5.633173215253022,6.337240738919506,11.197871788211362,6.405749581126877,18.276233772897328,0,190
2021-07-10,8.0,1,100771.6015625,302.30438232421875,-0.7777416706085205,0.26755616068840027,0.8224769937957228,4.25879778374268,1.172954501390283,3.484402238796527,4.380000305175781,8.0,69.0,-4.2022705078125,5.0,1.140744471895801,9.879328907690832,1.6560800688476012,9.77753551596089,2.1705169069882624,9.661977556084778,2.704238307156544,9.60412658652791,3.2386621081300975,9.472267777428703,4.25879778374268,8.978747790079389,5.335858225607532,4.947562448066205,2.8720536343010923,5.547334397756922,1.172954501390283,3.8342904197030085,5.000886929168319,5.660058135036483,9.18076696266784,1,191
2021-07-11,22.0,1,100416.9453125,303.09063720703125,0.7368994355201721,1.1913647651672363,1.400846451882551,2.1418656045905546,2.1958858796004495,2.851475662754457,5.8600006103515625,5.7,323.0,-0.63134765625,6.0,1.1904762759416878,10.006511188612512,0.9890940411668037,9.801630891718638,0.7836801830642333,9.671607676523763,0.6808841973479367,9.549695995124392,0.8809554514609929,9.45998190656201,2.1418656045905546,8.7194728455367,5.140090980457842,7.6513790114887374,5.456425769437057,6.928931753316041,2.1958858796004495,5.499432458609918,5.247037598676268,5.195457281637937,9.277045777269938,1,192
2021-07-12,40.0,1,100545.453125,301.6648864746094,1.2815698385238647,1.415163516998291,1.9092168632339954,4.541121193250305,5.556439849926483,2.781395100100788,5.2,14.779999923706054,526.0,-32.752197265625,0.0,1.8367456599442726,9.931982832601614,2.0885060386663095,9.887922042427462,2.217444868693177,9.603998607879591,2.3471341506417494,9.390094357888758,2.4808459590084233,7.064519520308781,4.541121193250305,6.71733204163206,7.528260793054023,4.64348256022809,7.866922410731709,0.12238793744488542,5.556439849926483,7.159176163975347,14.511952158593038,7.718224411996822,17.036766134473257,0,193
2021-07-13,4.0,1,100134.828125,303.0332946777344,-1.2680273056030273,1.6240038871765137,2.060408181239654,6.6315793194358275,18.708317268095847,4.574128085832985,4.980000305175781,6.019999694824219,491.0,-8.37451171875,82.69999694824219,2.2746594858660134,9.722301752187198,3.2631765512875575,9.893136778119556,3.9256675574986417,9.640242022859809,4.612141130005894,9.51881877870596,5.283908859471357,9.541097264502076,6.6315793194358275,9.176896060505017,9.156585862409194,4.132344159940114,14.676019841003738,3.9725535198007944,18.708317268095847,6.250554423803705,22.15137299478138,7.479422329156462,29.08623128602714,0,194
2021-07-14,1.0,0,100443.6015625,296.9069519042969,0.9287402629852295,3.870292901992798,3.980166532107131,5.477801280856459,12.42218595290623,1.587150296597774,1.7,5.380000305175781,759.0,0.112548828125,5.599999904632568,4.741080928670777,9.627038142189393,5.250890024002718,9.665152239638218,5.351287760623803,9.611670999561362,5.427491072178832,9.557698816454716,5.4911022482856255,8.782888279121595,5.477801280856459,5.746574850896688,6.395303883272722,6.233030823601544,8.732294191102888,7.603774403679899,12.42218595290623,7.0589761392708095,19.198854470343456,5.768165546252421,20.348347529053086,0,195
2021-07-15,18.0,1,100634.8046875,297.1089782714844,0.8144262433052063,-1.6566210985183716,1.8459912160788976,4.566846361482974,10.565135830799461,4.682805347913059,5.780000305175781,2.5399993896484374,228.0,-2.18701171875,76.0,1.6378830541160687,9.877287706906577,1.4546973306757252,9.83174339763449,1.214567947464152,9.481831887136702,1.062280429858871,8.698004100774487,1.103804422646292,6.329651208673315,4.566846361482974,7.664271021080565,9.202277919949156,6.772077351073676,10.042104677122971,6.0107682602279215,10.565135830799461,5.744666259722816,7.037522971568449,5.243848090580875,9.230197729886877,0,196
2021-07-16,0.0,0,100640.171875,295.2145080566406,-1.6003490686416626,-1.9759057760238647,2.5426995058847806,5.05551246485078,6.672781713518752,2.520412404964024,6.980000305175781,0.0,614.0,-30.710205078125,100.0,3.7547189562691217,2.7417787598651135,5.615221963496059,6.05279011206425,5.546402518816361,7.544239241066092,5.327945425876071,7.8708243565739595,5.159123619614121,8.441680461046305,5.05551246485078,8.741312007474884,6.210831454513349,6.304629969473918,7.926378784250118,6.135977644525466,6.672781713518752,5.281460268706065,8.451713240016877,6.020269036639162,8.596200002828395,0,197
2021-07-17,0.0,0,100410.6484375,295.1000061035156,-1.4708105325698853,-1.983303189277649,2.4691648716352264,12.610135701108137,13.256239265046002,10.152351649318597,7.6400001525878904,0.7,171.0,-111.118408203125,100.0,3.6110610630221793,3.8426570035647343,8.016229071996317,2.4811480535212116,9.048217445478777,3.9582335199045287,9.865865026372601,5.064343316677053,11.190382058495693,8.241981151005616,12.610135701108137,8.174856996830552,12.706563149027414,7.785489822572274,12.805909456940206,7.586448334764023,13.256239265046002,4.631957064824341,14.485170065858064,5.59662609284425,18.158253575355694,1,198
2021-07-18,0.0,0,100159.796875,303.0853271484375,3.397934675216675,0.3628222644329071,3.417250364343835,7.393239065063109,12.939484130958622,9.605927014208826,8.84000015258789,2.2199996948242187,1676.0,-11.45458984375,6.300000190734863,3.5060384958012376,10.281504443359804,3.5214885539309155,9.115585064724621,3.0776482966437007,6.855447777898798,3.1414472458473846,5.888449290252667,4.788710636222481,8.210739276500178,7.393239065063109,9.007903621835712,9.413028318920421,8.905181424924116,11.080614202830525,7.812547107644468,12.939484130958622,5.600364516073081,13.167713402261263,5.721196832235444,13.449031644280057,1,199
2021-07-19,0.0,0,100366.5,303.2018127441406,1.5230542421340942,1.098789095878601,1.8780393237907382,4.959566306785987,8.173029492725236,6.785234997780598,12.15999984741211,11.180000305175781,112.0,-31.8634033203125,4.400000095367432,1.6544394753444513,10.478106352854272,1.34172226799286,9.622618238472214,0.8469460761046625,9.44323318572919,0.3605313000558425,9.103886513976867,0.7070635659422471,6.353418930103377,4.959566306785987,8.060889577952334,6.307320512019661,7.999419102152315,7.261915273654324,7.974187350004137,8.173029492725236,7.1325346126170865,6.944036702219227,4.1898026443439464,7.752735497478493,0,200
2021-07-20,14.0,1,100631.046875,301.60968017578125,1.736901879310608,0.9742162823677063,1.9914631563709824,2.8573267273907943,5.162595586881065,0.8704579591222544,3.419999694824219,6.8600006103515625,872.0,-1.0079345703125,0.5,1.9807333332133794,10.143203393336737,2.202463174389298,9.680135245279775,2.3042827925533516,10.08754150538496,2.4088247924834234,9.385847061904402,2.515799310087972,9.00674570174057,2.8573267273907943,4.710473759327196,1.4936180894682152,6.371968388177316,2.388278257341769,7.563130440790383,5.162595586881065,6.071525358436438,10.393809447321786,5.807408597736446,13.759317841949223,0,201
2021-07-21,34.0,1,101026.484375,301.68463134765625,0.16293945908546448,1.2846972942352295,1.2949889594673707,0.6018917530414158,3.3936061519387613,1.7529076659883642,6.380000305175781,14.359999847412109,724.0,-9.8709716796875,0.0,1.1995678515033097,9.871855134096613,1.299763532690235,9.695000841201695,1.3367910793045479,9.624371817182864,1.327213969641604,9.063155170182478,1.1924410658125262,5.718380289821098,0.6018917530414158,6.344938522828237,1.9566973579585984,5.826436185526843,2.98336924962608,5.543270052172207,3.3936061519387613,5.528886897809509,5.836783125741072,6.597170654553692,5.519476068570969,0,202
2021-07-22,30.0,1,101067.15625,300.843994140625,1.3271435499191284,0.8822680711746216,1.5936458049096522,1.1873696094040591,3.4040517001856845,1.0156843893135243,3.519999694824219,6.660000610351562,732.0,-3.1173095703125,100.0,1.4301556189172309,9.89079106846063,1.426726846731521,10.095284546711255,1.3742183183448908,9.157281990916767,1.3264307480576172,9.773753942661301,1.2782794198562693,6.586385753402079,1.1873696094040591,6.083452310227861,1.7714365110227268,4.843138610313232,2.240445816070862,5.285406805993569,3.4040517001856845,6.206272992109243,6.617276757321165,7.136116988454815,6.376952308025403,0,203
2021-07-23,44.0,1,100697.2265625,302.1966247558594,0.7907763719558716,0.5944164991378784,0.9892715728711821,0.22590095809911595,4.190248973942464,0.8411243380067768,2.019999694824219,7.219999694824219,1211.0,-0.2540283203125,0.0,0.8384598598890856,10.229919430316862,0.8413165722888426,9.65116531816912,0.7851628326829978,9.627938841181086,0.725876486908657,9.742682816252605,0.6682190239134583,8.823214702317365,0.22590095809911595,5.166415077362514,0.8713589880880834,5.566287235672241,2.1621031305340748,6.586993372405341,4.190248973942464,6.302947798933667,9.430612078284437,6.952656215774305,14.73794913128983,0,204
2021-07-24,25.0,1,100531.1328125,301.88427734375,1.2700048685073853,1.7084741592407227,2.1288016156574465,5.565703448676105,10.704997024190483,3.619691206335866,2.480000305175781,8.7,1237.0,-12.814697265625,95.19999694824219,2.220701424373333,10.387777177534772,2.608181514571194,9.745490575496373,2.8209547609752987,9.563340798626903,3.0010939065905404,9.4332519261678,3.2038887883731753,7.044688229329781,5.565703448676105,4.442675564505406,10.402022986719105,2.6432378286861655,12.695200680771142,5.623993865101089,10.704997024190483,7.51277543901125,13.082159754008579,6.745806946495392,18.648316927419156,1,205
2021-07-25,31.0,1,100339.6484375,302.1878967285156,-0.8542822003364563,3.934767961502075,4.026437257511272,6.170651585435886,9.662001754481876,2.4894599981383694,5.880000305175781,6.1,1642.0,-7.255859375,5.0,4.556533135655529,10.398407485250132,4.954141915526566,9.66131325110901,4.7945053943367855,9.41476976733861,4.648099994793908,9.285992705583446,4.6884092481467965,6.137829902506209,6.170651585435886,4.584402542200736,7.692712311227934,7.236026914349161,8.09114202972713,6.1577876797335644,9.662001754481876,6.601832072685185,21.628920424024304,7.050600460005743,24.46890428296588,1,206
2021-07-26,18.0,1,100553.1640625,302.2961120605469,-0.7223095893859863,2.7838573455810547,2.876037702024184,3.3735496070664017,13.103732820016269,0.5728136445817634,1.8,4.839999389648438,1306.0,-2.35693359375,6.099999904632568,3.2420978035294947,10.277887670230456,3.4516414082703055,9.655196614352786,3.4102771663104257,9.535615711992202,3.3134384690964485,9.407690748835527,3.2005214391300143,8.56476080513778,3.3735496070664017,2.7867524329178424,6.779175768246181,6.187733648899425,11.714558683364881,8.130460028655568,13.103732820016269,7.313505030400008,18.49354753988625,5.535341343466045,22.29127260635903,0,207
2021-07-27,6.0,1,100935.890625,295.0035400390625,-1.5001928806304932,-2.442553758621216,2.8664695258887796,7.87431183282413,18.464390342507954,10.518918103947325,5.160000610351562,0.01999969482421875,1182.0,-22.056640625,100.0,4.7265009964581655,2.6568034935222773,4.819442921514388,6.65769979397865,3.599247988228079,6.086366300675384,3.0883231843657413,6.2671991953392405,4.297237776689843,5.396022174152257,7.87431183282413,5.658951530112101,11.16540572840965,7.599964841737854,18.003595873311784,5.469929653106349,18.464390342507954,6.441413965748864,18.779533377229154,4.402500611610107,21.509493232062834,0,208
2021-07-28,18.0,1,100604.6953125,300.9514465332031,1.1587305068969727,1.325747013092041,1.7607559542242597,5.816237125136737,19.029321551907998,4.0555116992458515,6.839999389648438,8.480000305175782,709.0,-44.1500244140625,100.0,1.8320413477330935,9.818204275907435,2.0368406891680118,9.682440399401674,2.1913613372252363,9.501715182894408,2.3828508127854082,9.205785925312997,2.7988954926933727,3.52982725872754,5.816237125136737,6.03883808266683,9.418290719681977,7.169777824014185,14.085818288584681,6.254372243422494,19.029321551907998,6.1103029491705945,22.67164631293955,5.75691461654726,24.109293826567644,0,209
2021-07-29,26.0,1,100562.75,302.7301940917969,1.8404492139816284,1.333947777748108,2.2730310123279684,4.040607761361969,11.23444906168347,1.777995803536954,7.7,14.879999923706055,654.0,-5.56640625,0.0,2.1817822475071735,10.693034179614854,2.1783338662908553,9.48977635598956,2.0861321377217568,9.466123701853281,2.0416802914493766,9.431450150808432,2.1017478620296886,6.152532472132181,4.040607761361969,6.759846037332044,6.6613664831677415,6.11429420752983,9.140178734333805,5.6817791402084925,11.23444906168347,4.56242053789731,12.083511320616532,5.90095406341261,9.750597297149746,0,210
2021-07-30,6.0,1,100370.59375,302.79998779296875,2.207094669342041,-0.08158447593450546,2.2086020252982568,5.12407288819869,11.717524369841053,4.081512626549898,2.2199996948242187,7.5,1526.0,0.395263671875,4.0,2.1275565584961056,10.255416779048563,2.330969175149301,9.672433644236802,2.521190191079885,9.575803640461807,2.8507522095357234,9.434454576700187,3.178855264289146,8.113702768532937,5.12407288819869,5.224315142244768,9.06271951942697,4.816675051284721,10.408563348414527,5.885836597692739,11.717524369841053,6.7550659448375985,16.603530786428372,6.385222846327301,12.840100410582066,0,211
2021-07-31,3.0,1,100119.1640625,303.37188720703125,0.26521971821784973,0.024326171725988388,0.2663329900001085,3.4076606383565267,13.91906329274748,3.4034143672486588,5.8,4.939999389648437,1725.0,-6.120849609375,0.0,0.16828665169365306,10.423589242982517,0.5357056724891969,10.013441478501301,0.974106290835744,9.444855933689453,1.4219737615653738,9.697256750304208,1.7854416630363752,6.847886458407355,3.4076606383565267,5.121345804889977,6.77742069270084,7.7072972453305,9.925039051541894,6.412689613098668,13.91906329274748,7.004078092978951,16.176928306381885,6.47425677987411,18.204870933763868,1,212
2021-08-01,0.0,0,99714.6640625,300.029541015625,2.2713184356689453,3.1814942359924316,3.9090654906080418,8.076874273098296,12.53378544207929,4.223267854763586,2.3399993896484377,5.439999389648437,1765.0,0.345947265625,5.0,4.024243450520976,9.228400693874487,5.4267476300168624,9.68751857835695,5.795375571802384,9.761689550140181,6.141552398774121,9.506454462470897,6.450530282458668,7.4091321097752925,8.076874273098296,5.751994547913222,10.983768300989748,7.146335544097501,11.835157657041098,7.290428267300728,12.53378544207929,6.333827817077056,18.12302687939345,5.626862362295451,22.551386317039665,1,213
2021-08-02,1.0,0,100584.9296875,297.236572265625,-2.5106518268585205,0.7014599442481995,2.6068023801379177,3.202885566962741,7.038081189483668,1.007982267384265,2.480000305175781,5.380000305175781,750.0,-0.30072021484375,13.699999809265137,2.962056763954708,10.065756382272818,3.176593427541848,9.765844849216272,3.184829174431142,9.586091727639117,3.155799010738571,9.327040626262521,3.1274186482640336,6.730650713435252,3.202885566962741,5.633795651260672,1.2730536604279772,6.037898375376139,4.5588442884135825,7.027332261445704,7.038081189483668,6.228643863578431,9.986246754796717,5.8987435951623866,16.323783068190714,0,214
2021-08-03,5.0,1,100678.125,297.73291015625,0.6398022174835205,-0.782763659954071,1.0109727122140946,4.5806466075440015,7.915371621101805,5.161885151828873,3.1,5.060000610351563,602.0,0.13140869140625,73.80000305175781,0.770247910355841,10.182219102689604,0.6821398502538122,9.590156900042611,1.0138251519202084,9.399480664245804,1.454927691751034,9.220451104517117,1.9784894564016866,6.768016998410077,4.5806466075440015,6.141554553983345,5.973339154622708,6.378760149373386,7.695799218985753,6.3587057959562445,7.915371621101805,5.692313698401488,11.486440246430782,6.768303260869944,15.829092933414891,0,215
2021-08-04,3.0,1,100505.75,298.1027526855469,-1.7941796779632568,0.6760327219963074,1.9173160819296522,5.885883291145208,14.410751395390895,5.6265114998110555,4.819999694824219,3.1199996948242186,568.0,-0.6943359375,41.29999923706055,2.2419107622829952,9.004523961208129,2.8873322815073164,8.17861764072328,3.638411504170247,8.689369191575059,4.22895334116935,8.701560907411674,4.7368914787856315,6.339249874126208,5.885883291145208,6.286278435164015,8.639141278029975,6.937711320894641,12.303821949619225,5.899207939424081,14.410751395390895,5.595370195310605,17.786374617025384,4.976682081890556,17.898483315551438,0,216
2021-08-05,1.0,0,99898.1484375,297.3509826660156,-1.7097021341323853,0.9192821979522705,1.9411751973814189,2.6565228907994256,7.182038623795942,4.597308281595902,7.340000152587891,6.380000305175781,238.0,-33.140869140625,99.30000305175781,1.5658178433580305,10.448034533567796,1.3561290983061984,9.73759934219235,0.8594582059087107,8.879926762830054,0.5554464940169629,7.858875802168968,0.978762252027663,4.690929215000764,2.6565228907994256,6.108848530057571,4.138356827023404,7.150024427308954,5.834942831220907,5.944375784904474,7.182038623795942,6.619347293218091,10.66668357597991,6.188924247405772,11.113727088172089,0,217
2021-08-06,33.0,1,100027.078125,299.68206787109375,1.0631005764007568,0.927197277545929,1.410630223351323,1.1209240868382704,5.1856630073197065,0.9069126469067914,4.380000305175781,9.05999984741211,655.0,-0.7567138671875,5.0,1.1494176609616906,10.715179980431955,1.234557207811496,9.671846288372791,1.2377635519456274,9.612981354754767,1.2659190140420957,9.795896191861116,1.2854070183018176,7.225551517839593,1.1209240868382704,6.1045877827235255,1.8359113067385613,6.370913896850793,3.852640866154093,5.635543243199897,5.1856630073197065,6.477227081026537,8.605604580804446,6.9092104939040455,14.457914697956598,0,218
2021-08-07,8.0,1,100196.984375,300.6357421875,-1.8865063190460205,2.3418407440185547,3.007178771231591,4.255784686524983,12.313523350252742,1.8762436036882617,1.0800003051757812,10.04000015258789,394.0,0.28515625,14.100000381469727,3.3120001946204267,10.522255606310969,3.886857385943436,9.384970892710085,3.9357447323646393,9.792553424608348,3.915167746337943,9.375145649168052,3.9129015940966307,8.74549919399792,4.255784686524983,3.1750647633065032,6.712925060265423,6.85178093120036,10.009402899788363,4.24339821375458,12.313523350252742,5.118054925510415,19.093876970958277,6.130290191433347,21.53368514630275,1,219
2021-08-08,3.0,1,100385.5546875,301.9208679199219,-0.7339428663253784,0.9911864995956421,1.2333380753104861,5.413539782146708,13.395057173880708,4.6630214134485986,2.2800003051757813,7.280000305175781,1543.0,0.427734375,100.0,1.5957321397108046,9.77121865171849,2.263063105956528,9.650564106955535,2.8282319997355336,9.377056602425826,3.3863380885161827,9.238127466174682,3.93049574343739,8.732168303345999,5.413539782146708,7.384520824630714,6.531068650851076,5.147687480103689,9.406993533356472,6.450632536499776,13.395057173880708,4.962237541271025,19.25803249255378,7.265768807565874,24.4694094176761,1,220
2021-08-09,34.0,1,101003.7265625,302.13067626953125,-1.0582787990570068,0.09039062261581421,1.0621320450821616,3.128001276626919,13.09386650365064,2.6294699003206787,3.1800003051757812,13.05999984741211,419.0,-0.30859375,0.0,1.2000145916316673,10.299650937365147,1.5642020125503149,9.988056693258354,1.9213454257887785,9.49830685678211,2.280745764847248,9.327173187810706,2.5853979493681893,9.408840726428163,3.128001276626919,4.419725229864317,6.10688609539507,6.699827330435618,10.225584722403038,5.534155576016655,13.09386650365064,4.8285208396238595,19.956799825809618,6.742180778920471,21.991744637215376,0,221
2021-08-10,42.0,1,100955.3125,303.29998779296875,1.003942847251892,-0.647204577922821,1.1944768755536848,3.568181137587436,12.424592261943644,3.417868449143669,11.480000305175782,10.61999969482422,499.0,-95.601318359375,51.599998474121094,0.9315360554005162,10.22070868882815,0.7136665301340114,9.579874866587666,0.5110521298279489,9.031437903401294,0.46011726713716766,7.824672366696057,0.9463091135735152,6.430361091375191,3.568181137587436,7.347357934190281,6.34885626831151,5.857129922017362,7.5125276935294725,4.9739358847161,12.424592261943644,6.09443752800961,23.59636938357185,7.644050194972235,28.102135400178778,0,222
2021-08-11,41.0,1,100907.21875,305.1462707519531,0.27967286109924316,-1.0999438762664795,1.134942042648683,3.5344501552102594,3.027943847624832,3.504024377525447,8.88000030517578,10.359999847412109,1028.0,-10.1690673828125,0.0,0.9568557241547802,10.084716516862423,1.1461091517138378,9.572140670397935,1.582160504826054,9.405293678769556,2.0835481954092026,9.325177506121474,2.5784602064469127,7.866092905908343,3.5344501552102594,7.812387003583401,3.2919780269870476,7.685098364376335,3.3404109688313466,6.505051454530471,3.027943847624832,6.979622785670207,7.2674978831364845,6.168733993352162,8.606466569582231,0,223
2021-08-12,44.0,1,101150.625,305.34149169921875,1.581174373626709,-1.0257030725479126,1.8847225771577216,2.617224297728037,3.512655226949186,3.083636722497355,8.080000305175782,8.680000305175781,706.0,-16.2608642578125,1.399999976158142,1.4652701864430762,10.222449694434557,1.075092011501056,9.57715702578592,0.8359789818597815,9.398740819836064,0.9367758837943241,8.818927231865493,1.3278962683701185,7.469182064802276,2.617224297728037,7.788112023709944,3.2720156624864853,7.168608219969489,3.0700880882292343,5.677105279481185,3.512655226949186,5.688444087895585,5.587780157961076,6.511204633159878,10.451057537773528,0,224
2021-08-13,51.0,1,101327.203125,305.83050537109375,1.637353539466858,-0.3421313464641571,1.6727164946391915,1.1752778322584614,0.7364548474310403,2.8404766896460445,9.88000030517578,9.240000152587891,1502.0,-39.0723876953125,5.0,1.3640774601126298,9.91053097888233,1.0998228905972403,9.591383613972667,0.7895960125547147,9.585932374913574,0.4994671085817205,8.36201865377318,0.08732393565458287,5.19804484229694,1.1752778322584614,6.799273319869845,1.8309700193846339,8.048807070831208,1.647845901585014,8.191846701785067,0.7364548474310403,7.640978988282281,4.879123544697503,5.831662964009902,10.008600919929393,0,225
2021-08-14,51.0,1,101179.671875,306.76214599609375,1.8311327695846558,-0.8872973918914795,2.034783497452295,1.777015636376058,5.733522273704623,2.659087451762112,9.7,9.640000152587891,1183.0,-26.4171142578125,0.0,1.6929558515048417,9.892697012836761,1.2758790562449684,9.470915068596057,0.8290304582798746,9.356936003546995,0.6237866871395086,8.402731489010696,0.8120653236681619,6.581511074939909,1.777015636376058,7.173340068941204,3.4442171152975165,7.151894647926729,4.781182937768475,7.8328788490601085,5.733522273704623,6.0703722594495115,4.3445305500074065,5.279747949908904,9.099200482558217,1,226
2021-08-15,36.0,1,100674.046875,306.37078857421875,2.3929200172424316,-1.195468783378601,2.674922769156566,4.108408621530751,6.538001649254883,4.346521524865948,9.94000015258789,10.04000015258789,952.0,-31.2008056640625,0.0,2.493300390669177,10.598568258501869,2.1085721479208206,9.445424670126993,1.7722196301930326,9.365631445448608,1.8436493714890148,9.433217113557355,2.1389133915109095,6.44544661558671,4.108408621530751,6.4301348261860705,7.657640041045028,8.46074312061146,8.4830219522852,6.951016160914,6.538001649254883,6.596184718866823,6.815252553741664,6.791412642901728,11.579419252952711,1,227
2021-08-16,8.0,1,100130.7109375,305.87847900390625,0.1296044886112213,0.5905541777610779,0.6046086009471243,4.133809275877149,10.6559609074741,3.6921787317842,5.6,5.839999389648438,790.0,-27.152587890625,0.0,0.7445683161580926,10.603581447343444,1.4241245943706282,9.888300035149273,2.0168421188400685,9.828781748093775,2.602268171590152,9.222289001109164,3.166877018950793,9.360318731487675,4.133809275877149,6.53688459558174,4.5150661994726455,6.265309957378247,6.5310801522886965,4.682066980196796,10.6559609074741,7.401373120419865,14.113232773326553,6.22933565706335,16.374941979877857,0,228
2021-08-17,0.0,0,100580.625,300.4668884277344,-2.691418409347534,1.0890381336212158,2.903400955888799,4.062242145535105,3.498557345754676,4.967581140339518,9.04000015258789,12.11999969482422,0.0,0.460693359375,0.10000000149011612,3.1704888457407643,10.337231316062168,3.305840304043897,10.090151956536728,3.159555024735664,9.553338189074053,2.957881701176282,9.378301932693326,2.8247475833311237,6.665057126900954,4.062242145535105,7.007359157876108,3.6225844177096373,7.288736935839368,2.863024410740942,5.181169723426378,3.498557345754676,5.000966308186441,9.68514652084658,6.507284275046521,15.124335738810553,0,229
2021-08-18,6.0,1,100754.1796875,299.6868591308594,-3.023933172225952,0.5980273485183716,3.082500371397289,3.4299293209618407,7.665965874557401,1.1906443259478112,6.480000305175781,5.619999694824219,1.0,-2.9388427734375,1.399999976158142,3.5417931856248677,10.568418868331312,3.8043778795850502,10.54502189473364,3.798097983710905,9.360261516374894,3.727124974185136,9.551446814206301,3.6342961581163786,9.285999190096355,3.4299293209618407,5.673246310157578,4.497910273547913,6.90496467489806,7.114448717020475,7.274742023140007,7.665965874557401,3.232949345505123,8.251969026404531,5.090697770239182,16.76767176960985,0,230
2021-08-19,42.0,1,100681.6015625,300.5353088378906,1.7579858303070068,-1.1487377882003784,2.1000268297333045,0.2737063379686808,2.0446129828451203,2.322685189568463,5.1,10.180000305175781,9.0,-2.6103515625,0.0,1.7140075376108823,10.799134805273187,1.3513287049859306,9.797057191350712,0.896303387240044,9.699782906839987,0.42098300401540706,9.55685139392879,0.08315644194097366,9.255480351550661,0.2737063379686808,7.782585251764394,1.0088118170306164,6.392472843515202,2.056469158972127,1.9495095767518251,2.0446129828451203,3.5475345153724125,4.578783344973695,7.15304780235215,6.109214642489245,0,231
2021-08-20,55.0,1,100745.671875,302.52423095703125,1.3791357278823853,-2.221811532974243,2.615045285263533,1.1339481353558631,2.582247268007222,3.7279293099957562,6.4,3.3,0.0,0.3369140625,7.400000095367432,2.346783575196734,10.515791400999557,1.822747809283905,9.644461178495549,1.134739548372003,9.73079557647916,0.3981817778599359,9.629106454546019,0.3103159669453946,9.449186426273052,1.1339481353558631,8.891332833581403,1.4928740351783105,5.575117370892019,0.7241008273703692,5.658282981357303,2.582247268007222,4.785456415843856,3.734103095427008,6.823906427101052,5.866111136044596,0,232
2021-08-21,46.0,1,101016.1015625,303.42266845703125,1.8151123523712158,-1.1892162561416626,2.1699926625687382,1.822598898409646,4.092646435951278,2.8622082260004427,5.380000305175781,6.880000305175781,169.0,-16.158203125,99.0999984741211,1.7966077224946924,10.259582552271334,1.5361877009662461,9.598001485599516,1.3173833991322286,9.921033532480646,1.3062231559446111,9.83102241188919,1.4687667703429417,9.244691337022546,1.822598898409646,6.912748319237387,2.6046963884391032,5.634382770395546,3.4086375353104956,6.10005030924884,4.092646435951278,5.852108555979876,4.8499485167452425,6.475397986886123,10.135786837658353,1,233
2021-08-22,52.0,1,100834.3125,304.5038757324219,3.084423780441284,-0.5190600752830505,3.1277936982967,4.65054067936154,5.788078457777158,4.079528691126479,7.039999389648438,6.980000305175781,83.0,-9.4691162109375,100.0,3.3981717064740433,10.30379216197899,3.511893127446371,9.681439380033309,3.536737502078904,9.574957014621578,3.6808398365567556,9.519600757856905,3.912902351067016,9.375367678584604,4.65054067936154,8.175616386298666,7.042105621222009,7.503696805932367,8.159271527338015,4.520710974990936,5.788078457777158,6.053524596889154,6.053080963322271,6.343502128112729,12.070155489397447,1,234
2021-08-23,0.0,0,100897.296875,294.4217224121094,-2.694899797439575,-2.091506242752075,3.411287628112113,7.155370870188932,3.0766284666655963,4.490371055268431,4.780000305175781,1.9800003051757813,0.0,-11.73974609375,94.4000015258789,4.4609742487010156,7.784933529618982,5.212026979634235,6.625385016871915,5.038963465729989,4.402928717414959,4.450735004522743,4.848892359834492,4.097482697707406,7.475427695982756,7.155370870188932,6.339994505168652,6.072568830001927,5.440761313533395,3.116878261804314,5.199940358483766,3.0766284666655963,5.9464031353153635,9.309007720443875,5.861199012245853,16.098065831572722,0,235
2021-08-24,8.0,1,100756.828125,302.2273864746094,0.007883301004767418,-1.9034302234649658,1.903446548247316,1.567703233279645,3.406775267149011,2.5630362830435724,8.519999694824218,5.260000610351563,23.0,-5.504638671875,5.0,1.5649943533675907,10.920627931301974,1.294824031856324,9.766402029343022,1.1111262443319887,9.81548819410261,1.1239631521054798,9.655332298522838,1.3078165931026964,9.432790955198838,1.567703233279645,8.935095320874844,1.7064460838955668,7.737280716200588,2.329425348609079,7.063844190055388,3.406775267149011,4.756827075900154,3.483016406606432,6.0881213809254096,6.672611269330372,0,236
2021-08-25,31.0,1,100740.609375,300.20001220703125,-0.4917626976966858,0.32342529296875,0.58858684234176,1.1805220639870322,6.902928410309214,0.637482817906992,5.7,4.480000305175781,15.0,-2.691162109375,4.400000095367432,0.5698801084026808,10.493192939682203,0.7608172292635584,9.79957830140371,0.9207747825350749,9.867252681565216,1.0886429131531414,9.896336189293395,1.187536299783078,9.416289000943475,1.1805220639870322,7.9827822153594985,2.636154243906813,6.988452848455651,5.6651654227373065,5.88223084495726,6.902928410309214,4.231868271209388,4.259443297830387,6.493586240751439,4.952010652773861,0,237
2021-08-26,49.0,1,100203.84375,299.6097717285156,2.6850976943969727,0.9446850419044495,2.8464327599389994,3.787146135815079,5.137131866143144,1.5662719069836757,4.519999694824219,13.219999694824219,8.0,0.427978515625,54.5,2.766903313034883,11.057555604864817,3.259801464584962,10.131446201348906,3.421333083537893,9.908086820005376,3.555949891254218,9.763014521358643,3.675872637449716,9.451858756727622,3.787146135815079,8.915423001597002,3.773841421012465,2.9928216199723314,4.208088009660066,3.3127787554283525,5.137131866143144,5.978027011233526,9.275103144025204,6.460973289764476,13.22118872506793,0,238
2021-08-27,51.0,1,100360.6640625,297.7455749511719,0.5746631026268005,1.7895824909210205,1.8795859047491672,2.1456347827652085,8.744460982065485,2.7897428219988214,5.2,8.680000305175781,16.0,0.031982421875,7.0,1.5579411933128988,10.926448518933492,1.5656147152670326,10.146312328773117,1.5506580907649254,9.888156303625827,1.6525452787030595,9.705956693908501,1.8456776265326662,9.480456740877523,2.1456347827652085,8.943271122607984,2.3688890561163882,6.153290650775704,4.950003473795946,3.6238475464674997,8.744460982065485,5.90947562315289,16.16441252382258,7.351340663248132,21.255288614941573,0,239
2021-08-28,1.0,0,100346.953125,298.2388916015625,-1.431789517402649,-2.050551652908325,2.5009564777079136,2.9570237432641124,4.652846374038016,2.066190829333872,7.1,2.519999694824219,91.0,-0.0277099609375,20.5,2.3982804019981834,10.645534302032068,2.627594872885977,10.28707190262784,2.6571953974685183,9.659752278178999,2.719211642357955,9.721221596277942,2.7996342541186783,9.48643252450347,2.9570237432641124,9.304163716523254,3.095914869951148,8.06550624926621,3.364163121078424,6.756464815265353,4.652846374038016,5.886330929423072,5.8925238746248185,6.413974290172929,9.71475294973199,1,240
2021-08-29,4.0,1,100457.03125,296.88702392578125,0.7412353754043579,0.5918774604797363,0.9485509000442629,0.96766764234642,6.706373364065135,1.2444228004600872,6.519999694824219,6.680000305175781,161.0,-15.2532958984375,24.700000762939453,0.805428184184388,10.20997466304987,0.8474383031524816,9.980729744271079,0.7985703015664056,9.796630893383654,0.7056010990639211,9.657213332536848,0.7455844899273197,9.406972523829932,0.96766764234642,6.8509679380712,3.9796787549870376,7.76567295296917,6.030027496079733,7.378471644382197,6.706373364065135,6.474099637916084,8.620305519362686,7.823069760799663,10.281368990789424,1,241
2021-08-30,8.0,1,100566.640625,297.054443359375,1.425046443939209,1.2346069812774658,1.8854738835642466,4.3762925379981334,8.919081642112854,2.538171571654003,2.9399993896484373,3.7800003051757813,41.0,0.2947998046875,99.4000015258789,1.8533684606693408,10.509578820952182,2.2624384306305405,9.958264455508726,2.5913347131909514,9.873513091143657,3.011020927873592,9.696185058662902,3.484372091031925,9.520073502383186,4.3762925379981334,8.329518037444474,5.653954024394647,6.201759679827209,8.906225252988236,3.9226152621983594,8.919081642112854,5.684689806817027,6.7405035193409635,7.06397666487544,11.971366059720602,0,242
2021-08-31,0.0,0,100855.34375,298.8105163574219,2.2203173637390137,-0.3429931700229645,2.2466538474814866,1.072813275014648,3.099144048993351,1.528961044784856,3.980000305175781,7.659999847412109,167.0,-5.36492919921875,1.7000000476837158,1.912470066852132,10.672592105130718,1.7993210388584011,10.058384389051458,1.6345577753907619,9.824437042357244,1.4892266650587602,9.642737836866841,1.3717035242619795,9.180615223094975,1.072813275014648,6.410315768850437,1.3788384281154378,5.447453127830498,2.6826649512669616,6.259222785687771,3.099144048993351,7.073856661697666,4.363901680703161,6.933059785126767,6.8056985375653865,0,243
2021-09-01,40.0,1,101237.390625,301.12109375,1.1588330268859863,-1.986301302909851,2.2996275459611084,1.4922479028107778,6.098700021358978,1.4394922579734615,10.259999847412109,13.84000015258789,0.0,0.43475341796875,0.0,2.034787454535914,10.351909122594023,1.8622392040801068,9.98403595733809,1.6308586538272465,9.860147846975424,1.4328198384883548,9.628762667569143,1.3131466500754867,9.444541000577141,1.4922479028107778,9.163045623565107,2.226204838869061,5.426055893337182,4.8976561378469885,4.908743140484881,6.098700021358978,4.709441569412535,7.05873099498669,6.254126247720308,6.692960522213637,0,244
2021-09-02,40.0,1,101581.59375,299.50042724609375,1.0618358850479126,0.2150585949420929,1.0833954245952633,1.7218086129790606,1.8172479571747764,0.7522733238485091,3.4399993896484373,15.0,0.0,-0.2637939453125,0.30000001192092896,1.1460028001509541,10.41843719552258,1.313423659438527,9.876091191579226,1.4745825175106206,9.78526071085186,1.6309294876481368,9.639893504130182,1.7420400506073717,9.397876392874963,1.7218086129790606,5.150439299129395,1.8020270529716462,2.5117479220711565,2.3392256829452998,4.432913874816147,1.8172479571747764,5.526563562757846,2.7847878936488364,5.709633959470395,3.9952940439919256,0,245
2021-09-03,51.0,1,101136.4921875,301.0841369628906,1.0781713724136353,-0.0616455078125,1.0799322557113307,0.4106400977134357,1.0708432976699638,0.6946909534154856,5.0,11.11999969482422,0.0,-0.348388671875,100.0,0.8885156184698038,10.330447121382374,0.8267700360164432,9.94963480174244,0.7430776186320965,9.921662458510369,0.6390265683578199,9.766633472879699,0.5360082582092154,9.463823224264807,0.4106400977134357,8.006604873445065,0.7582191330924372,1.6436471333054818,1.5648111824909925,5.4275106171077185,1.0708432976699638,6.030213310940901,1.854374643479629,5.9852488605860374,4.7862914536865055,0,246
2021-09-04,64.0,1,100754.03125,302.3601989746094,0.5135351419448853,0.892468273639679,1.0296688601029664,1.4978086737774015,1.0518546183486464,1.2985473189655858,6.580000305175782,7.659999847412109,7.0,-2.351806640625,77.69999694824219,0.9140925842056611,10.683722501699636,0.9886182012198186,9.967552120697308,1.0709347792595059,9.949008531621708,1.2330901636111382,9.738409132277608,1.3429407014093104,9.481177035120021,1.4978086737774015,9.114025553575383,1.219837187590871,4.832331502428766,0.1534505999568141,6.403654817999842,1.0518546183486464,6.098778490691317,0.6734441973631317,6.163075118390754,0.8917161837522879,1,247
2021-09-05,0.0,0,101059.90625,302.29998779296875,-2.866816520690918,0.20215819776058197,2.873935437727888,2.49603148614788,4.969277313868178,0.38366108937969,7.880000305175781,16.220000076293946,10.0,-0.317138671875,0.10000000149011612,3.1587887041254725,10.54453783453593,3.225796396261659,10.08781334034731,3.141601117060026,9.900088515070227,2.934420290554646,9.756124198355197,2.8443023764184296,9.530723536735664,2.49603148614788,9.406427198317031,2.3751711522300676,8.821292353986586,2.5923507494143507,2.7761591536258057,4.969277313868178,6.315840650874661,4.317674839058561,6.3756832440432385,3.7712817509651777,1,248
2021-09-06,23.0,1,101418.3046875,301.55975341796875,-1.5076684951782227,-1.720788598060608,2.28783253114566,1.5882008468696127,5.367431483636021,1.3297566117684254,7.819999694824219,12.88000030517578,0.0,-0.064697265625,0.0,2.20459135086588,10.31389655430301,2.1458721215920473,9.951814702465636,2.051657213781574,9.886149344099556,1.8618038497812652,9.781867917277397,1.7887361539351077,9.563793662185795,1.5882008468696127,9.47479965512459,1.5513805399073186,6.913461752155747,2.9142984093102995,4.409994901676758,5.367431483636021,5.929531292760562,5.648174452588043,6.240986738749534,4.560147906827141,0,249
2021-09-07,3.0,1,101400.65625,302.370849609375,-1.5076855421066284,0.1169116199016571,1.5122116322609702,1.2123527754382648,3.2843603670214727,0.42777851919516846,8.319999694824219,13.920000076293945,0.0,0.41748046875,98.9000015258789,1.4787845030973095,10.224706954120064,1.473324372097403,9.970598183148665,1.4501116996668149,9.917725529989202,1.3949829221226877,9.76750812190171,1.333893350063375,9.563798116856388,1.2123527754382648,9.460157248873722,1.0340525833453984,5.879238316404874,2.9052832297306885,4.245419104675127,3.2843603670214727,6.550498661427962,2.2054828820234413,5.7809812961231515,5.8509855196396865,0,250
2021-09-08,0.0,0,101224.03125,301.61358642578125,-5.221563816070557,0.3200134336948395,5.23136093985518,5.067129218932563,2.1060166940484257,0.8266547287944755,11.11999969482422,16.65999984741211,0.0,0.3536376953125,0.0,6.527910174459572,10.712019102506956,6.723075768418488,10.05687588345076,6.534924518275071,9.859423074106767,6.182899597041707,9.616828568555732,5.778991297419673,9.428246036752988,5.067129218932563,9.38872432813848,4.80156297463107,3.196525258654019,2.761169282347504,5.718758351356642,2.1060166940484257,6.883296653801404,2.106159719996731,5.543614453983053,4.105869958773841,0,251
2021-09-09,34.0,1,100862.2890625,302.82269287109375,0.01732788048684597,-0.35838013887405396,0.35879880069692627,1.426880185747046,0.2436506300143548,1.5758601960391514,11.4,16.7,0.0,-0.41455078125,25.100000381469727,0.32183177154461395,10.604972321097987,0.4119388943748678,9.969738802281833,0.6052061239833205,9.875221510097463,0.9010195408327817,9.79339382168689,1.1815529087516072,9.550121840369531,1.426880185747046,9.187403066794667,1.3970131383845505,3.2629049822248595,0.789285667490683,6.1708653526926724,0.2436506300143548,5.944987078362116,2.4449681191966603,6.392742546401349,2.251596275035947,0,252
2021-09-10,30.0,1,100877.15625,301.9097595214844,0.788989245891571,1.7343261241912842,1.9053585319264486,1.9078073040101124,0.9388104345546929,0.34392180148264884,9.759999847412109,14.55999984741211,0.0,0.26611328125,5.0,1.8101762424190546,10.60205969420567,1.9086121468325827,10.05894266697481,1.890926604393925,9.907876736785404,1.9614703711535997,9.73801129442626,1.8360703487504608,9.461623061610329,1.9078073040101124,7.969992248304028,1.582868503439324,3.5723490919339813,1.2884485699121901,7.0178173612841475,0.9388104345546929,6.374970899402468,1.9879194859342824,5.960412733767263,1.7064256634981,0,253
2021-09-11,25.0,1,100845.734375,302.86260986328125,1.2733105421066284,0.7759765386581421,1.4911268642163709,0.5646032572190239,3.805827932987482,1.6805137274850386,9.65999984741211,13.4,0.0,-0.3380126953125,5.0,1.2207866425335157,10.674190005117866,1.1032202387930992,10.011629500187976,0.9305540013904353,9.828114013967243,0.7847065545414175,9.688062231558805,0.6158246695580232,9.287267340754758,0.5646032572190239,5.587838835688038,3.118935358278271,6.689658520922267,4.731098270010547,7.4406826017517265,3.805827932987482,6.738071348363409,1.2182191803495432,5.829934577936902,2.6866030668996514,1,254
2021-09-12,23.0,1,100753.6484375,304.3999938964844,1.4221142530441284,-0.06949219107627869,1.4238111227729053,1.091506283290138,1.452359965711788,2.1990612738124553,9.259999847412109,5.760000610351563,1.0,-0.68603515625,1.7000000476837158,1.1135695837750366,10.826787913657121,0.957391300456896,10.011836925333501,0.7766459063552391,9.95263108847409,0.6705037100159297,9.813971676047373,0.7342231391700544,9.649246575720106,1.091506283290138,9.485443302218254,1.1843599988786757,9.122180414875416,0.9861300469469139,4.925429872927972,1.452359965711788,5.801570955416039,4.257621835694587,6.07688341048664,4.504527951663825,1,255
2021-09-13,18.0,1,100794.4375,304.21185302734375,2.5857324600219727,0.9375683665275574,2.750463014971195,2.2438938299046023,2.4512752196693848,1.4266814595382813,9.680000305175781,4.660000610351562,0.0,-0.0882568359375,100.0,2.624747334432295,10.70221298610628,2.7140435566904504,10.031911561033422,2.63205705946057,9.885960153764072,2.521872085752232,9.760394553225737,2.422600617417679,9.482356073637687,2.2438938299046023,9.399241374696006,2.1740619567534645,6.406048358699837,2.240048217620893,7.495571422066786,2.4512752196693848,5.654164557338971,2.2461772153102486,5.6390742335598185,4.162903834386466,0,256
2021-09-14,7.0,1,100861.015625,304.5332946777344,3.008352041244507,1.5817041397094727,3.3988189109798235,5.092829834218714,3.9895390674782956,1.70430333891047,8.65999984741211,8.180000305175781,0.0,0.03652343899011612,2.799999952316284,3.7756821514256806,10.772234831529895,4.209004588153004,10.08810053133947,4.418636950623418,9.86187695008031,4.614586378249655,9.757714345236238,4.796866016896493,9.493866411850933,5.092829834218714,9.392998282353307,5.284014826607203,6.191633150768921,5.679859154649769,5.314307647395907,3.9895390674782956,6.018000006323141,4.072493642373562,7.041001301705334,6.344445412964718,0,257
2021-09-15,0.0,0,100786.6875,303.12847900390625,0.602368175983429,3.013850212097168,3.0734574212758745,3.0509859896736544,18.376982340796275,1.7421152534709219,5.539999389648438,4.560000610351563,0.0,-0.0592041015625,100.0,3.0924454989071624,10.798702148741574,3.1240529945008437,9.965009256330866,2.9701616314286996,9.828593753830798,2.8430341900569,9.594601514095926,2.8037551745884386,9.362499485807794,3.0509859896736544,7.349117207540843,6.544026605029068,3.0674054542269467,12.844314223773159,5.668288642716638,18.376982340796275,5.702281089122731,13.387276358858168,6.378899476364582,9.761826441291149,0,258
2022-05-15,24.0,1,100977.890625,301.08380126953125,0.8579956293106079,1.4165966510772705,1.6561710575177444,1.6055159167923323,3.303826752727945,0.4573847183263202,4.219999694824219,6.560000610351563,592.0,-1.836181640625,66.5,1.5112290640948112,10.225360172170559,1.5779785849295551,9.91265936775279,1.5888151122272096,9.799050465527475,1.5763916866990404,9.629215081466372,1.561663478153817,9.407369882187442,1.6055159167923323,6.715572759081152,2.5859957385834367,6.81277892414366,3.327035732865876,6.027182086389483,3.303826752727945,6.189961863244392,4.352648441241339,6.861435829312387,5.905463750982486,1,135
2022-05-16,2.0,0,101042.28125,299.77215576171875,-0.3824438452720642,3.973950147628784,3.992310492762971,4.5347353512074315,5.756818781824509,3.431491145541559,2.519999694824219,8.84000015258789,611.0,-11.4869384765625,94.80000305175781,4.488558216280218,10.272775322805394,4.289419706208344,9.730460468733156,3.886754839625707,9.548491449854886,3.5341297899245565,9.406288621484402,3.415006080435802,7.691196731291976,4.5347353512074315,5.33540223821691,7.470454564504805,5.741637319909293,7.5121258274450184,6.136748300424151,5.756818781824509,6.995979833766335,4.061966026000518,7.085954276511669,8.175492311189588,0,136
2022-05-17,9.0,1,100953.984375,300.2579650878906,1.344724178314209,1.612697720527649,2.099780239343608,1.2714081954943919,9.18894867292082,1.0698917277148985,7.1,2.9399993896484373,310.0,-13.214111328125,5.0,2.013066320029999,10.344460840919279,2.1811801511735176,9.915091644427473,2.2117478942561344,9.64585104024978,2.1895638984504235,9.499255522583525,2.0814856662196974,8.39415883089652,1.2714081954943919,6.61825328556437,2.789432727772372,7.8586942919555165,4.941913686080521,7.4873717511754325,9.18894867292082,6.0304423528103115,6.995262164175604,6.118787428619629,12.745626640918704,0,137
2022-05-18,0.0,0,101483.796875,299.2179260253906,-0.08283935487270355,3.159543514251709,3.16062930081428,1.2584385164539191,10.762617818030565,2.235907467286038,1.6399993896484375,5.380000305175781,328.0,-0.4429931640625,91.0,3.4263692320280743,10.123908145539769,3.2177335793674287,9.803637456025672,2.852064352208127,9.664995431768027,2.4532190378131467,9.461982737915479,2.0332900035476933,9.358679399408249,1.2584385164539191,8.21250449237774,1.5296656585023432,4.436488025254816,8.395112424885568,6.134410855269352,10.762617818030565,6.051911474852175,9.856247145184337,6.115552565074067,14.995174340774268,0,138
2022-05-19,60.0,1,101887.46875,297.847900390625,2.8862109184265137,1.1204736232757568,3.0960740634069337,3.5350805581542484,2.416747418876531,0.44294920764654383,6.780000305175781,11.780000305175781,0.0,-0.2200927734375,5.0,3.6751258137023566,10.060466066546166,3.723954730747006,9.831902035383665,3.663585356158999,9.507727382028921,3.557840720496536,9.37694842084941,3.480313388497161,5.503743925317682,3.5350805581542484,5.042655134728011,3.731582288917439,4.287037339420804,2.7235313467146143,4.4978215348157,2.416747418876531,6.725066146156691,4.9375690499207385,6.263297600516088,6.959658913679275,0,139
2022-05-20,57.0,1,101735.984375,298.5487365722656,0.8561035394668579,2.0044140815734863,2.1795846119611335,2.04395295414047,3.560905951051985,2.3840358023511743,5.760000610351563,12.7,0.0,-0.298828125,5.0,2.1824481201744033,10.113073663950624,2.2602032565337593,9.852302851186804,2.291768045488214,9.617402617801188,2.298416580627616,9.280448798829111,2.265548995295306,1.2779081306801732,2.04395295414047,2.5498095511880403,1.4857034591695937,5.504498123795449,2.8662326983327993,8.11264465620672,3.560905951051985,7.276081316213631,5.634550086932651,6.349401222878074,6.005966789067967,0,140
2022-05-21,66.0,1,101021.78125,299.5025634765625,-1.1933544874191284,2.1385838985443115,2.4490071506135616,2.3823034859434777,6.485992319106093,1.295823683470207,7.619999694824219,9.54000015258789,0.0,0.310791015625,100.0,2.2154936275321733,10.344623804371153,2.0752470893726613,9.871000301281253,1.8209080436516176,9.608176863363017,1.6068553872209352,9.29101795092718,1.5630854738980133,2.419657128308132,2.3823034859434777,3.2299969911310003,2.559375175758971,6.010183861304861,1.7865730539190519,7.4480915984598335,6.485992319106093,7.6541224015968,7.1957863662350405,6.022119759260887,13.459606145593808,1,141
2022-05-22,55.0,1,100404.3203125,300.98089599609375,-0.015080566518008709,2.6308300495147705,2.6308732719225367,1.954897052307065,8.946438311741648,1.3616994171493244,0.38000030517578126,8.45999984741211,1433.0,-16.895263671875,100.0,2.5713570875956298,10.515051124946307,2.5857364064288015,9.917452218661037,2.3877980167169763,9.706177172602766,2.1865839234437714,9.472648272696508,2.023033665502293,9.129728321753214,1.954897052307065,2.954066735356296,4.962833339084909,3.2854681464972453,7.413842263400926,8.287852091864872,8.946438311741648,8.651502296470115,15.772254760907702,4.888871169549148,23.08339141309087,1,142
2022-05-23,2.0,0,100066.0,298.7322998046875,0.22792236506938934,3.4353296756744385,3.442882307757305,4.187933035429409,11.79565942826487,1.1922917376612725,2.2800003051757813,5.9,919.0,-3.7745361328125,99.5,3.6246822840807367,10.107120602824043,4.623219807933078,9.611799105002527,4.617501285636077,9.520520575235212,4.47269487787718,9.260194150503072,4.362894278125236,6.169804381886055,4.187933035429409,5.448808162072393,5.378754072264331,4.459372425501701,9.187810530967957,5.129359592556014,11.79565942826487,7.260689492589781,14.739317463658251,6.947200095401212,12.614600453937815,0,143
2022-05-24,6.0,1,99979.140625,298.00347900390625,-2.299497127532959,3.829836368560791,4.467139313865557,4.369311636119801,11.112004114935718,1.0514545236952586,4.6,8.280000305175781,373.0,-8.9384765625,99.69999694824219,4.3392851033149205,11.337443837173922,5.252412982202058,9.714668467339926,4.891753190388086,9.306008012425433,4.493690778027669,9.167183042986041,4.2951253245793,7.265956156799748,4.369311636119801,3.621465735585552,4.88251231799568,5.844108808824111,7.071675634581739,6.108960632515236,11.112004114935718,5.952014382477425,14.513407229860196,7.355357505833971,16.27265734216537,0,144
2022-05-25,0.0,0,100511.734375,298.0947570800781,-1.6866161823272705,2.3285229206085205,2.87518575717943,3.554208581257173,11.71856825893913,2.6113933306050394,1.0600006103515625,5.560000610351563,1273.0,-0.25006103515625,100.0,3.1855603784915307,10.154986679535185,3.4374411252147454,9.73005221119583,3.416662493876499,9.469797970532836,3.368691315474237,9.144979935219572,3.346986746231708,7.759797713185834,3.554208581257173,4.053471500789768,6.676291315183785,7.865530772441303,8.795878899880973,6.449162754812093,11.71856825893913,6.174242915375477,17.012507072680975,5.801035874905429,20.048911974224954,0,145
2022-05-26,12.0,1,101284.890625,299.4718933105469,-0.8020605444908142,-1.2659984827041626,1.4986838476603874,1.9260920648791064,11.622648752565059,3.260713063181311,0.8199996948242188,6.439999389648437,525.0,-1.129150390625,32.0,1.1967298201171719,10.056960178198082,1.0757656701029334,9.828699994053498,1.0028544060926183,9.663665789197374,1.0360720350292163,9.362989027163305,1.1177053699459034,8.200500284044983,1.9260920648791064,4.433615188223126,6.564615937427721,5.617718483907658,9.857573462693153,6.625542720855047,11.622648752565059,6.041096089045466,14.676368999445327,5.572073824343015,10.592329122548817,0,146
2022-05-27,6.0,1,100839.875,300.95855712890625,2.3437182903289795,1.2460254430770874,2.6543539381962695,2.733942914940782,8.127546737162147,0.15985692091672205,1.4800003051757813,9.580000305175782,1043.0,-0.3411865234375,38.79999923706055,2.7741982747360017,10.338317993102388,2.9040058143142904,9.852964674171364,2.85517841625185,9.722295375365615,2.778561192000663,9.521884693227994,2.7046761057010578,9.293452090729227,2.733942914940782,3.7805008529479296,4.960624399352351,5.8910280400687745,7.869312992216159,5.680669535520424,8.127546737162147,7.013430155599872,8.763671998802712,6.642575221781294,12.187855424115913,0,147
2022-05-28,0.0,0,100396.40625,292.8820495605469,-8.073290824890137,0.28770750761032104,8.07841570811942,6.7921047008489905,7.629375633578195,5.704804922825483,3.1800003051757812,0.2399993896484375,0.0,-0.0029296875,100.0,10.37790593813066,10.170701368992294,13.230856271724779,8.080508437606335,13.904483665583278,6.089423864974635,12.870467532033935,2.2126120076074343,9.717288561092246,6.015975134420351,6.7921047008489905,6.830965338398043,6.174665062790494,4.435166737486308,2.9736271118893995,4.773164613976566,7.629375633578195,5.584199618530118,14.881966866296143,6.673031049042348,13.465513097173,1,148
2022-05-29,0.0,0,100015.0390625,288.34088134765625,-2.383188486099243,-1.8325707912445068,3.0063105403797725,5.547645021312946,12.182801389330475,2.6888595593054228,1.5800003051757812,0.5,14.0,-7.4737548828125,100.0,3.0751891834278378,7.9157456204018395,5.468397946780058,8.711136557069487,5.729962512877964,8.316559364484258,5.484265047529191,8.501736052297197,5.3162145021810066,8.35273515166632,5.547645021312946,5.940957123026608,6.939446473810664,-0.46204292411075687,6.476331208009008,5.846661717532118,12.182801389330475,4.610370333098521,18.259448932388416,6.29418897319863,20.756965538865174,1,149
2022-05-30,13.0,1,100413.8515625,287.5672607421875,-1.603122591972351,0.13828368484973907,1.6090756422206418,1.7481554007945301,17.480027816154184,1.9165147733857109,2.5600006103515627,0.3600006103515625,0.0,-0.1240234375,100.0,1.9709401906592787,7.703128144661242,2.321508186847349,3.3356493669936453,2.282781050732791,5.608667259924039,2.2440715532182054,6.630085957426726,2.3731268669223415,5.6954266830837215,1.7481554007945301,5.520813289718427,5.357989036382705,4.932137822202777,10.888570546719205,4.051305711668211,17.480027816154184,4.952734220452552,23.40943323606733,6.98163215033273,27.831719246364912,0,150
2022-05-31,38.0,1,100720.53125,296.7621154785156,1.0503344535827637,1.1935986280441284,1.589930863041481,2.835362912599181,9.375582621564638,1.248954775615506,1.7,9.019999694824218,98.0,-4.596581935882568,1.100000023841858,1.4285440348428178,10.3837930178249,1.5016680967898246,9.922465367558168,1.5409360226585538,9.695282290081922,1.581916127457033,9.507815074414895,1.6900109989866452,8.594939397118388,2.835362912599181,4.780512483439488,7.575359560401001,6.018027141519665,8.802790697658564,5.392396757330899,9.375582621564638,5.445118235311747,14.942114591323723,7.085865823082183,14.101521597683927,0,151
2022-06-01,26.0,1,100791.2265625,297.4647216796875,0.3669775426387787,2.1751978397369385,2.2059370251204906,3.0182820079964494,6.09494381680784,1.396323668016345,2.3199996948242188,4.580000305175782,363.0,-0.069091796875,39.5,2.2570286108466084,10.160648160806101,2.4176089077079306,9.756744504172662,2.4723914476746365,9.578163253894765,2.522142107086518,9.415077348396828,2.5780549592429467,7.031631277928857,3.0182820079964494,5.365926638632926,4.3609116275869955,4.870550705712419,5.297270969519279,5.812710154966445,6.09494381680784,5.217748545721992,10.691941902553463,6.709581074748634,18.01935087907999,0,152
2022-06-02,22.0,1,100914.7734375,300.3986511230469,0.9897997975349426,1.5319067239761353,1.8238535714698996,2.8285802405586136,11.699324389850402,1.1425742347657966,0.3399993896484375,9.419999694824218,984.0,-0.376220703125,37.900001525878906,1.7455874559733822,10.287984174067645,1.9448701819465706,9.824197364440117,2.0619437277287256,9.670972333747956,2.220506150681618,9.413928238064566,2.3809511466660944,9.064027861327219,2.8285802405586136,4.120734730956429,5.634931266059365,4.391844902595927,8.62381420138274,5.015351091822423,11.699324389850402,7.598417670909788,12.430665116771936,6.516670378931609,15.818031584796643,0,153
2022-06-03,30.0,1,101061.6640625,301.62750244140625,0.06944580376148224,1.3952758312225342,1.397002993860003,2.895791584026161,12.385925017056094,1.7165566481855723,6.939999389648437,4.560000610351563,622.0,-26.646240234375,100.0,1.337690098265046,9.897720676245614,1.4452573667620654,9.747796973133228,1.5031687881852314,9.519075645118276,1.5513063007523529,9.385477724687474,1.6020924847553553,6.062389035733535,2.895791584026161,5.558433162261738,7.118314347884294,5.7461497200497735,10.162987546065438,6.935496772817351,12.385925017056094,6.413020965203424,12.756489894968286,7.492557401889263,15.252065356643467,0,154
2022-06-04,32.0,1,101010.6640625,301.4446105957031,1.0727343559265137,1.1031566858291626,1.5387376878060322,3.0002689863646013,10.436395368983494,1.4954173908753559,6.119999694824219,8.6,881.0,-25.69384765625,3.299999952316284,1.5032276513967782,10.597836035192845,1.6838563104730577,9.586506740287419,1.8330661558633392,9.592569565162224,1.967227535532102,9.352385569279308,2.0468659823678945,4.794207617634847,3.0002689863646013,4.158200847130057,7.342757626696245,4.960124566360029,9.203131604136109,6.571518340922769,10.436395368983494,6.550617932437557,12.27595237304312,6.899804156277117,16.352266216198792,1,155
2022-06-05,43.0,1,100675.078125,303.30908203125,0.4133227467536926,2.0337255001068115,2.075301207721115,3.7566340165971006,13.625094893226159,1.7723729085108215,2.6,7.819999694824219,2213.0,-1.810302734375,100.0,1.9588472400683536,10.187440739424485,2.117352010307747,9.965537795286629,2.2042939622943964,9.625926769514809,2.3158866583957227,9.385248608971622,2.4985645154446225,8.691128144862857,3.7566340165971006,1.7049113379545626,9.314502567885942,6.05611174298322,11.867548681792893,7.778026718108324,13.625094893226159,7.32864965463922,18.822686384662703,6.50905779392611,16.647876893463618,1,156
2022-06-06,89.0,1,100794.265625,301.98431396484375,2.1342530250549316,1.311769962310791,2.5051499773420716,2.571406329081377,6.166578535974307,0.5173738607327659,9.080000305175782,4.2,0.0,0.1668701171875,97.4000015258789,2.577564241141718,10.187189033517507,2.634185731274419,9.910913949121124,2.506900619871353,9.60316207119994,2.3740190655986435,9.504260861143008,2.3004560616288434,8.828609886153927,2.571406329081377,7.1991071887345965,3.6546168575735973,8.182968971446842,4.787617722402584,5.873957986285012,6.166578535974307,3.555737579172222,6.928637066323705,6.691884722872549,12.311765363136235,0,157
2022-06-07,1.0,0,100303.6484375,300.18499755859375,-0.6954931616783142,-4.099250316619873,4.157831633946885,3.464176987537035,5.538420268226806,3.8308025095199776,3.5399993896484374,0.3,349.0,-2.6669921875,51.29999923706055,4.590139667950635,10.789045281735083,4.950352397894754,9.411496982877795,4.5710862944127575,9.413765752922261,4.112627582120156,9.37354125572608,3.746988240480527,9.152579647657019,3.464176987537035,5.850070294392578,3.9755265693166186,7.042573180175706,3.921629895819265,7.524648104986475,5.538420268226806,5.42214237548871,7.523828411217477,6.143318300695683,10.43399661345086,0,158
2022-06-08,76.0,1,100197.515625,298.46002197265625,0.7131909132003784,1.6301928758621216,1.779373510869262,1.4809536230693126,3.515058708570309,0.7254211822684783,6.0,6.5,12.0,-7.0855712890625,4.900000095367432,1.6177677562240076,10.924774709318928,1.9398666655764425,9.710890712202682,2.0853150476449884,9.78261362699277,2.1824569072544038,9.608134712855527,2.187512005243476,8.716083452975809,1.4809536230693126,6.585686050165679,0.8270961438772507,6.389547125053019,2.155613844027376,6.180696953158618,3.515058708570309,3.91878659728036,6.52680188372453,6.720191709617048,8.91014947478475,0,159
2022-06-09,1.0,0,100045.265625,290.51300048828125,2.0619189739227295,3.050966739654541,3.682378022623536,6.737567113043258,14.881059769371175,10.307614078895433,4.560000610351563,0.38000030517578126,34.0,-97.72607421875,100.0,3.801081474700693,2.628356385452414,4.751464496593995,3.0948341466679268,2.958506733141382,4.7400707909184066,1.8897258172042228,5.981826381927496,3.262972659708298,7.658126104638554,6.737567113043258,7.809191517705092,8.698572091556764,8.602774518343477,11.057216187701256,4.776605046050037,14.881059769371175,4.667297049024675,13.563024682183183,6.109647275649357,11.82744915260919,0,160
2022-06-10,0.0,0,100782.859375,300.29949951171875,0.7129101753234863,-1.4755737781524658,1.6387674920045572,6.721069850337424,9.231433719133626,5.84102578501742,8.740000152587891,0.8199996948242188,9.0,-18.271240234375,27.200000762939453,2.0287104272804526,9.763479979487585,2.5701110567245244,9.468657775828305,3.339084127845813,9.453093632522068,4.21277606464008,9.380586312310042,5.190667229335453,9.452832143688191,6.721069850337424,8.308404597963168,7.919745491687442,7.994325712916609,8.711924225610979,7.363384064262579,9.231433719133626,5.292085072577195,5.633908966994387,5.517053931619658,1.3621751086496827,0,161
2022-06-11,90.0,1,101130.859375,300.90582275390625,0.15245117247104645,2.2508814334869385,2.256038250474493,2.99739333470789,7.023009928411517,5.089418815187971,8.65999984741211,8.819999694824219,0.0,0.0615234375,0.0,2.0984319598538077,10.138403034710887,1.9172335815532973,9.788658418366486,1.6053738890885483,9.598948217425335,1.2370499723867392,9.464740243424737,0.8520055392728366,7.848804511699156,2.99739333470789,7.308688835752249,6.31113940030942,7.3093152773080785,7.5348591841162715,6.655772400563512,7.023009928411517,5.111715010041028,9.822113167300675,4.6548723348648355,13.299158043713179,1,162
2022-06-12,73.0,1,101188.1484375,301.5806884765625,0.9703100323677063,1.9594653844833374,2.186551200384261,1.4578361935020678,11.943499402500455,3.5344832861971685,7.8,11.94000015258789,0.0,-0.2279052734375,0.0,2.0816030561608683,10.078300260516055,1.9656810006938545,9.78301962801594,1.745617554406037,9.577891935384045,1.4416667004872512,9.440990147753864,1.0764169925082403,8.822119678850262,1.4578361935020678,5.785616459085033,6.063504561862175,5.951801663495754,9.452678379013822,6.2214389840856645,11.943499402500455,5.562946715905521,6.492676042894702,6.746532515171539,7.266561384658967,1,163
2022-06-13,68.0,1,100691.578125,301.9685974121094,2.4243383407592773,1.4699779748916626,2.8351810589699626,4.393728551042474,4.058632151975857,1.7276184722165966,5.580000305175782,7.160000610351562,547.0,-38.6046142578125,4.400000095367432,3.240107074759593,10.374590226817638,3.6255594135627462,9.866678854389866,3.7967901506245867,9.623026238716276,3.9340696494020757,9.461734071973412,4.044629262309901,9.162345393736851,4.393728551042474,4.9800223795373935,2.7851788002299798,5.621720501918452,2.273402791762845,6.6930435539784305,4.058632151975857,7.336687784501972,8.283616391656873,6.500244383590853,10.08484774373344,0,164
2022-06-14,56.0,1,101102.015625,300.30078125,-2.217392683029175,1.8175342082977295,2.8670997382518415,1.6580973264415506,6.149570032044134,1.9307333771449495,5.939999389648437,5.419999694824218,3.0,-3.1134033203125,4.699999809265137,3.224184394712917,10.227057673962328,3.4399289186623743,9.854603084206559,3.4598976903340177,9.629113518415345,3.3860889167859187,9.46786854824451,3.190852268738748,8.336053939053542,1.6580973264415506,6.064780049839711,2.1300403173364244,7.145793773804583,3.742685162399422,6.612483218319105,6.149570032044134,3.959532254561704,14.813196913328335,6.6456944392362445,9.283904733463647,0,165
2022-06-15,72.0,1,101047.765625,301.20672607421875,1.624292016029358,1.686193823814392,2.341276182940944,2.582599382665189,5.520882879994585,0.4543634970984777,2.7600006103515624,12.55999984741211,832.0,-69.046630859375,3.5,2.447753436868849,10.195979266212378,2.6307465184924226,9.883332295196501,2.7087541683082237,9.748007328405565,2.757735712437923,9.501334397286193,2.7671004959891436,9.32570578761456,2.582599382665189,3.0422337011054785,2.380629391632895,2.8344200199131286,4.117309447964078,7.685061797204784,5.520882879994585,7.719074352285893,12.070505743139481,7.5043092866252135,11.830574340463885,0,166
2022-06-16,77.0,1,100911.65625,301.96337890625,1.555576205253601,1.5480029582977295,2.1945684061449793,2.849817190442604,4.440474747966826,1.0862936399685965,6.5,10.580000305175782,1241.0,-69.576171875,34.900001525878906,2.1268185973915665,10.261396819858424,2.32695362001217,9.858578903809272,2.4088389419001035,9.633812840602822,2.4593768793373605,9.405269535870564,2.476009881579649,5.071038623651087,2.849817190442604,2.3595514147819037,3.128130844514977,7.811661367070338,2.987853836703786,8.474137949535683,4.440474747966826,7.600280933174713,11.534386652132934,6.017609875957456,15.042188442380965,0,167
2022-06-17,94.0,1,101158.8359375,303.47320556640625,-0.11553222686052322,2.9722046852111816,2.974449257633193,1.6616032336252136,7.020727032557749,2.22179877735542,9.219999694824219,3.419999694824219,326.0,-10.1207275390625,100.0,3.4714089875877554,9.977011237421612,3.371028039269697,9.658162578713357,3.1082620501339404,9.564435883910834,2.8551474152490117,9.464563539047134,2.614999877543007,8.224770261860023,1.6616032336252136,7.783387863975926,2.7227551496420195,8.328979219603124,4.095470215910276,8.483768552268737,7.020727032557749,6.740787995228469,16.233674462085926,4.680654323556022,17.90697724623108,0,168
2022-06-18,84.0,1,101334.328125,301.52569580078125,1.9610546827316284,1.192629337310791,2.2952342374751264,0.6017961279683284,11.977897345816366,2.6678245762455073,6.119999694824219,6.419999694824218,2.0,-13.033935546875,91.19999694824219,2.2328668760422974,10.103056557570566,2.207310768108484,9.850150531466312,2.0936270118406717,9.62380315978781,1.9035502623032887,9.429340535188185,1.6985888065423063,7.296823886443084,0.6017961279683284,1.2742081024201952,3.8211231697348644,6.3480162244356135,7.840618465375808,7.8046325350595165,11.977897345816366,5.26894724084298,12.591199520668056,5.561057442255058,13.106835690960668,1,169
2022-06-19,71.0,1,100806.4609375,303.05633544921875,1.0454590320587158,3.0400660037994385,3.2148072874077904,2.9012233998905197,3.9022733554475066,1.7689876995837732,3.6,12.919999694824218,125.0,-158.007080078125,0.0,3.5287243834844464,10.425157915933683,3.575449588422115,9.81314273480803,3.3516821689997247,9.631824168384046,3.118923310256246,9.461423114965434,2.9555471600086767,9.197129569435415,2.9012233998905197,2.3872317043805453,4.116562679482622,4.448982445378606,3.929109909648756,4.546946360716668,3.9022733554475066,6.260628074246391,5.283736144916206,6.313235279636733,5.1208807539101855,1,170
2022-06-20,8.0,1,100491.21875,301.00982666015625,0.0032836913596838713,2.3153369426727295,2.315339271194191,3.195676889275799,7.709571770100956,3.0008894463797318,0.8,13.879999923706055,99.0,-300.554443359375,22.200000762939453,2.157897885633343,10.315596946320577,2.2519090853067523,9.900067603584215,2.2607242718391642,9.656609251609478,2.344554126827203,9.494760331572605,2.4905006334760063,8.899308582363783,3.195676889275799,-2.7826740950794875,7.26886479691428,3.352193323612799,7.482584576857338,5.622188110652127,7.709571770100956,6.564240064301968,12.626968333384381,7.270233912704617,14.539005684153032,0,171
2022-06-21,21.0,1,100451.703125,301.731689453125,0.4229809641838074,1.1861670017242432,1.2593272219885283,1.9977306460365536,8.892461057809056,1.599832954984728,4.7,12.259999847412109,1216.0,-147.18115234375,100.0,1.0668127269580139,10.192965382204632,1.0520130456894647,9.832988780623873,1.001347546505298,9.683063382060697,0.9466865396842226,9.496037607885764,0.9389898702853988,4.125335832552327,1.9977306460365536,-0.5955462085347192,4.530793494182984,6.181011952717899,5.746197954851472,8.517189635704522,8.892461057809056,8.64352497814012,13.412086854586576,6.994614175893578,17.232229166201275,0,172
2022-06-22,3.0,1,100402.125,299.2142028808594,-1.0429126024246216,-0.37333008646965027,1.1077193009781554,3.3108247790687857,23.668646202617214,4.356936865304311,6.880000305175781,5.119999694824219,1446.0,-0.6461181640625,99.9000015258789,1.2500845717808582,8.89350078044965,1.6378180542125689,9.62625616522293,1.863426285497141,8.903228667731062,2.092215771428766,7.981419039119434,2.0856077823671533,3.056678821676142,3.3108247790687857,4.6998196916306565,8.293115324047742,5.365600980634098,16.418684327970382,8.365659845345409,23.668646202617214,7.01390102693243,33.032193969665734,4.63502254951981,31.274135492565865,0,173
2022-06-23,4.0,1,100555.265625,302.29998779296875,-1.2021679878234863,1.7010912895202637,2.08300730825153,5.803386721147108,6.699843923560814,3.905902356850915,5.5,7.319999694824219,595.0,-8.09228515625,0.6000000238418579,2.0549795469675733,10.475676598725597,2.191674893603204,9.527852200751555,2.2450174756108274,9.486418750716476,2.444172261412461,9.235935971602519,2.9280234852497147,6.550839025255028,5.803386721147108,6.325595230015258,3.453221936003715,7.060147472539084,3.183859155623163,5.740520292991539,6.699843923560814,4.940824510061883,10.040869894153426,5.827093431673503,14.415177510393036,0,174
2022-06-24,1.0,0,100363.515625,300.9000244140625,1.7345287799835205,0.2720043957233429,1.7557267668643493,6.91058831801119,11.474535743826682,5.745325571674651,2.980000305175781,15.820000076293946,1058.0,-0.17559814453125,1.5,1.8937339807772582,10.361525364829204,2.5265583396878237,9.56457651459623,3.154429512211127,9.595793442648034,3.834542325186043,9.283832325413576,4.478329594611912,7.045492869191937,6.91058831801119,6.451506729956745,8.380033611265004,4.962225532788957,10.373939694661978,6.34716580273084,11.474535743826682,5.497131931166348,15.675954201475571,6.019135497334309,22.680713010516605,0,175
2022-06-25,7.0,1,100510.0546875,301.03424072265625,-0.9890210032463074,1.0057910680770874,1.4105949870483663,0.6997135061173096,3.1385462301962805,1.3710231011925336,3.6800003051757812,9.84000015258789,492.0,-0.4578857421875,0.0,1.2620828644803443,10.40482247648907,1.3065443695744743,9.685339854385424,1.2547529933267292,9.65516585328344,1.1664801906862976,9.467891734214868,1.0617334501794828,8.70753050357133,0.6997135061173096,5.800488401543452,1.3784090883166196,7.624951909463074,1.5379933220852537,6.059925599301576,3.1385462301962805,5.015046525440507,7.608205544532342,5.54708215061806,11.512751172999444,1,176
2022-06-26,51.0,1,100781.953125,301.85186767578125,-0.7791308760643005,2.0375096797943115,2.1813964832859347,3.809342631127611,11.714216700997149,3.9214104544471127,8.740000152587891,12.54000015258789,668.0,-16.8245849609375,5.0,2.054323365923154,10.20297856784117,1.9610594393376317,9.828362986314938,1.7406051582934026,9.477417653615037,1.5424420608312588,9.234797821842237,1.4064594718717394,4.565631174626755,3.809342631127611,7.579311725834597,8.380478056878113,5.947387024716102,10.330258045211584,5.527132875486246,11.714216700997149,5.529523600018979,14.79840058452007,6.399337865208348,14.805519571079735,1,177
2022-06-27,26.0,1,100759.8515625,305.13226318359375,1.1886303424835205,1.7658789157867432,2.128654607091685,3.9807938868763286,15.943690235136664,2.3591998517777033,9.8,12.180000305175781,985.0,-152.3699951171875,0.0,2.168787500455352,9.958195344262144,2.273856666423035,10.125240575360277,2.2598192523493132,9.32025901595514,2.240483373857096,9.562170079956529,2.2765942183254317,6.678869837987909,3.9807938868763286,4.805846965470282,4.015320297150441,5.340585222238051,6.249098434036416,5.149587097888013,15.943690235136664,7.7865078097884695,21.890922328171115,7.855172473866405,17.716136342701247,0,178
2022-06-28,3.0,1,100649.703125,307.28912353515625,1.0274755954742432,2.292534112930298,2.512253720913606,6.069344700946985,9.053808095632547,5.662856543174176,8.519999694824218,8.419999694824218,1441.0,-28.3414306640625,19.700000762939453,2.543042178195447,10.208700111227829,2.615033500480884,9.67111716186648,2.7326496836630785,9.505926276315286,3.0337839028966496,9.702615691816343,3.4339174466001476,8.541664000441035,6.069344700946985,6.238838336093536,8.358041318787931,8.099597440326422,9.570710095318587,6.499318403613163,9.053808095632547,8.321761804131421,14.439200416450204,6.767304091571669,11.168946583297119,0,179
2022-06-29,1.0,0,100438.828125,299.8420104980469,-0.9116650223731995,1.0565295219421387,1.3954883531416558,5.702657931149107,7.946193266566118,4.313439962876217,3.9399993896484373,3.0399993896484374,1188.0,-2.2474365234375,9.800000190734863,1.5009367803249947,9.607206556860879,1.7942263360752506,9.705497542559245,2.050027115433474,8.058579225041926,2.4975365774046314,6.520247882239117,3.4033803542831054,7.101960244698477,5.702657931149107,5.541684184942376,6.939426008206877,6.998241126297036,6.762613588624997,7.087846576278823,7.946193266566118,4.322088616350027,5.848284039114879,6.0761616826710725,10.251969531715108,0,180
2022-06-30,33.0,1,100479.4921875,302.4064025878906,0.17494873702526093,2.0758275985717773,2.0831868086129495,1.3353655767732073,3.2406968489241668,0.7661552506291013,2.7199996948242187,8.4,1700.0,-0.2864990234375,1.600000023841858,1.9718042109198628,10.26410070277569,2.0180351723009395,10.077778315620623,1.9294264713139082,9.462726526428925,1.8131143710568658,9.371046318290398,1.7024405540487402,7.978478990182216,1.3353655767732073,3.70022760025085,1.3185644571652884,6.17828010116786,1.981145629625226,6.241751519904939,3.2406968489241668,5.478561946881013,8.390014663543216,6.859288688401358,10.329026934849951,0,181
2022-07-01,27.0,1,100568.6328125,303.2400817871094,0.3912329077720642,3.2798047065734863,3.303056478685367,4.882331991401166,9.765046614464957,2.3302918585951273,4.519999694824219,10.5,1263.0,-10.64105224609375,8.0,3.667873844830795,10.596077646589315,3.7365466705769537,9.626905016139656,3.5314698700487726,9.543939685457206,3.3629768447626995,9.517309890973282,3.391706725644243,8.477239925832022,4.882331991401166,4.64891258911873,7.194967090606405,5.7877891661748775,8.115505071403899,6.158969703797981,9.765046614464957,7.603888575337713,14.437167080806166,6.892727025533973,20.87642254301864,0,182
2022-07-02,4.0,1,101070.390625,305.1363220214844,-0.5472509860992432,0.2845166027545929,0.6167927845148716,2.281516392022119,1.2895272221404428,1.6998010521829128,6.3600006103515625,14.34000015258789,36.0,-233.103515625,0.0,0.8815681254164752,10.135804016079941,1.3010474079639034,9.689528876207762,1.7097017943368722,9.483546498435118,2.082588763982671,9.832282852204344,2.327717194587541,9.316040112034282,2.281516392022119,6.733161946137562,0.427096626239547,7.73639173260235,1.7304752140616215,2.865218702813913,1.2895272221404428,4.425471763495671,6.765457580554498,6.085017095570967,11.643423967754437,1,183
2022-07-03,69.0,1,100904.140625,305.0038757324219,0.9718823432922363,0.7977490425109863,1.257361850872852,4.289798067474928,6.847313044431347,5.545702341370233,7.919999694824218,14.8,1590.0,-24.104736328125,0.0,0.9697090628526506,10.034391072471076,0.7884230814212242,9.585690064239241,0.521579090301988,9.570697772369533,0.18548271394688068,8.64266649539893,0.7257982475608767,5.057563501611729,4.289798067474928,7.6535212464388644,6.268987885255396,7.613160890824807,7.825362060677701,7.79344358680318,6.847313044431347,5.459452467190366,5.504992480324277,5.98176769430881,8.924234995359198,1,184
2022-07-04,75.0,1,100661.578125,306.6795959472656,1.8787720203399658,0.4707080125808716,1.9368402973709915,2.6717968258176725,7.042659200005734,3.419518262484403,13.84000015258789,7.160000610351562,1114.0,-22.079833984375,62.70000076293945,1.7429826805400541,10.079025867657224,1.5149830445047563,9.804473102671231,1.1844970887031396,9.342964963816584,0.940169842165305,9.16265601871729,0.9223721286793375,6.414783630456043,2.6717968258176725,8.270263808325437,4.6213657025749155,8.586514335005356,6.793122091787746,8.720251883484655,7.042659200005734,7.758173227009886,10.565343793200425,5.501125221854752,12.051045791132545,0,185
2022-07-05,1.0,0,100629.8359375,304.3819885253906,0.9696728587150574,1.076074242591858,1.448516906528285,2.276850406201189,4.075204316075273,3.5117300210590487,5.960000610351562,5.280000305175781,1440.0,-6.035888671875,6.800000190734863,1.0843104342034704,10.229624448062,0.8452780332000661,9.8151902864201,0.8112280495381265,9.636664496953253,1.0857369036209736,9.556890440699279,1.4542656525903443,8.883621812114841,2.276850406201189,6.868848060564745,2.4464108418832047,7.754781081422424,1.7386022933767327,7.0456267083422865,4.075204316075273,6.773127308166486,4.558097533767459,6.4108578337107485,9.226923017080853,0,186
2022-07-06,49.0,1,100979.765625,302.9543151855469,2.539494514465332,1.7739330530166626,3.0977202690986365,1.4651128056819596,6.412344564899034,1.983345475288758,9.180000305175781,7.8599998474121096,422.0,-6.513916015625,0.0,3.417353533570858,9.699904966732214,3.4173149316269,9.96879573633778,3.1654023437467416,9.549817975917462,2.882625198026072,9.445270204014225,2.5875141951340423,8.786357568249333,1.4651128056819596,7.59637674320789,1.0094485045709038,7.780069486495891,3.9759440053007378,7.793494073866134,6.412344564899034,5.869231006361294,8.44682802674933,6.156507719704697,11.51644826844664,0,187
2022-07-07,3.0,1,100785.7734375,301.2951354980469,1.360959529876709,1.5837572813034058,2.088180540097955,2.6407074681753344,6.349974084181584,0.5526946020900081,5.339999389648438,6.919999694824218,617.0,-12.33251953125,100.0,1.9904098329616837,10.754046005575873,2.163327377985224,9.500818710929371,2.205597491107469,9.796325082283946,2.2568599786995414,9.51943585530966,2.2805079724978277,9.024753948683655,2.6407074681753344,6.4381743947271275,5.357061175630014,7.4740688559700486,6.605368845434808,5.494482835560761,6.349974084181584,7.145369090329489,8.96334238457545,6.714921868801389,11.792502740347171,0,188
2022-07-08,2.0,0,101183.8125,300.95843505859375,1.8653002977371216,1.302646517753601,2.275133655624165,5.165507421021951,12.35439189314449,7.245076345723388,9.419999694824218,7.6400001525878904,25.0,-2.59033203125,0.6000000238418579,1.8199451859383466,9.936544482703352,1.036089245041128,9.487166193300725,0.6783294026583847,9.55208929593589,1.4356977964285556,9.371026211637552,2.504362683819618,9.291832152557781,5.165507421021951,9.302109267319222,7.785736417284914,8.439431371119493,10.409225343495368,6.897231043673419,12.35439189314449,5.276229001092658,8.572246373415897,2.8277913921096927,27.626978958110612,0,189
2022-07-09,34.0,1,101324.859375,299.1552734375,2.259580135345459,0.9939184784889221,2.468517030512355,2.333934312718669,11.463789330720088,4.756130461282948,7.44000015258789,9.0,0.0,-0.2845458984375,5.300000190734863,2.205776231254749,9.721330407372248,1.69762875836546,10.089154686081844,1.0914667463007783,9.6279179839374,0.47168495465636623,9.26806724912635,0.03540231409586314,8.617763654637043,2.333934312718669,5.4781577733674345,5.417744936862428,6.431122272653964,8.422430151710833,5.064669091848526,11.463789330720088,3.3714551530423567,9.862304295814722,6.656546921596558,9.775813217091963,1,190
2022-07-10,4.0,1,100769.296875,300.41107177734375,3.002326726913452,1.4699828624725342,3.3428753179114814,2.2318155583296932,7.206733198290672,1.1422768633119396,4.819999694824219,3.4399993896484373,139.0,-3.080322265625,5.0,3.6749615347700164,10.58298305759632,3.898562434353548,9.982649931926021,3.7611662773074266,9.53374353078314,3.5331926560261153,9.36901728544548,3.2254849211385985,8.288551122963767,2.2318155583296932,6.394675290548052,1.4394443314272714,6.563216374886539,4.398735481119671,6.920201862759098,7.206733198290672,5.900952833573846,13.270765850120748,3.4068746700879387,20.15836487758731,1,191
2022-07-11,34.0,1,101124.421875,298.3999938964844,-0.9953417778015137,0.4067407250404358,1.0752410297433304,2.784896989215257,11.193578934768748,3.307619380131657,2.6199996948242186,6.8,4.0,-1.9833984375,48.900001525878906,0.938570309822712,10.321429868417114,1.0322057136614495,9.97316234327654,1.2376439936803711,9.352265128652368,1.5331944431173323,8.691070620115873,1.923866466637835,8.333123530265937,2.784896989215257,6.027497016553543,1.9573575584793175,2.6027456868983103,6.129047016819554,4.649875776558989,11.193578934768748,5.309169869104734,11.180471629485375,7.4081002777131575,11.407280946697888,0,192
2022-07-12,27.0,1,101285.0078125,299.56243896484375,1.4295605421066284,1.2828222513198853,1.9207488831259583,2.3174338826202714,9.102572499166591,0.5177511486303833,4.519999694824219,8.419999694824218,211.0,-2.2730712890625,86.80000305175781,2.0461266238445153,9.949426489453247,2.2583463641561314,9.783212745182524,2.397098258499067,9.613653169558093,2.5725123909606693,9.22157672099483,2.6292993140021617,7.256483748710843,2.3174338826202714,6.420783569131165,0.670268502966675,5.004178615133474,6.168001694035015,6.566043162092219,9.102572499166591,5.728768990788447,10.442855138119542,6.277556710233214,12.481549783840748,0,193
2022-07-13,46.0,1,101499.7421875,301.0231018066406,2.684333562850952,0.7071435451507568,2.775914024262363,2.2202690467453143,5.633816752755283,0.7289683725713155,9.019999694824218,13.4,0.0,0.333740234375,5.0,3.163794155089748,10.12985939931421,3.221014181466615,10.188052801156699,3.169690510961623,9.375613795739394,3.0641538599847644,9.143378312743728,2.9473759020454837,6.196285808725477,2.2202690467453143,4.887136190942874,3.019450918039539,4.4571273951735755,4.562570396961249,6.939349250169417,5.633816752755283,4.682779396715636,9.874858601480183,4.0903242735375525,16.339015125254615,0,194
2022-07-14,33.0,1,101110.3984375,302.83941650390625,2.0249414443969727,1.7769824266433716,2.6940776525252317,0.9910197009560122,1.7043268038123833,3.6841397335695243,9.980000305175782,7.44000015258789,147.0,-146.358154296875,22.399999618530273,2.570568333300486,9.637735355600297,2.215339229555435,9.820346940957835,1.752520360354538,9.214358826353253,1.3022844675351906,5.553764453121977,0.49946380647414684,3.1454458013772917,0.9910197009560122,6.567302255528148,1.7059469935969807,8.310466779774575,1.5457387915683207,8.193721779616821,1.7043268038123833,5.9630552055538475,13.89864615543435,5.263378116146415,14.336097286813589,0,195
2022-07-15,1.0,0,100593.25,304.8509826660156,0.43317627906799316,1.5982666015625,1.6559280837093546,4.1888984567069905,4.8628369724505385,3.5216050541655934,8.819999694824219,9.859999847412109,0.0,0.06787109375,0.0,1.7274321717308405,9.717891682483582,2.114886533968522,10.05041856988766,2.472830610756861,9.726128901864382,2.8751958158178454,9.510557042699743,3.2344229712414734,9.152389887767331,4.1888984567069905,5.248291643142284,3.4078041668249424,5.262552724630519,1.7883599433019655,6.591869890256914,4.8628369724505385,6.941062682321797,10.051228032383067,6.507772660793199,14.792854493513678,0,196
2022-07-16,3.0,1,100775.1484375,304.5545959472656,0.015057372860610485,0.8771386742591858,0.8772679056927966,1.3851902450733975,7.260802854291137,1.7470630211742975,4.939999389648437,11.819999694824219,500.0,-50.220703125,3.700000047683716,0.7411421987713129,10.28701324807038,0.8215585313838931,9.873612271000137,0.9110032372750555,9.73331124904199,1.097130894494515,9.548379413854132,1.259804726126294,9.383421066782981,1.3851902450733975,6.084318124431966,1.6808268540710471,5.001455939078444,3.925515154983594,4.322033898305085,7.260802854291137,7.093407225974777,10.157611158193548,7.264400552996592,13.618644384942336,1,197
2022-07-17,0.0,0,101356.171875,303.6000061035156,-2.8978514671325684,0.4667700231075287,2.9352031241524292,2.5980384533578555,5.093081002624308,1.8695064644924204,4.619999694824219,10.7,95.0,-96.3292236328125,6.800000190734863,3.4689160534348167,10.186807265715716,3.4649499161062542,9.806573079018957,3.3363442734218998,9.613540789584786,3.204413104444128,9.4273936677241,3.1085980070837373,8.532414884710752,2.5980384533578555,7.030366834999533,3.2835060288981497,4.5614623549713915,3.6742838721699487,4.034259220336685,5.093081002624308,6.434905580399928,7.820842637169935,6.733339201278984,9.171544538375157,1,198
2022-07-18,13.0,1,101360.171875,306.06634521484375,-0.18483398854732513,-0.5239965915679932,0.5556401994971089,2.2519666160968677,5.862933687425596,2.225212105335819,6.960000610351562,9.0,26.0,-47.2630615234375,0.0,0.5766549988082024,10.153742683055798,0.8343548780607762,9.92629814672816,1.1820190922026155,9.842274796417076,1.5842251829400729,9.728396698359456,1.9443281064456914,9.524881875986548,2.2519666160968677,9.088656183790317,2.1123133288085536,4.110106403285358,3.714766565941662,6.093506477876532,5.862933687425596,6.024411880073608,7.475855413566162,6.544505312215986,8.525875891270005,0,199
2022-07-19,26.0,1,101197.03125,306.29998779296875,1.5100927352905273,-0.07981201261281967,1.5122003923205865,1.5179954333985595,2.364376268207204,2.9223004764379836,7.580000305175782,13.7,0.0,0.49462890625,3.5999999046325684,1.0464053772225068,10.426614612754305,0.704676077490494,9.43026125119473,0.47171456755129226,9.830317907728107,0.650441794401471,9.893672603936334,1.0143849424153804,9.604764934546198,1.5179954333985595,7.871533304881339,1.9719223373484498,4.5814670190901055,2.15536883030674,5.8935669616125255,2.364376268207204,5.111963345024293,6.0485444788900224,5.744004350007685,7.882622967389331,0,200
2022-07-20,29.0,1,101076.0390625,307.1999816894531,2.424738883972168,-0.638598620891571,2.5074223525467767,1.362217871833387,3.4547455974547523,3.5919029444186794,7.880000305175781,9.719999694824219,105.0,-197.8515625,5.0,2.1099962222028354,10.7188492039018,1.662220976219422,9.544126974712585,1.130086390972493,9.79317958610968,0.7198787205910759,9.87306442362837,0.7515004237353261,9.391391674577989,1.362217871833387,7.296511696716209,1.7374184323423305,4.503854603770464,1.4265408335052592,5.411056557715176,3.4547455974547523,5.9136654421664225,1.7073684035973147,6.029883954782019,3.0554120249582724,0,201
2022-07-21,35.0,1,100855.84375,308.5000305175781,3.3579320907592773,-0.38941895961761475,3.3804371096443484,2.254305781454221,2.7396487386537878,3.1859783436295297,9.5,8.95999984741211,229.0,-70.716552734375,0.0,3.371972978689012,10.668217886360171,3.149454153371143,9.945088049927728,2.7309732908097883,9.704207578427807,2.375383578330359,9.447814172877102,2.2037122480709037,9.191347233053786,2.254305781454221,7.242028340795843,2.541752205967901,5.967603620985362,2.592468824139231,7.285098547561278,2.7396487386537878,6.427571550362362,5.641970545564959,6.098280810274236,7.155207502494413,0,202
2022-07-22,30.0,1,100728.421875,311.3365783691406,3.027150869369507,1.688574194908142,3.466255212420782,2.7925296220609397,2.298123483111977,1.4436825727087605,11.280000305175781,2.9399993896484373,346.0,-25.5316162109375,0.0,3.717578369486366,11.0488375933957,3.917817178376135,10.080298106113514,3.7921591810234174,9.895713660801073,3.5856888781738574,9.789600668598679,3.324578270471762,9.59887727908969,2.7925296220609397,9.472520159574206,2.4745419150649615,9.475133539405052,2.3815369486830855,9.082393403400838,2.298123483111977,4.07149658315284,3.390554512592951,6.4980465623024175,5.02914725673898,0,203
2022-07-23,9.0,1,100606.265625,310.51458740234375,0.6986377239227295,3.2288818359375,3.303599942446884,3.2904991356608795,7.336623832131842,1.1950833846392472,11.980000305175782,10.6,43.0,-37.499267578125,5.0,3.5089133705787736,10.897687181497453,3.6387704398942238,9.974442466955175,3.4839728424922245,9.787963718316359,3.3038859379332934,9.61943800861342,3.1836053661518857,9.485216034514949,3.2904991356608795,9.387655755467145,3.6724190487438952,8.292855851568012,5.968122466488939,7.366933724074207,7.336623832131842,6.767851751539614,9.965568979776503,6.340240159040839,13.2432823604433,1,204
2022-07-24,0.0,0,100770.796875,309.49188232421875,-1.2927709817886353,0.4308837950229645,1.3626876590650345,1.2776763450258082,3.6253216685079144,0.9610101545058933,8.180000305175781,0.3600006103515625,462.0,-0.071044921875,91.0,1.3547031613854728,10.652052013791801,1.399236065494052,10.002077489161598,1.3635539088302957,9.903444100051948,1.3109607541466621,9.839865411227843,1.2635739527734926,9.649578393856297,1.2776763450258082,9.468769719360136,1.346103641514176,8.969158678486544,1.361351155877337,7.420766471765625,3.6253216685079144,4.608622985367442,7.624388699492279,5.880022333777625,9.846831282763103,1,205
2022-07-25,22.0,1,100449.6796875,309.50726318359375,3.7771387100219727,-0.03778076171875,3.7773276559894167,2.9057021909672947,2.4440564050213243,2.8817730301017233,7.94000015258789,9.15999984741211,302.0,-17.304931640625,0.4000000059604645,3.904281243856985,11.137146463324415,3.9926179560257657,10.097712763846408,3.704780928794389,9.848958469061888,3.3759775336067146,9.639772654224974,3.1072094038438487,9.435739986668125,2.9057021909672947,9.170365828869558,2.9969066651325345,6.19579541649498,2.866504475980686,4.852434444206187,2.4440564050213243,5.511998305364615,3.422923660341594,6.016749641380474,6.458864544815108,0,206
2022-07-26,0.0,0,100188.421875,307.50250244140625,-3.4245922565460205,4.947260856628418,6.016911342800616,3.4102201922990485,2.938446416997717,3.5511002770776137,6.239999389648437,1.0,1354.0,-1.0853271484375,93.19999694824219,6.644599813643013,11.99656018207507,7.748132698287118,9.888784869371515,7.229416704053066,9.506619655582332,6.3489009519341675,9.265022055518916,5.360855489674475,9.17528781420056,3.4102201922990485,8.980530117157583,2.531796520431384,7.630292860269458,1.4053172469313333,6.753691286375994,2.938446416997717,6.477124767611051,10.546611035342188,6.412654036433681,14.105031203095397,0,207
2022-07-27,0.0,0,100323.2109375,304.29254150390625,-4.398808479309082,2.77978515625,5.203529720540598,6.056681176991132,3.144035619488059,3.8908109543219997,5.480000305175781,5.719999694824219,432.0,-17.88818359375,98.4000015258789,5.740846066556137,11.344038198293333,6.519555559004261,10.05056484567299,6.524997009788339,9.799058444684084,6.473863326111895,9.483809206756996,6.393497479338044,9.404669385000647,6.056681176991132,7.577836376291696,5.673495458725408,4.349695604128802,1.9856431966587278,8.25167073813803,3.144035619488059,6.30551005209268,1.8133185034861363,5.8760349084860515,8.057271377719355,0,208
2022-07-28,1.0,0,100533.6171875,306.1778564453125,-2.8970775604248047,1.390173316001892,3.2133534258840304,3.1097787791667493,3.1807094940312908,0.5524688341581059,8.359999847412109,5.8,3.0,0.129150390625,0.10000000149011612,3.2596318401035957,10.984548042320178,3.598392628572274,10.143199836370401,3.601342923200964,9.986216454665348,3.5260722207325608,9.891692663620718,3.39493915614022,9.60538927394987,3.1097787791667493,9.41537626603079,2.9444795567833455,8.851508994952827,2.1459643168921407,3.942262084429305,3.1807094940312908,5.291783285997919,4.767570428537956,6.008498292639092,9.720899104406804,0,209
2022-07-29,17.0,1,100530.4140625,306.6666564941406,2.730300188064575,0.3214355409145355,2.749156220353524,2.555595247095896,4.866100723997338,2.1621180126668267,7.3599998474121096,6.539999389648438,312.0,0.1710205078125,58.5,2.4667233831076256,11.007544463367008,2.5148181670185092,10.11152442009385,2.413437763240469,9.946181788621784,2.3459527575704193,9.771667672048013,2.3434682920729353,9.509770317065923,2.555595247095896,9.366157597825712,2.815738491463901,8.160297366970546,3.73163723543486,4.8327046310692445,4.866100723997338,6.5592647205430366,6.659026805505687,5.301628156685459,11.534736120884299,0,210
2022-07-30,2.0,0,100610.921875,302.64068603515625,-3.155869245529175,0.829479992389679,3.2630580369726285,0.5755031875792017,8.248518211256707,2.7467501517516344,4.539999389648438,4.239999389648437,379.0,-8.9261474609375,3.700000047683716,3.2144936589038786,10.760254769000365,3.009129152564573,9.964499655854413,2.5116250026063995,9.606296429267655,1.9462283419364261,9.379889401226851,1.4374498981574144,9.048262248953465,0.5755031875792017,5.91913497128921,4.038789378130927,7.418396272359377,7.420416274632327,7.287980697982181,8.248518211256707,6.309176292415487,8.315527978901466,5.748583440651053,13.794395027294492,1,211
2022-07-31,12.0,1,100702.203125,304.825439453125,3.1319751739501953,1.145043969154358,3.334725503176704,1.3966281576645116,10.822121438435163,3.2237113506294417,10.140000152587891,4.719999694824219,0.0,-0.6798095703125,0.5,3.3480478759547063,10.694041905507317,3.148430290641545,9.928127843709778,2.6271598733563115,9.664677164206573,2.028117509730085,9.528233335716045,1.5088911734737913,9.313767789201085,1.3966281576645116,8.35053881875003,3.6816710900469567,8.829098469834102,6.330585432195139,6.904963371963045,10.822121438435163,4.858535593394347,9.286456880010077,4.644003187701606,15.91443913658316,1,212
2022-08-01,21.0,1,100591.0,307.23223876953125,2.2646851539611816,2.854667901992798,3.643889086846654,3.7631885343403897,4.479397705475071,0.6904984815469309,8.680000305175781,8.9,206.0,-5.6441650390625,0.0,3.9022190167421837,11.013359743478242,4.250495307708814,10.150131647216744,4.256730000929362,9.953924248340492,4.206636921787153,9.730835909992672,4.083879236376329,9.445425549257655,3.7631885343403897,9.34964928205093,3.3478260348817934,6.740420199108477,2.677543189262,7.362752880789747,4.479397705475071,5.844421556811615,11.744719210588789,6.272923972155455,15.343767517813522,0,213
2022-08-02,6.0,1,100776.4453125,306.8672790527344,-0.7190380692481995,0.03420654311776161,0.7198512572887859,2.0837958929355525,1.9268780649009558,1.3784095126667717,8.480000305175782,5.019999694824219,38.0,-7.920654296875,5.0,0.7778884026184587,10.621270281472611,1.0150188138971232,9.996405741810811,1.2412856579109661,9.867273736023138,1.4965970494389915,9.793745421865477,1.7450386457374196,9.56432477494572,2.0837958929355525,9.460027066981956,2.191789764719187,7.025000911028917,2.156274547131793,6.884578621633027,1.9268780649009558,5.940272910812977,4.560715023343988,5.302225319477409,6.272807677920235,0,214
2022-08-03,51.0,1,100816.234375,307.57916259765625,1.3365063667297363,-0.4573437571525574,1.4125907335514905,0.7599576510170916,2.3246960941377806,2.166585626095048,8.7,11.219999694824219,22.0,-0.4324951171875,1.7999999523162842,1.0897523922325374,10.715876142384433,0.9054262307795007,9.99107743101574,0.6257530857421705,9.905482789187879,0.29184695273617445,9.789104731411257,0.11298418955036726,9.606382989262288,0.7599576510170916,9.46174762389427,1.0825848494326396,9.122702078867817,1.1287159109640792,4.986194964399584,2.3246960941377806,3.367623707648718,5.7340061512847,5.365684777569746,6.80305836319486,0,215
2022-08-04,48.0,1,100699.4453125,307.93817138671875,2.4468090534210205,0.6571459770202637,2.533518379451191,2.0998247128121554,3.049860912280985,0.773602974050826,8.859999847412109,11.95999984741211,0.0,-0.427734375,0.0,2.359744546852558,10.7038263628092,2.4832762275124187,10.038623804147603,2.4404038856775965,9.947998656022698,2.358809236441497,9.751189951150579,2.2802751611775243,9.480295578049923,2.0998247128121554,9.284529370937783,1.8803709718842556,4.534933029383882,1.5084288959729084,5.038003236508978,3.049860912280985,5.832037098446441,3.828263463474446,5.553796676893793,1.97036994222549,0,216
2022-08-05,24.0,1,100461.265625,310.22369384765625,1.7197973728179932,2.648308038711548,3.1577267886021865,2.748540102607627,2.259355051986159,1.068735377895766,9.61999969482422,8.640000152587891,99.0,-60.3634033203125,0.0,3.1319082369428397,11.247763118889917,3.3481153534399426,10.179790671642918,3.2859384249129273,10.00927801008578,3.1782642079964383,9.903614488274927,3.0340996969208947,9.577855835460248,2.748540102607627,9.37539950067116,2.442265345106694,6.9127224120619255,0.788791572571704,4.810650082233878,2.259355051986159,6.644082880288322,1.4155563008314551,5.6466089670540045,1.9364719763548979,0,217
2022-08-06,0.0,0,100654.2890625,295.5194396972656,3.4556384086608887,-1.945620059967041,3.965712323045951,5.917236819300786,7.296079369559915,9.879992120531673,5.319999694824219,0.31999969482421875,276.0,-299.8555908203125,99.9000015258789,4.498935594243029,-3.1882118094749554,1.3457801033454908,4.378381538790053,0.9367547818207472,5.9248113845169605,2.4704180401629596,6.463282428355957,3.8068474765183713,6.574034421666028,5.917236819300786,7.394241301411078,6.825754789664052,7.1677176011722725,7.126297234584616,5.805469192722466,7.296079369559915,5.186866081198302,4.709821013439396,4.874397729287423,2.5237388491751322,1,218
2022-08-07,0.0,0,100817.5234375,302.40673828125,-2.647265672683716,1.2575902938842773,2.9307932184037666,4.1771286341537985,4.1365171786886,4.33997471580994,4.619999694824219,1.9600006103515626,499.0,-28.604248046875,66.69999694824219,3.1147081165997106,10.443056376774388,3.024093981941789,9.687432013164601,2.8493187247525738,9.234737457321456,2.853757378110917,9.085300808078669,3.0595823250693965,7.198676209034898,4.1771286341537985,5.170764144631904,3.9789670625406526,6.609575825870029,0.41185931510990714,7.842111671265787,4.1365171786886,6.1337914786856755,9.801311152945157,5.633642677313951,10.815321248644342,1,219
2022-08-08,0.0,0,100824.515625,304.2084655761719,-4.700300216674805,0.6300342082977295,4.742337528107691,5.258458175840099,2.7627617127824533,3.364787921971115,4.660000610351562,11.259999847412109,782.0,-4.8023681640625,58.79999923706055,5.680394621690222,10.600401022729018,5.887291488107031,9.83078276879719,5.67437679969536,9.641762756521498,5.460887123652398,9.450260635657838,5.347762721608664,9.459690385639641,5.258458175840099,7.083279092625612,4.366055056705524,5.3536678124373145,1.8252162089875037,6.556427575292203,2.7627617127824533,7.126292845618214,3.1580878471836207,6.065721665037354,3.26304060171342,0,220
2022-08-09,0.0,0,101048.234375,304.3420104980469,-1.414426326751709,1.265468716621399,1.897896969425828,3.566652228008364,4.388719675337525,3.4061677183231525,6.6,12.919999694824218,47.0,-34.2681884765625,0.0,1.825516804636608,10.708014583258445,2.027132522735593,10.078100397221522,2.2629498977519336,9.461910988133205,2.6082705395293027,9.601963666506203,2.9834741582149773,9.438958756686228,3.566652228008364,7.620442787732873,4.38832722843522,5.534420619607558,4.2346738449547,6.477527214932934,4.388719675337525,5.7450393332721905,4.175156749814855,5.694059051278668,7.248682999058785,0,221
2022-08-10,0.0,0,101108.109375,304.29547119140625,-1.6695044040679932,0.7244701981544495,1.819918136405144,2.3566851473176813,3.85303899592045,1.0729094900838818,8.88000030517578,13.8,0.0,0.3621826171875,4.0,2.072663541815054,10.51141783680557,2.1904011072162173,10.034441812067778,2.227241833284398,9.869382397466302,2.246961148382946,9.741425842347581,2.276852566029723,9.59835796132642,2.3566851473176813,9.54355014209611,2.4484183215218294,8.578339750896127,2.5821345635032737,1.782999666998512,3.85303899592045,5.202389909786153,3.680889683443786,6.195702867724716,4.218910785557676,0,222
2022-08-11,11.0,1,100963.203125,304.03289794921875,-2.1269824504852295,0.7494409084320068,2.255153214285793,1.8833684905380315,8.280795001648224,1.6786461407090532,9.580000305175782,11.219999694824219,1.0,-0.4246826171875,1.0,2.149470275841361,10.716011891080283,2.1084117166786767,10.10985260919565,1.9798731521608175,9.952922289120773,1.8602707624411912,9.776585018820052,1.7910804085292582,9.630962464551777,1.8833684905380315,9.546519738664735,2.1280594200183978,9.392776799540982,2.666857805444923,3.0922775511058194,8.280795001648224,4.598323525208316,4.63917839562142,6.871503603673101,4.872102522691598,0,223
2022-08-12,0.0,0,100713.1796875,301.6679382324219,-3.819087028503418,-0.33701416850090027,3.833928048497183,3.997116366994254,2.275119513944518,1.6125486135433782,8.919999694824218,0.6600006103515625,263.0,-1.4873046875,43.70000076293945,4.469189710760126,10.190824730318464,4.800839383549544,10.157530266989967,4.661330400690567,9.705539801364909,4.481480969387927,9.608657652776307,4.30164887400935,9.61119654452877,3.997116366994254,9.59599128750626,3.76407970548612,9.355917679506767,3.4046362218687576,8.512165288704281,2.275119513944518,5.903002697630917,4.157564155187585,6.237891210422684,5.531701116167249,0,224
2022-08-13,0.0,0,100501.734375,301.10284423828125,-2.302658796310425,0.11136963218450546,2.305350456481332,1.765887163769248,10.43353306533936,2.5052789784126093,9.4,8.55999984741211,0.0,0.2525634765625,100.0,2.162773516243226,10.297307085163629,2.042366505267873,9.786163549168567,1.7824067607145402,9.747264305695314,1.5652243700021125,9.636097801248859,1.4850622829462279,9.580498137510432,1.765887163769248,9.559842548601956,2.595751339825526,7.428290922599305,7.306427120060902,6.074250610574721,10.43353306533936,5.958070848351993,13.239218472683055,6.089862605144423,9.751379646305676,1,225
2022-08-14,35.0,1,100181.1484375,305.09686279296875,1.0779004096984863,0.7465258836746216,1.3111713039204067,2.0273887116839258,3.1746370715053267,0.8200731902501622,9.94000015258789,13.54000015258789,0.0,-0.456298828125,0.10000000149011612,1.1916077581906699,11.124857267163742,1.4056917236257107,10.118286395868097,1.548799570596511,9.935774377616637,1.69754621683248,9.790859890337632,1.8445028013774376,9.530900298374585,2.0273887116839258,9.345355881436214,2.0755538282753814,5.834720569392419,2.514960066668046,5.650504541369452,3.1746370715053267,4.5110682816889645,6.738908199227263,5.7903894487136265,7.4038355443268955,1,226
2022-08-15,18.0,1,99947.3828125,303.72113037109375,-1.6896899938583374,3.9631214141845703,4.3082924249536845,2.300763185143086,8.671451052513126,2.423021590186904,7.659999847412109,5.660000610351562,80.0,-24.728271484375,2.299999952316284,4.006450262517586,12.858725975434616,4.662424894119982,10.213466512786521,4.239181892800397,9.692877239901046,3.634518595550532,9.380248069948133,3.0200253150209404,8.541807736124015,2.300763185143086,7.101293265594148,3.769042135464885,6.987573048203854,6.367977129271274,7.192280111885189,8.671451052513126,5.146272638360116,9.968299927281965,6.657665273690142,9.314942105181473,0,227
2022-08-16,14.0,1,100251.5078125,304.60955810546875,-0.5148608684539795,1.900539517402649,1.9690434660195493,0.6427215881750209,4.946126523914827,1.4717916687057715,6.160000610351562,7.7,1.0,0.231689453125,0.0,1.6647132535856175,11.03985777174141,1.679325374052313,10.041194610306146,1.5063067022350547,9.925475667282173,1.2713208522416577,9.693585662043887,1.0096064840413999,9.454696886255238,0.6427215881750209,9.040081411255992,0.5516782157368502,4.772902101085136,2.1552955198617276,6.15377318013941,4.946126523914827,5.196408803290856,6.938858615061192,5.268973203234554,7.851039990400039,0,228
2022-08-17,21.0,1,100482.359375,305.2012939453125,0.49637696146965027,3.314702033996582,3.351662223741963,4.837326131361546,12.627954770776613,3.933061459528309,3.6399993896484375,14.5,740.0,-0.18994140625,72.5,3.3998312387274745,10.463894205389565,3.657807190203279,10.314922104016773,3.6854833317419944,9.773698573439788,3.801712670522601,9.496365335434353,4.067775523227323,9.159792849473286,4.837326131361546,9.046774155135868,5.742596624912906,4.011011381259705,9.087725925370576,2.888131844276341,12.627954770776613,5.998146657887678,10.3022472502345,5.72130620945062,9.703668730554007,0,229
2022-08-18,26.0,1,100367.6484375,304.0048828125,-0.019975585862994194,3.334495782852173,3.3345556150542,5.502197146649526,20.03718955721434,2.743178685581294,5.539999389648438,6.760000610351563,335.0,-115.650634765625,100.0,3.404804885260185,10.268108094471478,3.716561296002702,9.818749019629776,3.7543128646820207,9.593880829360934,3.844577894508978,9.450267403806665,4.027200313348516,8.92252742368703,5.502197146649526,3.457008088617756,11.204571265029955,5.259068479842623,13.181337749578573,6.532720006873022,20.03718955721434,7.668608104553533,24.03466730241178,6.830104650474126,26.847377085155728,0,230
2022-08-19,4.0,1,100230.8359375,297.2476806640625,1.4849145412445068,-1.7363989353179932,2.2847434117145067,4.119683327725083,8.682177605722984,6.3112786803709895,2.580000305175781,0.5600006103515625,916.0,-16.7391357421875,100.0,2.5959891595119857,6.447796158894209,2.307626197364281,7.142384807628099,1.7508662753042272,7.595370753622528,1.4745438992736335,7.42280369795869,1.9410785912557558,7.625931268710941,4.119683327725083,6.213267280385459,6.555320314748849,5.568994377499788,7.480598129698039,6.009218949400686,8.682177605722984,7.864262768151541,12.348299260575118,5.462603199129714,15.613130275179111,0,231
2022-08-20,15.0,1,100385.453125,302.03228759765625,-0.49550536274909973,-5.408024787902832,5.430677459680752,5.646066529566007,7.529655405087767,0.2795375924004462,10.2,2.7399993896484376,77.0,-36.7266845703125,57.20000076293945,6.476209672307096,10.604578224020502,7.428448865401223,8.922132590940347,7.1956539466036045,8.760834251869444,6.725882749565603,7.867062985502179,6.181001167884052,7.541522085828162,5.646066529566007,8.065114846767532,5.809373966700607,8.020631065198536,6.88067074177205,9.027250795541763,7.529655405087767,5.623222174999757,5.121006940758341,5.780900550890916,4.663845265826463,1,232
2022-08-21,40.0,1,100244.390625,304.25164794921875,0.08708740025758743,2.6630005836486816,2.6644242011730874,0.8206026232759578,8.56200558900443,3.4729365475869867,8.180000305175781,4.3600006103515625,205.0,-4.829833984375,6.900000095367432,2.3848142516976503,10.688499877351381,2.2317422249026864,9.806205799205639,1.7496660105401987,9.74473348502525,1.1274509651026272,9.617943107558537,0.4682662977914448,9.44620370560879,0.8206026232759578,8.927079740691637,2.8988370973428865,7.868972135250245,6.838197218099617,7.330026916990636,8.56200558900443,6.031069125948743,7.151970048947734,5.6706816114550636,9.068124503315888,1,233
2022-08-22,23.0,1,100095.234375,303.55792236328125,0.0790722668170929,2.4984216690063477,2.4996726304738504,1.7554794431888876,9.410597164528227,4.250847887089873,10.11999969482422,5.7,15.0,-2.9053955078125,68.80000305175781,2.082143152580757,10.967353639575418,1.8206244420493287,9.805011512761164,1.2229308569787767,9.767686532689261,0.4742133156897951,9.667288833585163,0.38233486591134913,9.55132199279038,1.7554794431888876,9.53392596816255,3.016672961076379,8.606810259462987,5.739727511331259,6.891492029717677,9.410597164528227,5.662911186844488,7.654460887721078,5.411264554581361,5.910364530716771,0,234
2022-08-23,8.0,1,100566.7890625,300.5337219238281,-3.442573308944702,1.878725528717041,3.921851679973581,1.8802604464462884,6.214039393235931,4.718308640560933,5.780000305175781,5.8,27.0,-49.6492919921875,91.5999984741211,4.081461692485094,10.38751610603584,3.388281740448803,8.981782043457361,2.1759837454806195,8.940198416776951,1.116994371309037,8.974727876828979,0.4712713776553495,8.296901466587132,1.8802604464462884,4.820547633799213,5.831763482548001,7.346440430411812,6.082188065439531,7.614341158393389,6.214039393235931,5.654777368674271,7.649680703498202,5.003928529155932,6.313169135204251,0,235
2022-08-24,52.0,1,100771.1171875,302.42047119140625,0.8582543730735779,0.7853003144264221,1.1633130072075002,3.9756232125476387,4.913664186249604,5.135109217088848,7.1,5.939999389648437,0.0,-0.2000732421875,2.5999999046325684,0.7982176156816825,10.57796751675056,0.5052751283084309,9.853520316537429,0.17934187486309644,9.655707793905243,0.4931240850701616,9.42009300451401,0.9258937292925014,7.143005939234284,3.9756232125476387,6.04527421750266,6.591811947608058,6.76574109840652,4.556510463234629,6.736570887394967,4.913664186249604,4.841257341129704,4.339767441389563,5.722251229518553,3.5107969913655195,0,236
2022-08-25,35.0,1,100509.796875,305.4281311035156,-0.0020043945405632257,1.831325650215149,1.831326747124448,1.0719920887908645,3.660610056987515,1.9231497807655964,6.239999389648437,5.939999389648437,76.0,-31.963623046875,2.0,1.5094713477906612,10.72116985789716,1.4397025063620914,10.03036898085281,1.2740679584480892,9.833294058045649,1.0902917991925494,9.78577431877865,1.0063221711622186,9.496797373776799,1.0719920887908645,9.327387947293564,1.2478185501449535,4.917736435976993,3.1703453529793792,5.988337118047388,3.660610056987515,5.955226364421737,3.0287744888433115,5.168159070296296,1.5979449581751413,0,237
2022-08-26,34.0,1,100260.859375,306.194091796875,-1.1468603610992432,-0.6509179472923279,1.3187049942909688,3.2968045029800708,3.0415529775706935,2.2500225034834136,7.0,9.5,568.0,-0.2039794921875,5.0,1.30294416926059,10.628895701012892,1.6790101677065012,10.00120757080545,2.004990510275264,9.767947741023688,2.381291547948496,9.738216041726778,2.7500820189073254,9.546211073359357,3.2968045029800708,9.424060125356235,3.5958047778518876,6.712780846911393,4.423864638403086,5.410215843598147,3.0415529775706935,6.848939148190734,2.281885829025031,6.0078634528081185,2.2539761324696697,0,238
2022-08-27,27.0,1,100223.453125,303.9559631347656,1.172971248626709,1.98590087890625,2.3064396482339435,1.9841547120729308,5.593438275302803,2.143943707111254,5.960000610351562,5.419999694824218,1631.0,-4.52947998046875,30.600000381469727,2.0681254168749446,10.014665028574983,2.172164441068401,10.037060653859246,2.1164785393905965,9.852341033986635,2.0839279888615736,9.019162113904018,2.0436789595482345,7.8731913841320855,1.9841547120729308,7.620096801971672,2.3371571080517737,8.319499709046182,3.985912222281102,7.371676311044775,5.593438275302803,6.269916507433356,5.44018091301823,5.978291562011663,4.918014923568531,1,239
2022-08-28,4.0,1,100574.921875,299.7288818359375,-0.5448852777481079,2.0004053115844727,2.0732875768985846,2.4550506177169247,4.467800158408588,1.5429729268188779,4.1399993896484375,4.239999389648437,1203.0,-1.434814453125,5.0,2.3082051612689,9.756442821734506,2.5211332131343043,9.079891399280164,2.5489803619446207,8.81907559638346,2.52823494174706,8.667440631713106,2.487836737746136,7.057219784553019,2.4550506177169247,5.69091824596016,3.2673144396962446,6.272528810337573,3.9575666508656817,6.411626508183038,4.467800158408588,6.071348777870015,4.536523141384496,6.186774130712053,3.7900974577765667,1,240
2022-08-29,33.0,1,100905.0078125,302.28460693359375,-0.32258301973342896,1.6964428424835205,1.726840502893624,0.32466332639906137,3.1021424637003063,1.771803730748911,6.960000610351562,8.5,531.0,-11.8316650390625,99.9000015258789,1.497263203712544,10.478651107345557,1.412007623945214,9.680633107228084,1.1743856801538364,9.537270639330059,1.0107910067669397,9.544444263470353,0.7634435931324614,6.991781139006672,0.32466332639906137,7.101407583778173,0.8381057481202063,6.3944271794815775,1.8725488930503162,6.265036302855733,3.1021424637003063,6.407969254305547,5.072309597841951,6.134649927867433,3.3417163932980194,0,241
2022-08-30,21.0,1,100916.9375,303.57550048828125,1.587243676185608,2.1532349586486816,2.67502584562056,1.7310710677602046,1.3259864561202324,1.158518659229423,3.4600006103515626,7.94000015258789,811.0,-0.224853515625,94.5,2.3780199872058954,10.83629877358071,2.3541794087850985,9.972656116713623,2.2085132054462338,9.794039486667023,2.03881925391915,9.585652920895784,1.8872321261963805,9.379034767903589,1.7310710677602046,7.393335452771325,1.4527530671656013,6.00821480861268,1.242287407172671,5.601868529875554,1.3259864561202324,6.02261454221859,4.857362238207777,6.361074295654951,5.687530146505166,0,242
2022-08-31,0.0,0,100736.09375,296.0105285644531,-1.1316009759902954,-2.4111571311950684,2.6634938483456314,1.9629230404559668,4.734212914898182,3.5894195226881247,2.1,1.9800003051757813,158.0,-16.87158203125,45.5,3.0984716755026045,6.629704572315779,3.306009291616407,7.565797498292023,3.1410005288654697,6.913826424269876,3.133826741791742,7.110634620120433,2.647321632018894,7.274042742653607,1.9629230404559668,6.01095336252299,1.6157604981372695,4.95296138003463,3.763547758851073,4.936089394674803,4.734212914898182,5.584748232713692,5.310517032296197,6.168656146335309,10.448748252049294,0,243
2022-09-01,0.0,0,100650.046875,296.71209716796875,-2.822436571121216,2.5582823753356934,3.8093249940055944,3.827708581715359,3.8703547705195964,5.723258988987421,3.1199996948242186,2.3399993896484377,98.0,-25.8779296875,100.0,4.306485999502851,10.279315484518934,4.20723030510334,9.393232962975873,3.658861849101126,8.360395922778432,2.9550660015541697,5.361191143687534,1.8614401344348204,6.125523137683071,3.827708581715359,5.807654064735491,4.802397281353452,7.025201150297368,4.265914714034424,6.917627004318083,3.8703547705195964,4.92431491320704,4.891791556931235,5.650323173075062,4.115429398361878,0,244
2022-09-02,15.0,1,100755.8125,298.009765625,1.698339819908142,0.5158862471580505,1.7749638767852256,1.1030896853800423,4.1444382206552834,2.8770758753798225,3.2600006103515624,10.65999984741211,2.0,0.3489990234375,100.0,1.3513472181757722,10.319710439342401,0.969578136232455,9.874931802862992,0.4726742192305279,9.73663387751125,0.13389909769191716,9.55855093255308,0.5091836603466746,9.238557271771304,1.1030896853800423,6.367197734181198,2.082738152565036,4.164615956947805,3.8228919361430975,3.6383848016611195,4.1444382206552834,6.381605317573435,7.718197059588193,6.301746569257549,10.733292999924824,0,245
2022-09-03,21.0,1,100791.453125,299.58343505859375,2.2833592891693115,1.4188549518585205,2.6882855164303563,3.1962973411739326,7.4890536260772524,0.9276368261301937,2.2399993896484376,4.160000610351562,31.0,-6.0067138671875,94.5,2.6757235862548496,10.60258030294646,2.9180830325227123,10.019030158206428,2.9832910734306943,9.82170475923788,3.039790737026976,9.592176027361637,3.1030535044730843,9.339156042643305,3.1962973411739326,6.695702674131104,4.5441459372560296,4.026742817077531,5.813608350198622,5.229831287209983,7.4890536260772524,6.163202780209341,8.73919552839615,6.316912386250244,10.465245849992328,1,246
2022-09-04,24.0,1,101121.625,300.221923828125,1.3461084365844727,1.2579224109649658,1.8423834332331057,0.6482673561420579,4.38342357681914,2.481054504533132,5.419999694824218,9.280000305175781,192.0,-20.407958984375,0.0,1.6821432010905013,10.228399219527049,1.6773986978912847,9.864493066197348,1.5815000666988275,9.670720893782262,1.4438664426942576,9.47521523794425,1.2615151951197312,6.820939208504894,0.6482673561420579,5.341718132258008,3.059279034265368,6.659629006602813,3.071240995196609,5.940029524407104,4.38342357681914,6.392797366127904,6.74020106554329,5.983629092899798,8.99997144786358,1,247
2022-09-05,21.0,1,101402.5390625,300.8470153808594,1.563146948814392,1.5456396341323853,2.1982789318438725,3.0764797446127785,4.181162840772814,0.9403936253586372,8.319999694824219,8.759999847412109,151.0,-13.756591796875,2.0999999046325684,2.1825684138681987,10.256202827565243,2.1833104609400156,9.744834317684598,2.120701300676977,9.46363789942458,2.0517811453474986,9.089315753574448,2.169166808689059,5.77311738648948,3.0764797446127785,6.879358023446121,3.7379773677699477,7.093404756536544,4.0497053855501735,6.683965252406036,4.181162840772814,5.143850841274922,7.858386304119217,5.4579717260028495,10.58271093339227,0,248
2022-09-06,21.0,1,101066.9375,302.34613037109375,2.310654401779175,1.56085205078125,2.788437356099202,2.609486363359594,2.221350077534539,0.6773097752822909,1.5800003051757812,12.280000305175781,500.0,-6.7691650390625,5.300000190734863,2.8529790733655402,10.41475582025713,2.970576940670768,9.957537194938869,2.939943494989716,9.72808644068378,2.8833606200732733,9.517040381721941,2.7938363879241175,9.16261119954053,2.609486363359594,2.6759142702103125,1.6357679937522531,5.641815346064468,1.535905270969287,6.899582738623636,2.221350077534539,6.821729389885795,5.543473279729477,5.712344087397761,11.699721292833233,0,249
2022-09-07,20.0,1,100843.2421875,301.13525390625,0.7992455959320068,2.301025390625,2.4358799992851954,1.7407946872171245,3.6968244147673963,0.7780407627417754,0.6,4.3,781.0,-0.0062255859375,61.29999923706055,2.2177322807313926,10.523294301518863,2.158804824430953,9.8947983422573,1.9669551699713768,9.671725992019391,1.749732061262826,9.354260080376232,1.5925996968253329,8.538601939665964,1.7407946872171245,3.4376453621084706,3.387086730985867,5.554600531720889,3.72029736182678,6.620608417910036,3.6968244147673963,6.451758573784218,5.902624572733095,5.722309506997322,7.086427703786096,0,250
2022-09-08,2.0,0,100430.0390625,295.9999694824219,-3.9667773246765137,0.2780517637729645,3.976510420821881,6.145161233209001,14.781867096155747,8.576292145926454,2.8,2.419999694824219,600.0,-21.0181884765625,85.4000015258789,4.6865197580151055,10.075570608514605,5.021013531250267,8.356740440841524,4.2535293493878985,-0.8749571066732003,4.248059459206906,3.5297979346091344,5.11338555879135,6.4664591728093015,6.145161233209001,5.917269692250198,8.677887386533339,6.382313725123921,12.896537971753643,6.543057750421004,14.781867096155747,5.564059879129955,15.942989940121219,5.49277579849472,21.466594227292997,0,251
2022-09-09,0.0,0,100478.046875,297.48773193359375,-4.232001781463623,-0.1529516577720642,4.23476484446616,4.151616306133001,5.481911108444127,3.5706146148458786,3.4,6.039999389648438,782.0,-0.2974853515625,2.9000000953674316,5.102770276516781,9.939855576926327,5.513161605304986,9.490508132098844,5.372396716655348,9.225794864500559,5.116373137212431,8.61489159935908,5.034954620614907,5.661903529219655,4.151616306133001,5.847096658571043,2.769262400566272,6.995765532119988,3.6893452301730956,7.032972085357255,5.481911108444127,5.367142677015913,10.123171960010097,6.049032210253508,20.602834398269426,0,252
2022-09-10,15.0,1,100579.953125,298.84844970703125,-0.12665283679962158,1.734104037284851,1.738723023715109,2.061072784875965,4.406168985689544,1.6100094712382422,6.880000305175781,4.239999389648437,395.0,-8.5328369140625,35.29999923706055,1.5376707842065205,10.132283667583648,1.5206900251972342,9.759314854933304,1.4458588715245957,9.736787473080325,1.4257901585244273,9.550048721937836,1.3743639711903015,8.733536149979512,2.061072784875965,6.840422886958578,2.446548969205466,8.412776356000254,2.39556593286689,6.721762269548354,4.406168985689544,6.756413247416787,7.917179763021532,6.647750829187396,17.4833394611419,1,253
2022-09-11,26.0,1,100716.3125,298.8912048339844,1.1103637218475342,1.3116455078125,1.7185230673342209,0.9564734890380914,6.990900261261111,1.9373783343962367,7.419999694824218,9.219999694824219,82.0,-33.65087890625,0.0,1.45476336320821,10.225862321616788,1.3485082818275624,9.849793806105668,1.0766654628184775,9.712226087063293,1.0077513900668307,9.582501232604436,0.7770014260658665,9.204701217540777,0.9564734890380914,7.232085233125822,2.2638556700715187,6.716511991561494,3.9930584630752297,6.3564170232166655,6.990900261261111,7.189724554682064,9.456023686192879,6.831633937651472,15.4160832603266,1,254
2022-09-12,29.0,1,100828.8203125,298.4482116699219,-0.005888672079890966,1.6252392530441284,1.6252499211180724,2.1412649833687833,8.172499812878723,2.1802635217535205,2.919999694824219,16.679999923706056,15.0,-2.17919921875,0.5,1.4494821051727338,10.34544799664151,1.5480301276463835,9.87725800084723,1.562575911846369,9.681124600406683,1.5483961319927142,9.537499200270176,1.5888990728247305,9.006361305684948,2.1412649833687833,6.595762312936181,2.6341146710421377,5.126115974690128,3.090240883379783,1.857677250940749,8.172499812878723,4.411006259244276,13.103138808085696,6.317374397540103,14.636128008413671,0,255
2022-09-13,14.0,1,100624.5546875,298.8489990234375,1.997595191001892,1.4581152200698853,2.4731531578358297,3.3090069074956587,6.489298365423999,0.8525116340767936,0.5399993896484375,11.140000152587891,8.0,0.04985351487994194,33.20000076293945,2.591256484450011,10.402638652689998,3.0052747281863015,9.896203823869591,3.1896301107225846,9.693490306776196,3.3369161004112606,9.463842364171509,3.457445011367089,8.784347992735702,3.3090069074956587,-2.639674288915246,2.8338724506824686,1.7865371583465102,4.929288514545688,8.343084641497322,6.489298365423999,6.738741026450524,10.7503432624263,6.471262511057558,13.95015004825413,0,256
2022-09-14,0.0,0,100326.1796875,298.3710021972656,-0.11786133050918579,-1.2099536657333374,1.2156805363461802,5.698199979072085,24.66108894161887,6.5827694082345225,0.8,7.259999847412109,109.0,-79.1881103515625,100.0,0.8744512926892002,10.144107730167397,0.5663315959469091,9.66429739117758,0.4850484294020916,9.36764288607222,0.7140405397248766,8.894574648454387,1.1597093897960313,5.2698510884559,5.698199979072085,1.6489062045839413,10.875878407059393,2.274577677532677,20.438904996884453,6.6539702899237145,24.66108894161887,6.04731457077083,24.907765753120415,6.597659829577322,28.15193739527623,0,257
2022-09-15,0.0,0,99847.5234375,298.84625244140625,1.2886182069778442,1.8985693454742432,2.294581104020795,8.885197640037081,16.549949968574126,6.6669199905552965,2.5600006103515627,5.180000305175781,1616.0,0.13861083984375,1.7000000476837158,2.541212318673412,8.701999851525985,3.599581155816656,9.499922801581185,4.3995702747263765,9.23603585006279,5.321541356500037,9.182646150652586,6.131839400731052,5.2048926983334525,8.885197640037081,6.1988296536868015,12.583374219182616,6.345433946833618,15.377863985422806,6.298137790790782,16.549949968574126,6.562876348237628,17.751914891453403,5.956725773981099,19.27682224487974,0,258
2023-05-15,2.0,0,100097.3984375,293.6075134277344,0.22978271543979645,1.0135619640350342,1.0392824213145542,3.940731990234148,6.935074442082077,4.672029703809033,6.560000610351563,7.480000305175781,70.0,-9.9615478515625,92.0,0.8131145699754149,10.622396299201442,0.7525881566514672,9.97818750770787,0.6250840996408413,9.659810455461706,0.5272568200916681,9.387506882199661,0.6561467787008506,6.428319933178347,3.940731990234148,7.32251933867089,4.380127088011534,6.508654612816993,4.746356470187772,6.430959588375938,6.935074442082077,6.547551741010834,7.0279562971570115,6.857349323296853,1.3139062990127708,0,135
2023-05-16,0.0,0,99776.546875,290.6488952636719,-1.9554638862609863,-5.832190036773682,6.151282763417165,10.549198238072828,11.99808873269339,7.9032182096047645,7.8,0.5199996948242187,0.0,-0.4742431640625,100.0,6.057515084475541,9.209329468082974,9.310785884625028,9.665186508047928,9.769427653434628,8.84907954842416,9.864124161829269,3.4554261242816104,10.220289551400965,4.161595842461245,10.549198238072828,7.9907699777823895,12.047236188649315,8.83286644935141,11.40020374969467,6.181329655823813,11.99808873269339,5.907762650568216,9.521568224575645,6.526895374130495,14.970636046686069,0,136
2023-05-17,0.0,0,100450.375,290.70782470703125,-4.668620586395264,4.455683708190918,6.453614141483175,6.670801817242257,10.559800790748847,10.597712724486758,5.919999694824218,1.0399993896484374,79.0,-38.21923828125,100.0,7.686258082921236,8.621768310392747,7.924177196536517,3.5547733023547714,5.597918828916387,5.551800858861949,3.2538366350477825,6.88564210886954,3.046859593835236,7.55876183886174,6.670801817242257,8.451477023827634,9.391407146423663,7.658556075872774,11.4705915080252,4.874963912222068,10.559800790748847,5.592242398804341,2.85918823861524,6.592435141540744,7.303837609715011,0,137
2023-05-18,0.0,0,101015.984375,293.6683044433594,-2.2729053497314453,0.5806811451911926,2.3459090607306967,4.579724095921047,3.720588353159164,2.550770397415657,3.5,1.9,0.0,0.04853515699505806,5.0,2.736736991231311,10.221320567009613,3.1560754532412947,9.87635295045373,3.4526857380031775,9.703914297553872,3.6825267014421446,9.535922443565617,3.862591924348026,9.050399985506832,4.579724095921047,5.856641994931468,5.3396083937768015,6.060880436847973,5.468186514540445,5.159961585410273,3.720588353159164,5.843353134521783,3.503250997821058,6.644467079017574,4.40688964593706,0,138
2023-05-19,0.0,0,101130.703125,293.15850830078125,-5.889822006225586,1.7878588438034058,6.155196382763529,6.05349947748962,5.387112346362684,3.6157114379637147,1.4600006103515626,5.819999694824219,7.0,0.425048828125,96.5,8.283782940155291,10.096673450408893,8.845637174744976,9.556455138284246,8.725013660405223,9.470215433611521,8.283970469701341,9.319452318773738,7.697595552762209,8.267842905807681,6.05349947748962,5.117874774766099,8.888267317088326,5.415781765650938,7.839404909597241,4.4606532862193315,5.387112346362684,6.553168002535632,8.170168392776114,5.52496959868141,9.204356390375452,0,139
2023-05-20,0.0,0,100713.9453125,297.65576171875,-5.704322338104248,0.5236669778823853,5.728308689370675,9.751438527484106,11.39579367279923,4.4538102612790516,5.960000610351562,3.7600006103515624,105.0,-0.3060302734375,33.29999923706055,7.833175957261432,10.099975844804273,9.265203846166292,9.693163686945137,9.797867691499048,9.518259882220901,9.9981392927308,9.518930895714243,9.96234346555127,9.534634217396663,9.751438527484106,9.08955126258953,10.704658490783256,7.365184963540532,13.699955886330542,7.504633555260125,11.39579367279923,3.9997120804870847,11.300418243536415,6.169939719318075,11.998896861133911,1,140
2023-05-21,0.0,0,100481.5,299.96844482421875,-6.419531345367432,2.2118287086486816,6.789887254627832,8.667327675821436,7.5553214783099785,3.543356454977807,8.580000305175782,7.319999694824219,200.0,-1.0238037109375,0.4000000059604645,8.714180928916612,9.9754274358066,10.314414117319185,9.644475352496505,10.325824928300626,9.53813715425049,9.94063669787383,9.556087606320848,9.3999540095419,9.586557832379,8.667327675821436,9.540974327738457,8.5129346378415,8.107760882602106,9.825744796885115,7.142391172558247,7.5553214783099785,6.448319247896443,9.094347221791205,5.638868049921822,8.934211486561344,1,141
2023-05-22,8.0,1,100502.1171875,300.94842529296875,-0.13359130918979645,-0.2206689417362213,0.25795623609059665,2.8319329633338044,6.37755765419834,2.725001759047125,8.11999969482422,9.1,137.0,-2.804931640625,5.0,0.3300195962094485,10.126079331961076,0.629718985023585,9.892577351952431,0.9997793964415288,9.759883008706717,1.3964063791496157,9.716249263260403,1.9059811513920593,9.531865127206366,2.8319329633338044,9.15510211287959,4.3410152115861536,8.149846123643838,7.2439931243960896,6.126943505213973,6.37755765419834,6.447041711900276,4.355406091154526,6.4121488340679775,9.352497531813963,0,142
2023-05-23,0.0,0,100417.3515625,300.8999938964844,1.548486351966858,2.201211452484131,2.6913085740536933,3.189082976670279,1.4835353771674398,0.6279638981385303,5.680000305175781,7.659999847412109,741.0,-5.6943359375,5.0,2.8383831177353116,10.382869782521063,3.175393336928638,9.863045325828702,3.2812610166927882,9.741898848280362,3.256040877514468,9.547538773283252,3.319554764384298,9.443611223529805,3.189082976670279,6.519025711489796,2.7944464159251434,7.1116811274847365,0.9875856402364301,7.734270403324779,1.4835353771674398,7.026501295903712,3.5400397122957616,6.408948282506954,2.8204784526936657,0,143
2023-05-24,0.0,0,100631.984375,297.2809143066406,-1.14422607421875,1.771813988685608,2.109165266029207,3.8109432553006135,6.238497819341197,1.8037942953647812,1.3800003051757812,5.780000305175781,674.0,-0.38800048828125,100.0,2.1903401101956548,10.055219167503653,2.6256370925967683,9.86293409432557,2.9029921789184643,9.667672745180424,3.141025682827025,9.49440226577708,3.3723323359269384,8.136203076369085,3.8109432553006135,5.373090747260072,4.195070981794622,7.138261056140101,5.176562040841383,6.675611062679361,6.238497819341197,6.184030964839196,6.740019044920091,6.092241723803212,6.848308802034357,0,144
2023-05-25,13.0,1,101055.984375,299.01385498046875,-1.5937073230743408,0.10117797553539276,1.5969157818602149,2.731950509653058,2.1100000912778674,1.4592939588993692,7.540000152587891,10.84000015258789,212.0,-11.7022705078125,5.0,1.5912459357176827,10.098131279444836,1.8987148459503456,9.833524180068313,2.0692514660390753,9.686134651575625,2.3243768714142616,9.486043615305405,2.431579788147149,8.246291856644776,2.731950509653058,6.213482974533225,1.8093702932074898,7.461868117634211,0.7472490555565727,6.87490167051658,2.1100000912778674,6.200183009477148,4.390433929369793,6.3899190805831845,6.513379548385843,0,145
2023-05-26,19.0,1,101047.296875,300.0602111816406,0.7372680902481079,1.083868384361267,1.3108527421171288,0.44147587863189264,5.205936290041887,0.8790222197647126,2.0600006103515627,6.580000305175782,641.0,0.2286376953125,5.199999809265137,1.0586292788068505,10.14404771370013,1.0586292788068505,9.876525472305623,0.9796103006987108,9.780371994169931,0.9125788810027653,9.580642458166185,0.7734539971547445,9.396267395618692,0.44147587863189264,5.235466793970004,2.401695101892037,6.2716165525892045,4.7431747519498515,6.576541232113861,5.205936290041887,6.514272754267798,5.132478571510066,6.340547840890446,7.824712804900047,0,146
2023-05-27,0.0,0,101072.9609375,298.1837158203125,-0.2569641172885895,2.4349701404571533,2.4484914013514185,3.115536918386244,6.2933445686954785,2.8814988938173305,1.8399993896484375,11.05999984741211,457.0,0.02841796912252903,0.699999988079071,2.409678089090912,10.184160563974947,2.4369357848003537,9.868733459171823,2.436942770699534,9.63143938026293,2.3758229926226693,9.507280380564037,2.5620029544469123,9.37725919537846,3.115536918386244,6.1635925356507215,6.0003919657913185,6.663501177566576,7.528379196654871,6.437931322289725,6.2933445686954785,6.377625131863512,4.694294084187319,5.048382259698298,6.262835341850316,1,147
2023-05-28,24.0,1,100649.640625,299.12908935546875,-0.3397558629512787,0.4832397401332855,0.5907238719180505,2.3519087265668026,4.546411472375465,1.940083916388891,5.519999694824219,10.44000015258789,215.0,-6.867919921875,0.0,0.6243208190236774,10.207166239764437,0.8859808053164877,9.884250475157286,1.0838876551976582,9.801331149091581,1.4882328033415488,9.650562891689654,1.785899671829102,9.501698360161065,2.3519087265668026,7.5544174758817055,3.666885137392452,6.042951634867139,3.740283544114582,6.624684298559226,4.546411472375465,7.377292057967469,3.7088887491018507,5.542521780318337,1.8182644381392974,1,148
2023-05-29,2.0,0,100641.7109375,299.852294921875,-0.02730468660593033,0.6953539848327637,0.695889869256229,2.1497146462930177,4.036691530267674,1.8433045950063478,5.5,8.15999984741211,514.0,-1.671972632408142,0.30000001192092896,0.7141725148062843,10.229048248366821,1.0089392463476543,9.911996307146547,1.2906080228738193,9.764099172286206,1.620385697831293,9.670766899454582,1.8249603060175612,9.487219189107547,2.1497146462930177,8.663059552108248,3.3970346090943146,6.395764376071223,4.354801295179077,7.22215829511981,4.036691530267674,6.394560927151786,4.966426605770549,6.460885808591517,6.9818695898906205,0,149
2023-05-30,4.0,1,100761.0234375,299.585205078125,-0.12619629502296448,1.2018896341323853,1.2084966683911056,1.6856352857078345,5.560055921549857,1.5569014419685523,5.560000610351563,6.4,369.0,-1.166259765625,100.0,1.0976533516548224,10.26262463438432,1.229785520342266,9.85219066548821,1.3107674063595345,9.737340205119512,1.423553785770823,9.680581085847052,1.5168877095179334,9.474312668169652,1.6856352857078345,8.698812611501431,2.9788061195307356,7.049030134346113,5.047477812806767,7.274073705714036,5.560055921549857,6.441605501092859,6.019964470617855,6.747729375253896,5.314614471298602,0,150
2023-05-31,0.0,0,100949.890625,298.6974182128906,-4.071877479553223,2.2977709770202637,4.675461225518758,4.232345685358249,8.328655518738701,1.5867831652893962,6.480000305175781,1.4399993896484375,191.0,-0.60205078125,43.5,6.108074765307815,10.17556171110804,6.541970232600838,9.686707735058368,6.34583639024483,9.587515841806123,5.855624365239762,9.488540952572626,5.251617637659751,9.478632624210114,4.232345685358249,9.202440163950799,3.718164707626492,8.580361817229946,5.891707783261788,5.813515388830944,8.328655518738701,4.917526081950711,6.819952120449087,7.498792296405143,6.915674872628925,0,151
2023-06-01,1.0,0,100699.453125,300.461669921875,0.11661376804113388,-0.8917505145072937,0.8993429551738171,3.088494909248345,2.6637482387267823,3.3124752126318113,5.719999694824219,6.739999389648437,237.0,-0.3794921934604645,16.600000381469727,0.741655567676979,10.22607043557318,0.8536891771666196,9.824931240098127,1.1506381845390372,9.770005914452467,1.6056209955736291,9.650273212650296,2.1154887810888954,9.548279488034579,3.088494909248345,9.222322067752463,4.3522668628759,7.095290534078022,4.543796015012705,5.413829914921541,2.6637482387267823,5.84122688091991,1.3763553371970065,6.35806443846965,1.3589655886509808,0,152
2023-06-02,2.0,0,100420.9140625,300.2510070800781,2.0893750190734863,0.8603295683860779,2.259569635255286,1.6601185657401651,2.0438422616340413,0.8872144158987668,4.539999389648438,4.339999389648438,1039.0,-0.0401611328125,12.899999618530273,2.1623902248979237,10.322999827702537,2.320817212196055,9.876312537311579,2.266800821426567,9.715833374855688,2.165404356675106,9.58492323873055,2.042809667430778,9.363658844680893,1.6601185657401651,6.460023000184629,0.2971071768081469,7.416234411529867,0.7055611414573604,6.976694753594436,2.0438422616340413,7.015755446599805,3.34814476203893,6.4448605403983015,2.1581688081162307,0,153
2023-06-03,0.0,0,100777.6796875,297.7496643066406,-2.445197820663452,-0.09068603813648224,2.446878897634737,1.0216486427481115,1.2157558548273153,1.853337081481701,6.080000305175782,2.7399993896484376,365.0,-8.2718505859375,5.0,2.545002933880478,10.376207663591549,2.696686456371943,9.832942683610826,2.6599637931340956,9.451273547196664,2.584429154916254,9.153050728111625,2.411485424141711,6.3660736003432286,1.0216486427481115,7.649912971597888,2.466898514256737,6.949486417934701,2.5065613695106337,7.040994328658887,1.2157558548273153,5.577045926261974,2.2362606995993977,6.149091254238045,3.2468109444130633,1,154
2023-06-04,0.0,0,100945.3046875,296.8012390136719,1.8880200386047363,-1.5132055282592773,2.4195889396605095,1.6407326302935996,7.3863263788627025,3.595314818925941,2.1399993896484375,1.1199996948242188,522.0,-0.8226318359375,94.5,2.0833307656471103,10.028235615561973,1.5792012443651129,9.509014264410126,0.9810640315203446,9.383406787432413,0.4969943082242976,9.22481943833093,0.20943642624939746,7.122815677933149,1.6407326302935996,5.542483221949278,4.482627544958554,7.662300638567476,6.755293524881727,6.601164054993562,7.3863263788627025,5.305701253750851,6.067300183837203,6.2663190728848255,6.498930403328217,1,155
2023-06-05,0.0,0,100894.5,289.03143310546875,0.3221752941608429,-3.814040422439575,3.827623448586692,8.665659839801739,6.420037115094832,10.843990905480476,0.01999969482421875,0.0600006103515625,0.0,0.3946533203125,100.0,5.899891920725841,2.9290525246530006,7.3823175757314745,4.730236628401237,7.027232933345295,5.2045640001889355,7.60062414553692,7.045334189838994,7.847730072371516,6.723064641981665,8.665659839801739,4.807350221665162,5.94352955687602,4.961323059697355,5.176539652564044,5.318781466272367,6.420037115094832,5.12387026392648,7.48802732885208,6.55553370962466,6.979540340903788,0,156
2023-06-06,0.0,0,100860.703125,290.9819641113281,-2.8284642696380615,0.3499829173088074,2.8500347659330676,3.1155213037089906,2.2908545723414337,0.5908745594178957,1.9199996948242188,3.919999694824219,170.0,-2.0419921875,100.0,3.5994726921578275,7.765050225272231,4.127373855560505,3.039857930429276,4.303286587403797,5.858026985415134,4.255258115126261,5.94584669095349,4.161524166217266,5.325915492308838,3.1155213037089906,4.785628570524476,1.450806822416965,6.568670093886069,1.3626921248052528,5.3017197561633935,2.2908545723414337,6.279796416375936,3.7680700760723957,6.29136624967881,3.6896717822579985,0,157
2023-06-07,4.0,1,100807.0,297.79998779296875,0.8277539014816284,1.7393847703933716,1.92630109300038,0.7707064404006536,2.1039276317527795,1.1648533097366167,3.2199996948242187,6.460000610351562,833.0,-0.4505615234375,10.0,1.7745725085307709,10.246284372952934,1.8281566495785442,9.845028925118882,1.7423546818578286,9.68233781569411,1.6339977048159458,9.453072425562135,1.5100026505256159,7.835470320247913,0.7707064404006536,5.20161917842621,0.701075085040919,6.822894853851447,1.560776796430322,6.204931320897961,2.1039276317527795,6.061115862295293,3.0857231635632014,6.741174735695813,5.704304325862693,0,158
2023-06-08,0.0,0,100563.453125,298.8616943359375,1.7425341606140137,0.8512744307518005,1.9393538762584273,1.0113680925289126,2.6082020515350797,0.9465541162878275,4.1399993896484375,8.8,671.0,-1.527099609375,0.5,1.8124721770705143,10.2178913808196,1.9397488958918712,9.844504687759242,1.9221689909372817,9.687716826321866,1.840947870023098,9.500797076975198,1.7760636408465587,8.477638116250455,1.0113680925289126,6.222713788307742,0.5418019396511081,7.367130130694321,0.4896800634321117,6.22845256339346,2.6082020515350797,6.412747075320681,4.40839372547491,7.097102010124559,6.197462437242905,0,159
2023-06-09,1.0,0,100444.015625,298.3616638183594,1.5527490377426147,2.074086904525757,2.5909199257668796,2.9786870328734576,2.519417560989854,0.8798772841894371,2.5399993896484374,7.44000015258789,640.0,0.3377685546875,1.600000023841858,2.7426011053551793,10.159352055783797,2.9857825825320234,9.850932618132852,2.9743383482739634,9.629362305289806,2.9037708718635393,9.499279329863034,2.9564755880566955,7.608538766963568,2.9786870328734576,4.944352552384514,2.4888269289245883,6.261249911861096,1.8652732080696124,6.706505366815492,2.519417560989854,7.002009808439759,6.2479991798651655,5.807558547935927,10.27135461962158,0,160
2023-06-10,16.0,1,100369.46875,297.6548767089844,0.8237719535827637,1.8504443168640137,2.0255232413684836,1.0933492880085869,3.097950185485405,1.2627208429319858,4.260000610351563,4.260000610351563,1070.0,-0.42919921875,98.30000305175781,1.8939683506936782,10.172816636149694,1.9708186500387235,9.685560385742745,1.8659717616711087,9.257083570596997,1.6870852588805239,8.509199537473583,1.5227717135468717,6.010946179428563,1.0933492880085869,5.9192906763198225,1.2689253513708523,6.527011268216108,2.0842036752066324,6.853312968412041,3.097950185485405,6.44567040233407,2.8074985901152343,6.293450861460557,3.862994380469277,1,161
2023-06-11,7.0,1,100444.796875,299.87554931640625,-0.109619140625,0.8726465106010437,0.8795045698889467,1.2340867572571441,6.9295421185226465,0.957077654510605,2.4399993896484373,3.3,753.0,-0.4949951171875,5.0,0.7679753073300076,10.126707783724047,0.8328259363485262,9.885882512491213,0.8596293747688899,9.728208486486874,0.8987243688671549,9.555335808868287,0.9374856162817542,9.249050803003483,1.2340867572571441,5.782516909836097,2.4719537691853524,6.557239296875502,4.595100777759285,6.904075780921332,6.9295421185226465,6.015845322214843,6.542881859010634,5.992838323785241,4.62051054267789,1,162
2023-06-12,5.0,1,100424.9140625,299.21209716796875,1.2323070764541626,1.156801700592041,1.6901984809990935,1.305862718554481,5.173172740337839,1.8640678916993305,2.5600006103515627,7.680000305175781,525.0,0.2125244140625,0.0,1.4614296227547405,10.237372207380979,1.456547229631874,9.806996446524527,1.35843245342452,9.71188637496983,1.2655475560137923,9.612117776603265,1.2254158301040499,9.398512407063386,1.305862718554481,6.067334335045668,3.3889177087311184,6.882719559001382,4.303864946195524,6.034787542829707,5.173172740337839,5.108294387779072,4.830910871772869,6.418869742423823,5.999398683489205,0,163
2023-06-13,10.0,1,100261.890625,297.58502197265625,0.36305907368659973,0.6179150342941284,0.7166804591956486,1.6274288890625166,2.7764174240480375,1.7776545481199701,3.1600006103515623,3.8199996948242188,169.0,-4.810546875,6.300000190734863,0.6051923280781667,10.293192071929418,0.7542815780021173,9.915068063799813,0.95800087787872,9.651256162733379,1.2560964480323824,9.232778128168947,1.4898365959751856,7.951222137829158,1.6274288890625166,6.064360791300116,1.3948543039832941,5.918419022035557,1.8875160462620661,6.14757413312242,2.7764174240480375,5.624650308207671,5.621951010842972,6.956563242324846,8.406843827025934,0,164
2023-06-14,6.0,1,100372.4296875,297.4076232910156,-2.205029249191284,1.0374292135238647,2.4368859970999512,1.5688077589991614,2.058617767878661,1.6389093946247173,5.9,1.6,230.0,-5.245361328125,6.0,2.4275403621894105,10.281357411274703,2.3620178996561436,9.75134752250665,2.113219949511161,9.556549046846811,1.8912111440501849,8.99777331940193,1.737222414742513,7.399709784896104,1.5688077589991614,6.8203380007266485,2.8597085958708988,6.928828137992203,2.96856996048208,7.0799222749687285,2.058617767878661,5.423813622080339,4.7814594015332075,6.4440174850091365,6.754313601031319,0,165
2023-06-15,1.0,0,100552.53125,299.30609130859375,-0.45811522006988525,0.18458007276058197,0.49390217464593245,3.277206325784135,6.453494042975925,2.7849764732716853,4.980000305175781,7.959999847412109,411.0,-0.33251953125,0.0,0.8146278627054904,10.084056479749753,1.3242256149643896,9.785127858940728,1.7981187743754925,9.728040352090307,2.334770133977827,9.706349436414362,2.740009982654981,9.53985510184224,3.277206325784135,8.695773038666683,3.7690525480842876,6.560106113170103,4.523151244603847,6.856351518846237,6.453494042975925,5.937131503544899,6.014628329822047,6.587915170674375,6.314415288132949,0,166
2023-06-16,24.0,1,100568.28125,298.70001220703125,3.482050895690918,1.8170361518859863,3.927632724357327,2.3132037175124798,7.250924081867981,2.467895766048994,8.65999984741211,4.680000305175781,621.0,-9.735595703125,4.800000190734863,4.546763629790243,10.2155330445516,4.989474351043411,9.755663582070495,4.920439171482248,9.518210419666186,4.703163207754451,9.481337228851588,4.394015205691947,7.839401480448255,2.3132037175124798,7.126673305533382,3.302159772176053,8.545510310225975,5.338949932997623,8.19173890670324,7.250924081867981,7.043199485990086,11.764726752744876,6.428686858992567,10.391453221723909,0,167
2023-06-17,61.0,1,100665.03125,298.8587951660156,2.738879442214966,1.5915112495422363,3.1677071607721654,1.1125506203876043,8.209875304056808,2.1800209667905537,11.780000305175781,3.8600006103515625,737.0,-5.41796875,5.0,3.6401817347223875,10.14526775473671,3.931609034030623,9.694155013128887,3.854810680148456,9.528621151685327,3.6632188877315146,9.372918761508025,3.411112312276611,6.403210663522949,1.1125506203876043,8.383024849305077,1.7733497739948838,8.243572614257202,4.845036235314872,7.505490512840853,8.209875304056808,5.1469462957651,8.989895546402145,7.219294345141519,11.501286329412615,1,168
2023-06-18,63.0,1,100856.2734375,299.7995910644531,0.9559228420257568,2.197392463684082,2.3963142780867037,5.057439420046658,4.004137866567397,3.267670714205909,4.260000610351563,8.859999847412109,283.0,0.0191650390625,2.5,2.5946039549811726,10.196242937121722,2.861164668472493,9.77128823190322,2.9794900639339135,9.646640754664281,3.1135918372737246,9.442655853881583,3.250157300897237,7.9929286232913475,5.057439420046658,6.366352891987137,7.244187790042121,5.914210752960373,4.052365906531283,5.823410772520055,4.004137866567397,5.510243094748304,8.413099461868878,5.686252441428131,14.163065480486367,1,169
2023-06-19,62.0,1,100854.953125,300.55096435546875,1.214693546295166,2.139259099960327,2.460062988659883,3.7452691106485303,3.136394959186176,1.980422588688626,5.719999694824219,6.7,267.0,-42.0079345703125,5.0,2.688698565862674,10.146605113150532,2.9042867394424516,9.815518386238496,2.946917093321452,9.588950774821647,2.967174330935147,9.449872191637493,2.97649722191256,5.22498859362259,3.7452691106485303,5.129001953017616,2.652868649794907,5.610790133826718,2.128639665698806,6.981490818761202,3.136394959186176,6.277096720440233,1.922306593388332,6.363735440025805,6.279375768901231,0,170
2023-06-20,59.0,1,100977.1328125,301.17181396484375,0.12769530713558197,2.6518774032592773,2.6549500660806444,3.579871605264608,15.623982221307907,3.9263836995497825,3.1399993896484375,10.2,1028.0,-47.13720703125,50.400001525878906,2.718655194966975,10.051843473818913,2.554204667310678,9.694390115203099,2.3162800682373907,9.472751566295532,2.151901210007161,9.366767186386758,2.1258824491748154,6.189335121966882,3.579871605264608,1.991068814404155,5.9518928926411325,3.7662573434247375,8.996752895411332,4.576835484958464,15.623982221307907,7.3975370342386935,18.603927313546734,7.104223967187864,14.615889649314562,0,171
2023-06-21,73.0,1,100987.796875,302.1368713378906,-0.6751049757003784,1.9492138624191284,2.062813954204864,7.534114998021521,16.229050143149166,8.312242303720241,13.820000076293946,11.719999694824219,2040.0,-209.3067626953125,5.0,1.8328982078261409,9.872692823173677,1.7152381998282078,9.76745214763441,1.583362277005799,9.445115421149712,1.5686807586852956,8.879398129694371,1.7369642645685717,-5.415474896826251,7.534114998021521,3.14435352600325,10.789569006909447,7.77338623876362,14.299173744665291,8.719864820296019,16.229050143149166,8.566356993574752,18.036326513903404,7.341179002780464,13.895397758929347,0,172
2023-06-22,75.0,1,100999.609375,303.9878845214844,1.9662280082702637,1.456027865409851,2.4466445850095218,7.202662480445429,10.397118159170123,4.840235507251902,11.84000015258789,13.6,2541.0,-126.014404296875,100.0,2.90264970720143,10.416218893828308,3.103619293787708,9.599159938683833,3.1654745799615887,9.15686198151822,3.19427233592287,8.709783971014708,3.56500501051777,-0.536274651603505,7.202662480445429,4.388081381749455,8.726007444721814,7.305009613259226,10.067560108462246,7.3442578914290735,10.397118159170123,8.177561251473477,11.10449684803958,8.398372777068543,8.8609552209953,0,173
2023-06-23,8.0,1,100580.046875,303.2773132324219,-2.32916259765625,0.05238525569438934,2.329751622241087,3.3956799369446093,3.4615213205680644,1.070661911781183,8.9,4.5,2042.0,-18.15087890625,9.5,2.511319621570875,9.791876250537863,2.741912094752935,9.622367780537935,2.83152255687088,9.447526880762759,2.905880816523657,9.598840324762499,3.0333664525101716,5.16335394647742,3.3956799369446093,6.6460049300867805,1.9181493892427448,7.65771773910712,2.287721974731207,7.7494283397613835,3.4615213205680644,7.412950183556656,5.893958188835334,6.638649654384083,10.288929812876056,0,174
2023-06-24,0.0,0,101002.109375,301.93634033203125,-1.2533252239227295,0.9787377715110779,1.5902049372025704,5.9496620221715,9.008744484012604,6.398906413260338,7.759999847412109,3.9399993896484373,37.0,-21.5150146484375,5.0,1.452113396488591,9.894545516052991,1.7028820587669018,9.737271036240768,2.182600791177395,9.538311721728208,2.835467863722721,9.543317374314313,3.5763277767377812,8.93637415079215,5.9496620221715,8.145775047279413,8.279995988130803,6.481438668566848,8.897328930027783,6.7387926900232324,9.008744484012604,6.377336870814962,10.059576893155272,3.7197740274314173,12.235076285794516,1,175
2023-06-25,36.0,1,100901.21875,300.5248718261719,0.9602124094963074,1.029050350189209,1.4074631414624108,3.806250182708676,5.795110497583709,5.212277601652816,10.359999847412109,16.2,0.0,0.219970703125,0.0,1.159566106886393,10.14806771314386,1.080604177725077,9.789997121026374,0.912266975946307,9.591876040591146,0.6829023911775436,9.335783257670846,0.2889885227340383,5.536001450711693,3.806250182708676,6.757970115772034,5.190621064860477,4.561831454259961,4.964381595035811,4.836383127018055,5.795110497583709,5.325917440553557,9.081387514700879,5.661450904012911,8.714200028080898,1,176
2023-06-26,32.0,1,100761.71875,301.92938232421875,2.0140087604522705,0.9360180497169495,2.220891955178012,1.8059650199136943,9.300415315885111,3.9748804680990757,9.419999694824218,5.160000610351562,654.0,-52.90576171875,0.0,2.1566458049694734,10.255521496835419,2.1435555169012144,9.717618174776987,1.9346802250968547,9.499991700647904,1.678271957425641,9.310371557025478,1.3706487089410255,4.01385661094035,1.8059650199136943,5.841892377585541,3.479540724413461,7.45009711003784,6.492539101971237,7.589869119596662,9.300415315885111,5.45586346601923,6.1128757976933485,7.927979489455641,9.02991142539522,0,177
2023-06-27,1.0,0,100530.90625,302.0182800292969,-0.7494286894798279,0.4283496141433716,0.8632072477407888,4.149604462507069,12.050608849588148,4.434962272798248,8.140000152587891,0.11999969482421875,1242.0,-6.1796875,100.0,0.7521404588920698,9.980497732857605,0.8809189165082938,9.714930763308521,1.0758546006976781,9.478026459386388,1.3441999295743186,9.266087096522838,1.674257123130262,6.254664371514613,4.149604462507069,6.222586850174703,7.170170161022745,7.1781577916313415,9.811112042530814,6.721393154648114,12.050608849588148,6.237089164932106,13.7732550901402,6.491981410865028,15.855044649831243,0,178
2023-06-28,4.0,1,100766.984375,297.92523193359375,-1.8093823194503784,2.1346166133880615,2.798294563496121,2.8988388120359936,9.053442566770098,1.951012518232376,2.6399993896484375,3.0,2.0,0.26513671875,65.0999984741211,3.0680736802080304,10.138315239492973,3.4763925317199122,9.694595637384262,3.5864053586058438,9.77028559810814,3.6342848330924062,9.333155946296861,3.5772862170302404,9.06609263413137,2.8988388120359936,5.209975098196259,3.8362486712171,5.695929364481379,6.119545734611655,4.418060229828936,9.053442566770098,4.930315475644818,13.441878979098592,5.419706225105246,14.64716329397422,0,179
2023-06-29,16.0,1,100913.5859375,299.0708312988281,2.0903637409210205,0.6616186499595642,2.1925692252085542,2.45768442986104,1.9944629197883952,0.2659473998733622,4.519999694824219,15.359999847412109,0.0,0.4566650390625,0.4000000059604645,2.3287046520581,9.791927248356885,2.5332930498209287,10.23130289703875,2.606052240670513,9.605314561427166,2.640197288886526,9.519826546308554,2.6539580044459976,8.8832496962011,2.45768442986104,5.586986414122341,1.9631135524152519,4.401738980170258,1.9142692739395093,2.8074240057963076,1.9944629197883952,5.050265329956669,7.162424981660969,5.774046900706073,7.4673845099785945,0,180
2023-06-30,14.0,1,100461.375,298.52752685546875,1.0272216796875,1.3840429782867432,1.7235890882007947,3.66323838404563,7.753804450538879,1.9441768775624224,5.7,1.3,9.0,-21.108154296875,100.0,1.7997715565554062,9.917132400241517,2.285468372123195,9.32929357238205,2.595565422147509,9.98786277619103,2.944657823239827,8.195055468983782,3.2986230659500757,6.2031604020217275,3.66323838404563,5.353006440732347,4.948225732769552,6.324581766775675,7.235255034928274,5.248977552657931,7.753804450538879,5.106184512405687,9.867707031821215,6.54875186715892,9.337354500721112,0,181
2023-07-01,1.0,0,100145.2890625,294.1049499511719,-1.2664135694503784,-0.5951733589172363,1.3992979154036047,1.3383413011057355,3.6616287630231694,0.12384212047938847,2.9600006103515626,1.1399993896484375,202.0,-13.2525634765625,100.0,1.614650027931302,7.120573334936023,2.53904334953838,6.718402411145396,2.7234773716243628,6.578737795699889,2.48023149574132,5.577396291564355,1.9402651795315666,6.034488647965349,1.3383413011057355,6.387781233469631,2.0217622928489645,5.3676003381772235,3.22163465295054,5.855206380350423,3.6616287630231694,5.54765470246119,3.2891578634370333,5.60434270271536,2.8762267794968914,1,182
2023-07-02,30.0,1,100271.6484375,299.9112243652344,1.9830541610717773,1.2176415920257568,2.327048528152155,2.878838027169298,4.018777646710642,1.2996421472038648,5.8600006103515625,5.660000610351562,414.0,0.4990234375,5.0,2.3202901938428675,10.05819036166219,2.6164221590100185,9.914093771781593,2.666140898874328,9.832384570079956,2.664396596739293,9.220112312136852,2.653069314732533,5.172253549840384,2.878838027169298,6.250716811593301,3.4687735606771883,6.529046063279009,4.331502734327965,6.403158675691619,4.018777646710642,5.99740336281008,7.07637176560443,4.174879272977459,11.205887093100138,1,183
2023-07-03,0.0,0,100546.796875,299.06573486328125,-2.655095100402832,-1.4745581150054932,3.037079456766266,4.2882512546191105,7.846456009222545,6.399219024052208,3.7399993896484376,3.4,299.0,-11.442285537719727,23.0,3.398023610086197,9.990133278306015,3.3841826487791917,9.611973794732627,3.049518015935765,9.072467349240572,2.6459504075613203,8.184181589654346,2.2205932785119447,5.574530210556172,4.2882512546191105,6.4715818566905625,6.187591308578733,5.648611510794647,7.806416192520625,5.6483699140338075,7.846456009222545,5.387311008045732,8.190789347893146,6.257569329138355,11.497874869428877,0,184
2023-07-04,5.0,1,100670.9140625,300.98870849609375,0.5923876762390137,0.6107104420661926,0.850817491009995,3.5653948958013992,3.523912138299197,4.074495463701807,6.6399993896484375,4.4,934.0,-4.9775390625,3.799999952316284,0.65880409747981,9.652301440832158,0.6657339910823545,9.983083355492818,0.8032084732239965,9.605194269486443,1.080483804732908,9.479931022981878,1.421019394607496,7.330965328639236,3.5653948958013992,6.7294385998428465,4.132789466087078,6.762386422081262,2.6706679460839617,7.346500974510956,3.523912138299197,5.598753729035229,7.459702473618396,6.909780959439918,6.663945722279288,0,185
2023-07-05,13.0,1,100615.7109375,300.02191162109375,1.5137548446655273,0.33103516697883606,1.549528319045851,3.1550539908269575,7.041406676953723,2.299106140084109,6.880000305175781,5.339999389648438,965.0,-1.662109375,5.0,1.3880912671252763,9.732670085161379,1.4376778800085732,10.263039305885782,1.4334329603208218,9.462472638050851,1.4601784833182812,9.321846089254338,1.5336225566664823,6.021789174133411,3.1550539908269575,6.922032379950614,4.141346927860653,6.589295988600619,5.332904011943917,7.4926019337313665,7.041406676953723,5.087364032779684,7.082811133071236,6.7456746538254935,8.787534677579458,0,186
2023-07-06,0.0,0,100961.296875,296.6161193847656,-0.37372925877571106,-4.344223499298096,4.3602696442672935,6.884141287239442,10.677803048561127,6.569739315150159,4.839999389648438,1.6800003051757812,101.0,-15.8394775390625,64.80000305175781,5.324877121026608,9.12783587417083,5.313256737522053,8.404020504837048,4.5472629587517375,5.7447206569860985,4.238904470401573,7.642706953471078,5.709034015287454,7.437242127846262,6.884141287239442,6.407295453874203,2.051301944563932,4.611004703015733,5.140525247044963,7.324737234231443,10.677803048561127,5.4239617153619175,9.572717273239745,6.193365677578809,10.180063321533233,0,187
2023-07-07,73.0,1,101334.296875,300.51556396484375,-0.2088000476360321,1.1902050971984863,1.2083814105199018,3.546968059257478,7.7585016726625895,3.9769711665400997,8.34000015258789,10.919999694824218,422.0,-16.8857421875,0.0,1.2435773838022586,9.968905329675223,1.4509228687598237,9.720003665630683,1.6685685055355686,9.563285177962616,1.8734757812053329,9.29363145045231,2.0654759913314438,6.098599301477025,3.546968059257478,7.44453203377374,4.761778958309251,7.706589683659798,7.069378827878811,6.981492533934781,7.7585016726625895,4.37523664826985,6.029194098386369,7.299589032487943,7.823594570963201,0,188
2023-07-08,69.0,1,101292.5234375,301.29998779296875,2.261286735534668,1.0763109922409058,2.5043687931939336,4.30432271403842,2.78546010223627,1.9399810073175838,9.219999694824219,9.55999984741211,223.0,-29.1483154296875,85.5,2.9616316603465482,9.890484923798374,3.092576883966436,9.71364225742944,3.1458458698824807,9.53200624739185,3.1786311762703767,9.124960318366009,3.2402868226688955,6.49456544972909,4.30432271403842,4.616574123671029,4.053068324422062,4.80831639595609,2.846971007004479,6.833120321343801,2.78546010223627,6.680642919436675,6.778570606569808,5.911209712491272,12.310172189744797,1,189
2023-07-09,76.0,1,101336.6640625,302.66046142578125,1.3280127048492432,1.4086182117462158,1.9359294952823334,1.1235194145276086,4.520757017685407,1.648516131358008,10.2,6.439999389648437,1336.0,-53.003173828125,0.5,1.9431936899090356,9.882698257054992,1.8962007304777686,9.411678104307267,1.7864519241234922,7.918403492701129,1.5436639878096992,0.29429083477763335,1.564465046006675,6.218257803278421,1.1235194145276086,7.600628362109623,0.3448598503624485,8.116212048197117,2.259018487181231,7.758896316325661,4.520757017685407,4.833978490831122,8.64078599953012,6.335065034153745,9.411048257468332,1,190
2023-07-10,76.0,1,101229.7734375,303.710205078125,1.646481990814209,1.2315282821655273,2.056104291092525,0.7425595688600902,3.186608584715835,1.3342372583360071,10.640000152587891,12.4,2742.0,-46.091064453125,5.0,2.1715550039404907,10.225685960888645,2.2043241367088595,9.636664380565046,2.166253668245873,8.997503925857837,2.0808008158034346,5.198618997902152,1.669186215402495,2.291320324138358,0.7425595688600902,5.397323626045646,0.6916834996192265,7.494505194986826,2.1881468316284307,8.556661651539804,3.186608584715835,7.258072550106594,8.630552656390362,6.227046725321431,14.70673261387193,0,191
2023-07-11,43.0,1,100972.6875,304.0293884277344,1.6723511219024658,1.7174144983291626,2.3971380506761903,4.555076593179952,6.322349126805477,2.4424843931537508,3.5399993896484374,8.04000015258789,3428.0,0.46337890625,26.799999237060547,2.699765162811562,10.465990943949325,2.956246856239479,9.583740743128761,3.0695246798026723,9.404201416474573,3.1509502271540697,8.973144277260179,3.2887942244190493,4.786951349016718,4.555076593179952,4.631197818567616,4.801713081565847,5.945319113977943,5.151986654900374,6.5612637821973605,6.322349126805477,6.8586144917826,6.4783827623021715,6.423664277985341,10.470283131068095,0,192
2023-07-12,10.0,1,100831.6796875,300.72705078125,-0.5584936738014221,-0.6341503858566284,0.8450218314092957,4.847736289540726,12.916560504165489,5.689331756671424,8.280000305175781,8.819999694824219,279.0,-317.646728515625,99.69999694824219,0.6931896710468026,9.862050398656152,0.5620672969709852,9.299836086532624,0.22547801678013432,1.2969355856645017,1.8904054946563544,4.799373025417547,3.0020353818045344,5.406533170731828,4.847736289540726,5.428167959180489,7.124695681759025,4.368631569588959,7.5355745275745685,4.787448149042637,12.916560504165489,6.837580000568962,22.655028080633183,8.128475509837907,24.795166618325805,0,193
2023-07-13,0.0,0,100631.078125,295.9809265136719,-0.2244238257408142,-4.393835544586182,4.399563256327734,4.06692142312794,13.333553922584041,8.380998949778627,4.560000610351563,5.4,1168.0,-81.166748046875,100.0,6.351633960221249,4.08024321525711,7.196897509561386,4.164464452925511,3.3799036645096163,2.8885409019609916,2.2454380546268244,5.035748047820847,3.1266149900881444,7.235100671760394,4.06692142312794,6.438917754011357,5.854905570588127,5.56452560585199,9.061998290453502,6.675855318831361,13.333553922584041,7.09552758818935,17.450983398189265,6.7860833413025095,15.327789703601923,0,194
2023-07-14,20.0,1,100940.2265625,301.7240905761719,-1.1909594535827637,0.012934570200741291,1.1910296903034923,2.7364409872071085,9.571973582004015,1.9119518877966304,6.9,7.519999694824219,0.0,-0.2156982421875,5.0,1.3714033727634034,10.062346891981639,1.756581581456334,10.140680953377188,2.085697621598265,9.491985907793042,2.297648263713252,9.323129664313015,2.5276014564187532,6.356439162603499,2.7364409872071085,7.828549913000849,1.7229737949429875,5.4016331716562815,5.536804196609445,5.434742853897262,9.571973582004015,4.4282126340628185,8.86535207885235,6.133822690686634,10.686469413901584,0,195
2023-07-15,34.0,1,100875.75,302.08905029296875,1.7183446884155273,1.2094556093215942,2.1013070549363615,5.652854378633966,6.834478803059903,3.55217873614566,6.4,11.240000152587891,495.0,-29.3177490234375,0.0,2.2378263703887207,9.734403299220633,2.4403108991685443,10.094680998115168,2.527479808953962,9.322395070472712,2.72042790362864,8.893073783909895,3.165083132185789,3.805950294169693,5.652854378633966,5.283443180883564,5.988366459799832,4.427383493338752,6.07683997126053,5.096783103858576,6.834478803059903,5.324035636859103,11.131603403643426,5.6755956306289335,11.806224856369699,1,196
2023-07-16,69.0,1,100841.234375,303.6552734375,0.9445019364356995,1.1591675281524658,1.4952435474710746,7.537446967345575,13.740602896936265,6.08298096978723,10.980000305175782,12.9,1487.0,-19.4197998046875,0.0,1.4893086694837374,10.662697914485573,1.7812395538378794,9.610427189603504,2.0087301927026022,9.250930375099628,2.2337240425676272,9.412887233310931,2.5280692133670883,0.8122324662088006,7.537446967345575,5.630546169973101,10.17897527053196,7.287171830340604,11.876764645004496,6.653307592159561,13.740602896936265,6.184177586209577,17.498707012191037,6.25880629028247,15.150499919605553,1,197
2023-07-17,74.0,1,100883.7578125,304.2650146484375,1.538842797279358,0.8440282940864563,1.7551127929443886,4.159392363788687,12.107117513688825,2.4114751376479644,3.2800003051757813,15.84000015258789,2785.0,-0.248291015625,8.300000190734863,1.762488246250036,10.15938750186977,2.0048055697150433,9.704829193175025,2.1849972492803773,9.38802916240392,2.3635074722239073,9.230389604949032,2.5641748750637907,6.423229506488569,4.159392363788687,3.1943847906924914,6.331636112258259,5.459291882617928,8.751337818592836,5.423618067455495,12.107117513688825,6.4826671080100935,13.165255238329571,7.423512817059971,22.19498149260445,0,198
2023-07-18,34.0,1,100892.5625,306.0038757324219,0.42470213770866394,0.21760497987270355,0.4772041838036509,0.7572263025082349,11.90896551153047,0.5221769428494004,3.9,13.84000015258789,1853.0,-18.60400390625,0.0,0.3169689998984125,9.940059862736096,0.32294476241030046,9.693691097936773,0.4566530598608428,9.599614386216693,0.616213726076451,9.507604251173897,0.6839059800314483,8.258737541593828,0.7572263025082349,5.183777715500976,2.4421457173362153,1.3286321112267627,7.982272387976968,6.052716776049479,11.90896551153047,7.968855030681638,19.826072217102418,7.92363919753475,21.19400812748543,0,199
2023-07-19,12.0,1,100358.109375,303.5090026855469,1.8927221298217773,0.7142407298088074,2.0230019478079853,1.4415434737192394,11.756829108219735,1.1523486601801296,5.0,8.6,2282.0,-33.0926513671875,95.30000305175781,1.9030282558882432,9.72534198648332,1.8856791059234796,9.916643784150825,1.7273973819714894,9.268107246658332,1.587200780715252,5.7546083553485365,1.4089502895632893,6.020978824003811,1.4415434737192394,3.945583047346526,3.977482721110013,5.726662506516514,6.459568514823723,6.897278276031245,11.756829108219735,7.591024252592896,17.423516658121923,7.44958744996603,21.372013396992994,0,200
2023-07-20,0.0,0,100232.140625,303.1595458984375,-1.5644091367721558,2.650258779525757,3.0775392029460087,4.876187256470861,3.4684655154743913,2.219285665315374,5.039999389648438,4.3600006103515625,1065.0,-5.907958984375,1.399999976158142,3.382994236745791,10.371952306372059,3.8396296911469276,9.620557051592023,3.9039362084884024,9.434006687675309,3.9532624612664646,9.662740446159711,4.072076371558729,8.308740231908738,4.876187256470861,6.88826536215767,4.064819570289937,6.198955815278007,1.7671407632918388,7.031041464434105,3.4684655154743913,6.513843867555779,7.308013203699355,6.377754762383227,16.83298651913832,0,201
2023-07-21,1.0,0,100147.796875,299.96136474609375,-1.9401317834854126,-0.1933251917362213,1.949739974214545,5.180767099109253,14.025247634594722,6.166731437836202,3.4399993896484373,7.480000305175781,1754.0,-9.7598876953125,22.899999618530273,1.9712237740392116,10.475231462057005,2.3654348475308558,9.231426851002698,2.3998455050380576,6.679405432743222,2.0757652760070493,6.973286836149573,2.1888083219254866,4.522415175333138,5.180767099109253,6.606392320754425,7.644897504360194,5.8498565091142085,10.463246100973663,5.7368272270145715,14.025247634594722,7.678693468756955,19.581417393361473,7.122933809412364,26.458660628187154,0,202
2023-07-22,1.0,0,100612.6796875,299.61590576171875,-0.884594738483429,1.357946753501892,1.6206564215461878,4.062679462470078,10.30060657339645,2.7797039066399845,3.1,5.739999389648437,1612.0,0.0,5.300000190734863,1.8979183236377744,9.704738756375491,2.4052842942366586,9.47721023391939,2.7392175463534474,9.977871964544304,2.9949415574254843,8.950806917788547,3.196716098376714,5.230785815896543,4.062679462470078,5.906832103302036,6.479719057631072,6.423280124542902,7.897573986560607,6.5435848236240455,10.30060657339645,6.9518349173337315,16.780076187470407,6.903446310505966,21.65329983305863,1,203
2023-07-23,30.0,1,100806.7421875,301.0440368652344,0.2553173899650574,1.3904809951782227,1.413727119203133,2.3993904597625977,8.342493825483153,1.0585548019086675,5.239999389648437,12.719999694824219,1231.0,0.3876953125,0.4000000059604645,1.3438425254001034,10.034680346014772,1.5084433831881112,9.69270794818186,1.6088444299679232,9.513049068805907,1.6945773511521935,9.329859614655366,1.7827435749966587,5.618942934325175,2.3993904597625977,6.424140945316408,4.126811341651796,5.712302318282916,6.528342231751242,5.752958258026019,8.342493825483153,5.26742790999847,14.078678469387533,6.816661655688692,15.591089336972308,1,204
2023-07-24,1.0,0,100270.578125,301.8999938964844,-1.5139111280441284,1.0218384265899658,1.82649409352226,6.304771096700436,25.487637174227018,6.026354195215536,7.819999694824219,6.6,1501.0,-25.8804931640625,100.0,1.744950473733195,10.108586769406909,2.122457565091081,9.591248622698517,2.387990649520911,9.516138138209108,2.659381190265879,8.988017092912393,3.0321868367555336,3.7574181581760104,6.304771096700436,4.5334915743521735,8.981848756047201,6.122662369517676,15.844050410107863,5.678621622253737,25.487637174227018,7.673712576903981,27.213112956554752,6.927626174923073,29.54316356157572,0,205
2023-07-25,0.0,0,99456.53125,298.9177551269531,1.036340355873108,0.627307116985321,1.2114105630345293,8.859406619834115,19.877418977805423,7.692008960095088,4.460000610351562,9.759999847412109,1901.0,-12.703125,45.599998474121094,0.9947213676354748,9.782423929676902,1.0172531797486408,9.783954810614222,0.9561842522838196,9.445937220766522,0.995186073089479,8.892328347705048,1.4041293780948165,3.622294521838532,8.859406619834115,1.4662601518773857,17.178160273540403,6.761494088921794,19.23862362561601,7.348008013245232,19.877418977805423,7.787472763284317,21.19379339914586,6.777451881128819,25.807312037005126,0,206
2023-07-26,8.0,1,100111.3984375,298.2366027832031,1.947109341621399,2.5175511837005615,3.182655927174883,1.3625244185601093,4.830572531903364,1.889241769010942,3.9399993896484373,5.160000610351562,1116.0,0.0765380859375,30.600000381469727,3.259209288146855,10.315152695261338,3.6801471393977474,9.708507270692449,3.509557857452054,9.603873842212975,3.208298149869182,9.490909917553395,2.797984961677217,9.137256189321818,1.3625244185601093,6.7959996771744136,2.7680083656770194,8.215989295173122,4.4519087282953675,7.635846890229676,4.830572531903364,7.52556439905488,9.720200411051758,6.512076141123152,13.762465156675834,0,207
2023-07-27,39.0,1,100830.8671875,296.1744384765625,1.254855990409851,1.953554630279541,2.321861160826401,3.2326759251446697,8.332713250806146,1.3288475037551983,6.039999389648438,14.120000076293945,16.0,-1.7509765625,5.0,2.476086056951381,10.13772859115492,2.628146107963015,9.431184955277491,2.601980658033912,9.696377709078272,2.552638109777209,9.694576767950217,2.5968112709664837,7.845450842364578,3.2326759251446697,6.539898194602117,4.704991847429233,5.82507022528993,6.708411544471466,-0.3075758344456943,8.332713250806146,4.691416418662782,15.199081592101654,5.49266439567369,19.362635660409104,0,208
2023-07-28,18.0,1,100669.4375,295.98980712890625,-1.5821789503097534,0.2694140672683716,1.6049530119119872,5.110668213742668,7.128900517335573,6.488275563616455,2.2199996948242187,6.8600006103515625,14.0,-15.082275390625,5.599999904632568,1.6602448246092805,9.800506634355031,1.6139921790760008,7.509139102797633,1.377003356665961,6.254525219756298,2.243185961992542,6.2181536780296,3.7288029772315983,6.9592462532486685,5.110668213742668,6.0427040623553525,6.502562151135421,1.2438080771082225,6.519754502071939,5.904455353216357,7.128900517335573,5.861611942791787,8.941878027661078,6.159174773853657,9.843599958827928,0,209
2023-07-29,19.0,1,100561.453125,300.1100769042969,0.9523046612739563,2.1314477920532227,2.3345136234626396,3.247941559596895,6.718587869716632,1.694062327771662,2.2,8.44000015258789,923.0,-0.17822265625,29.299999237060547,2.5986322891528446,9.827384289861333,2.7899861321692607,9.581690300568933,2.8041838640029435,9.81525348448637,2.780551442008482,8.92027518635434,2.7635699610006155,6.6794053761374075,3.247941559596895,4.059220862926153,4.32081789376699,4.362700264899491,4.889090300286868,6.578489888161325,6.718587869716632,6.2889349627396935,7.5093014564121345,6.050835956189564,16.951781626532245,1,210
2023-07-30,1.0,0,100465.5625,299.9795837402344,1.0228173732757568,1.2691210508346558,1.6299765706127127,1.4457429239691217,4.956856917385001,2.573443008531061,5.680000305175781,5.719999694824219,1807.0,-0.4000244140625,90.5999984741211,1.4464229391867165,10.400416730154259,1.4798061432200877,9.698100181275167,1.4176769479013296,9.064155587872287,1.3270073372361049,9.45590580790726,1.1983863189944848,4.402614100768267,1.4457429239691217,5.787938440368287,1.0411230087507704,5.577900521889442,3.4186766847377656,7.136494827088512,4.956856917385001,6.142708711352369,9.015165559788294,6.7025587263620245,14.102239988537933,1,211
2023-07-31,4.0,1,100554.640625,299.9745178222656,1.0027538537979126,1.0210864543914795,1.4311299167609937,1.5011908878180844,5.894025665757781,0.5081398023814916,4.819999694824219,4.839999389648438,940.0,-2.9178466796875,21.899999618530273,1.3538378751482836,10.225444348338293,1.4850010929821182,9.404613896947092,1.4965838066331887,9.106317215750158,1.4931398315670807,8.075208297286578,1.5168787793717926,7.143054396194087,1.5011908878180844,6.929917792039982,1.9668478836516126,5.681345100169194,3.395736177839254,5.398787595250508,5.894025665757781,5.079727822119052,9.624337057301943,6.625870788461552,14.694508411024403,0,212
2023-08-01,0.0,0,99721.6875,297.8460388183594,-1.169409155845642,0.43364500999450684,1.2472232231917242,6.480410723662514,15.441516992413552,6.277203692053818,1.6199996948242188,2.7199996948242187,814.0,0.260498046875,100.0,1.1817148851292307,9.914205606073203,1.8623221107623424,9.317696527886932,2.442693957193481,8.674137270927677,3.3814394047304663,7.23612011772335,4.584664973640952,5.980387782177807,6.480410723662514,2.929453622780353,9.80809746450982,6.840406360279739,12.844305127482832,4.611349931903157,15.441516992413552,6.288825033642892,19.26487871601602,5.884629459794114,17.459320745187146,0,213
2023-08-02,0.0,0,100029.0625,298.0236511230469,-1.4392236471176147,-0.9773535132408142,1.7397081928492177,3.3798182115512754,11.450749918253663,4.783338257877914,2.5399993896484374,3.4399993896484373,0.0,-0.2210693359375,7.300000190734863,1.5583747770797687,10.659591299931185,1.8653068338409833,9.28948835824562,1.9128875341270182,8.984207269412885,1.899743237027394,4.014862335855971,2.213870390030028,7.04860572738827,3.3798182115512754,5.8156468184888706,6.01436097222432,4.81806690519998,9.83319135708407,4.448882858442885,11.450749918253663,3.242080743438864,11.373850763679052,4.821920786763053,20.236940281434254,0,214
2023-08-03,0.0,0,99921.2734375,299.3327331542969,1.485742211341858,1.9380956888198853,2.4420574967811914,10.251450585941804,18.396720087931154,7.8449553296673225,0.31999969482421875,6.219999694824219,863.0,0.451904296875,60.099998474121094,2.5192662502293373,9.386211430136767,3.779598855177123,9.558031781141345,4.563486596807959,9.149778544803663,5.3869127873362626,7.302710318367499,6.357775169427225,5.878140161553223,10.251450585941804,5.615506841295577,10.718796491816212,4.3248052149844405,12.88245747269884,5.925286874158896,18.396720087931154,5.282021369907485,22.79046151583206,5.444922066454076,26.104350189173253,0,215
2023-08-04,0.0,0,100074.203125,295.0751953125,-5.776254653930664,-0.11488036811351776,5.777396933397735,2.1178459429862775,11.004905259243522,6.130710294582508,3.2,5.580000305175782,365.0,-8.589111328125,100.0,6.113315130459812,9.188062680361119,7.815957469686481,4.2385164537308935,5.952967291901653,4.547746337259792,3.6357589508126993,5.595427409473657,2.0986178897941024,5.30048813610358,2.1178459429862775,5.876480241582237,2.730535682014151,5.283189773038009,6.211018956107106,6.91637509563127,11.004905259243522,6.248836828928165,18.545586663641497,4.746083654554653,23.794580008142187,0,216
2023-08-05,0.0,0,99933.4609375,289.98614501953125,-0.7107080221176147,-2.419548273086548,2.521769168361456,9.927562729669793,5.2715687993092875,7.406484265650615,5.719999694824219,0.0600006103515625,0.0,-1.0836181640625,100.0,2.4301607513607566,-0.8210748321475332,7.6223629390432945,4.761106057238481,8.234152730116293,5.3702634023540465,8.423395682179862,5.410439014265764,9.139268206768724,5.115259534945206,9.927562729669793,5.865052455493737,8.788476346428425,6.830090961276748,6.71269565169422,6.413598921109631,5.2715687993092875,4.440615663706588,4.400512378699887,5.768519338955697,9.676979104660859,1,217
2023-08-06,0.0,0,99776.90625,296.81585693359375,-1.266660213470459,1.6295654773712158,2.0639553632356265,0.9238343840575834,5.560024704243,1.1458616170127267,4.260000610351563,8.740000152587891,961.0,0.082763671875,0.0,1.9367931881408138,10.155483471910074,2.2362590796603694,9.746382964352097,2.1221599823483634,9.703720463356996,2.030890071607118,9.30312184821846,1.9644115006729956,7.73991367747923,0.9238343840575834,5.729295616789073,1.7943538240268873,6.680940307817182,4.008979949186836,6.653191672729356,5.560024704243,7.914125470190816,7.634997709737151,6.843616585064191,10.691739314340174,1,218
2023-08-07,3.0,1,100400.0625,296.7646484375,1.394677758216858,2.479067325592041,2.8444508879716794,0.4347876997442141,6.152337140427116,2.601759684529576,13.1,7.160000610351562,852.0,-13.8177490234375,1.399999976158142,3.0636020357883007,9.7343984958028,3.096018056716232,9.77625679615852,2.795205078223038,8.820801250912972,2.4441895889625807,5.5916389259348716,1.6963985278289178,7.277902698918532,0.4347876997442141,8.902696163572276,2.2265871018370897,8.977297957435614,4.195494200010294,8.555699567669254,6.152337140427116,7.174546454653584,6.277276654013863,6.579440655481526,3.2603632661162947,0,219
2023-08-08,18.0,1,101015.96875,295.70001220703125,0.7315600514411926,2.046557664871216,2.1733794846983727,5.675679817285872,6.686110907986342,4.260212745456561,5.760000610351563,8.6,166.0,-2.0771484375,5.199999809265137,2.450914546570037,9.775404086253172,2.6833381221920116,9.722510401166105,2.8250788988508964,8.962313879598483,3.089953760098147,7.839897842357408,3.6001754525331973,7.245631304905458,5.675679817285872,7.180724084336215,7.7081689785105905,6.9603093656734885,8.63897097720808,4.425435823282421,6.686110907986342,5.164491802080031,9.96597528594323,5.236018397887691,15.570547323714605,0,220
2023-08-09,2.0,0,100855.6953125,296.262451171875,1.37359619140625,0.7674365043640137,1.5734437661626843,5.123588268602232,7.413728736177864,3.5530290124955144,3.9,5.939999389648437,470.0,-0.0390625,100.0,1.6855735372558265,9.251510960720829,1.955443739416274,10.193541654373279,2.198620778694414,9.22469552861059,2.4316401516437134,8.019315646162301,2.988118708109937,5.493690445138981,5.123588268602232,6.105508420354651,5.855371606003508,4.881452814405753,5.531036675413851,5.5634430559930115,7.413728736177864,6.657033639204594,14.178920301410303,6.579453053890841,15.208490411560817,0,221
2023-08-10,26.0,1,101124.25,298.6172790527344,-0.4365869164466858,1.136511206626892,1.2174834119613045,2.1708590851781824,8.111481675935005,1.6396421268607992,9.0,3.2199996948242187,22.0,-13.47216796875,5.0,1.1767571313662175,10.020664809973084,1.2582847415578082,9.450298743444069,1.3325297917311536,9.451203084095047,1.3774614911497312,9.496562746328664,1.5185974754242082,6.026266826132789,2.1708590851781824,8.31396997070218,0.3772134737200188,5.467405458176701,2.9323750479418393,6.5627556426056985,8.111481675935005,3.012975077779636,19.592018032647932,4.315394390956738,23.254998185436907,0,222
2023-08-11,57.0,1,101458.6875,299.45526123046875,0.09946288913488388,1.2229101657867432,1.2269483036785283,1.7610539564072012,9.57576093296969,2.821433864346788,8.019999694824218,12.280000305175781,66.0,-124.5791015625,0.0,1.1176171502215821,10.221268302807438,1.1253629212861025,9.533864999680176,1.0763360106344901,9.066836602252852,1.0314393449739272,5.551700750844133,1.3761572485795412,4.53083436135907,1.7610539564072012,2.935636036556887,4.848839002538604,6.489286388414986,9.304967046700888,7.701273536954761,9.57576093296969,5.503159804005237,9.44983308461077,7.103252453573738,8.3445879507182,0,223
2023-08-12,48.0,1,101303.59375,300.222412109375,1.1366723775863647,0.36219969391822815,1.1929847912870883,0.4580734174601191,2.828639412043168,1.0855590189707052,7.419999694824218,11.240000152587891,42.0,-91.9326171875,5.0,1.0066859485436903,10.178833060948804,0.9072281678507875,9.823059069353747,0.7793796224481155,9.103491303876515,0.6976141422321707,3.4031453033349393,0.4677267933579149,4.158089954805001,0.4580734174601191,4.031230749340249,0.2566112492470122,5.538675396571052,0.803864646964748,7.004909507805061,2.828639412043168,6.042386158516252,5.150630186122722,5.13417373090276,4.41751906846565,1,224
2023-08-13,50.0,1,101077.109375,301.87652587890625,1.4071508646011353,0.08176758140325546,1.4095245627928095,2.20222816077553,2.5307847921661977,3.2075041036655767,10.9,4.619999694824219,887.0,-81.1849365234375,5.0,1.2498595254615246,9.82298840297091,1.1555770246336916,8.6950147295675,0.9209852251057221,0.0,0.2723190036233036,4.3495020370745525,1.119004218262883,5.889259684978954,2.20222816077553,7.6269073901389035,2.4021005486201643,8.40387412708861,1.5313660815873136,7.743589853219717,2.5307847921661977,6.131703975786196,3.845914631750212,5.582499277983632,2.684878513054533,1,225
2023-08-14,44.0,1,101039.7578125,302.409423828125,0.25672608613967896,1.2473852634429932,1.273529849967932,0.7366301065702516,0.789598183026078,1.6341099535031707,9.140000152587891,8.219999694824219,801.0,-43.30615234375,0.0,1.180094821786595,9.93755739260343,1.2218133447697208,9.193810306654383,1.159994357332419,9.029459188336073,1.065557967654372,0.841857666710682,1.2552621061206466,6.172343085201296,0.7366301065702516,6.309667313393776,0.15680127942618682,6.377911853399327,0.7797905448848536,7.480298582607286,0.789598183026078,6.343133060505573,0.9871773185566555,5.451760969711654,0.826790651029118,0,226
2023-08-15,18.0,1,100924.03125,302.92938232421875,-0.4970971643924713,0.4304834008216858,0.657587674177398,3.6896064204513346,2.2533908799513624,3.2691107399416355,10.740000152587891,9.84000015258789,357.0,-87.3048095703125,2.0999999046325684,0.6114638623965953,9.843047634080346,0.7481304645397577,9.298033358107778,0.9299022250783455,9.49630182131563,1.2067129272166595,8.722687990650396,1.942597494194531,4.3162485246542115,3.6896064204513346,5.957966580405288,2.48337112589159,5.887048639176269,2.0138252724830696,6.256455745267207,2.2533908799513624,6.983403231447594,2.677322637690391,6.213470629037389,1.5866537423229359,0,227
2023-08-16,13.0,1,100970.65625,303.3272705078125,-0.0269775390625,0.2708715796470642,0.27221168283959557,0.9342119530240443,5.521813495484776,1.0948094152137264,8.259999847412109,4.319999694824219,798.0,-7.2569580078125,5.0,0.15713185627923615,9.713652561230573,0.08975027421725792,9.625973275284743,0.1802995488630261,9.381584650863722,0.32543003595498987,9.10389903272919,0.491476196646419,6.82678726880492,0.9342119530240443,7.824005322004577,1.514613976547634,5.712930367150419,3.676984412045523,7.6357791098901195,5.521813495484776,6.289514683595473,8.621348159025025,5.26900417650164,8.19375461500344,0,228
2023-08-17,52.0,1,100839.7890625,302.1822509765625,0.41377684473991394,1.1137255430221558,1.1881059979744715,0.6354382475093022,5.788018617969486,1.7170997082527326,6.080000305175782,9.819999694824219,1352.0,-12.1478271484375,5.0,1.0475853136087572,9.915086881777173,1.0778409875410229,10.007296512791795,1.0514943521410727,9.03323469275123,0.987751818784112,8.924953942871634,0.7824070906454035,5.1926590780634605,0.6354382475093022,4.187418450414292,2.4783716745673434,5.05148678352153,5.362795370285223,8.502902661837654,5.788018617969486,7.266283467382432,4.460629463260977,5.771104143722444,5.936993531721693,0,229
2023-08-18,0.0,0,100834.6640625,302.12188720703125,0.34940674901008606,-0.7860254049301147,0.8601866154790763,1.905678493765013,2.951276991797022,1.7993112647902112,7.780000305175781,5.339999389648438,1555.0,-14.0604248046875,27.600000381469727,0.7310980886227904,10.25418716847279,0.7530786039291519,9.913453783613436,0.8193691086298788,9.495074914498328,0.8534421430688661,7.753910911273641,1.1947907815685976,4.752712110663425,1.905678493765013,7.0768203044247855,2.210996337657203,7.24549167145085,2.7946853480539864,7.2316676754576825,2.951276991797022,6.197306788690204,3.0478705145692997,6.166048918140034,3.3593697367428987,0,230
2023-08-19,59.0,1,100939.265625,303.30645751953125,-0.24735108017921448,0.9933422803878784,1.0236754577853346,3.1225187963985492,9.218621892993358,3.6549657099314867,9.680000305175781,14.120000076293945,1088.0,-47.1407470703125,0.10000000149011612,0.9441164890208971,10.27354755454175,1.0311617277826588,9.21078137154754,1.0659120477800221,9.345410204909351,1.3143254240935247,2.53044852209662,2.4551829173992514,6.283749326034171,3.1225187963985492,5.894985447103229,4.758168637540298,7.075206722991192,7.984164560778208,7.63566872780695,9.218621892993358,6.394555374353228,11.35112350340421,5.511066181435238,11.936508481501258,1,231
2023-08-20,61.0,1,101174.7421875,303.9221496582031,0.4324023425579071,0.5092529058456421,0.6680645986443198,4.720526960619493,12.474404421440854,5.3849614912506185,9.859999847412109,13.11999969482422,702.0,-58.410888671875,0.0,0.4918083765918706,9.603540293564631,0.422378180222065,9.478388174327296,0.40222351356341535,6.525716146769279,0.854171203650656,4.200662288228328,2.321953631200268,6.675686790712526,4.720526960619493,5.60687119699361,6.848197525188977,6.080135040682462,10.505040085021667,7.514092245097905,12.474404421440854,6.740261142042965,10.351897413579247,5.763167723541953,9.574661414232537,1,232
2023-08-21,53.0,1,101205.046875,305.8177490234375,0.26289063692092896,0.011147460900247097,0.26312687598421836,4.275129767279852,5.168971296084015,4.456537828617271,11.740000152587891,13.34000015258789,363.0,-72.728271484375,0.0,0.1377467781066434,10.139309642532828,0.09640164293444549,9.399580492920817,0.21939784213493982,8.468396641227086,0.6874510682639237,3.63944147416963,2.15853898594981,6.402998858729149,4.275129767279852,6.14772119402243,4.638466922168427,7.3797424097777835,5.873450409052228,8.254608370722208,5.168971296084015,5.755354286250168,4.528398140674279,5.013698025726152,6.469820593354474,0,233
2023-08-22,49.0,1,101017.1015625,306.0501708984375,0.8542749285697937,-0.08693115413188934,0.8586866012356478,1.3025711008076395,3.66886196262233,2.159648608701723,13.519999694824218,8.740000152587891,1088.0,-49.12451171875,0.0,0.6815928399797443,9.778803481408074,0.5435500027240504,9.20882912802664,0.3323344993467125,1.781792780761816,0.5212702016280495,6.539386346363446,0.5747559341052111,7.324939744606772,1.3025711008076395,7.630185755831246,1.718970833451779,8.437005124156059,2.3988736280132112,6.985001418801903,3.66886196262233,4.752513619606436,3.737080589325223,7.505513701649956,4.54116711316923,0,234
2023-08-23,23.0,1,100772.171875,306.74237060546875,1.4214307069778442,0.45878419280052185,1.4936358961618326,1.4572423697235684,3.095032446992762,1.1454793782429664,11.88000030517578,5.280000305175781,1792.0,-47.095703125,0.0,1.3067118026936435,9.972349869290536,1.1424194416032822,9.065070719592354,0.8968532544313788,3.809616080194285,0.37101267664049165,5.127103986096263,0.573964755719124,7.850210581012156,1.4572423697235684,8.676457400569257,1.9330937295908361,8.582864609990674,2.4452421277617726,7.645110240298506,3.095032446992762,6.754963821135522,7.288606905478073,5.900677802642615,7.729099856786863,0,235
2023-08-24,25.0,1,100787.578125,306.44891357421875,1.062558650970459,0.4679614305496216,1.161042112601524,1.680879951703787,3.1973639587378138,0.5327341989583981,9.04000015258789,10.5,2190.0,-34.3099365234375,0.0,0.9894378084430494,9.946216516305322,0.9211527990340009,9.476509950256304,0.8306135985301507,8.355525250116946,0.7681415519941897,4.603219594066601,0.9932102581450585,7.551688123193398,1.680879951703787,7.156250490250369,2.1633725299653768,6.061503947881017,3.1637844880109025,6.805503295551111,3.1973639587378138,7.79809094028187,7.775446882004769,7.236362278043329,8.201028983364383,0,236
2023-08-25,56.0,1,100563.9765625,305.23663330078125,0.8811279535293579,1.0883495807647705,1.4003182782645116,6.670368460537764,12.373201962433157,5.373343935980116,10.259999847412109,8.519999694824218,1470.0,-96.7733154296875,0.0,1.3242140769250546,10.435714439580957,1.5367373570753078,9.333594438823791,1.7332268297556537,9.574956897425489,1.9206484622525666,7.942847780515256,2.445870248487998,3.5332892361453614,6.670368460537764,5.022596183547657,11.060918177052958,6.923667178221125,12.261069008489171,7.88938857885302,12.373201962433157,7.317544467011026,10.20480118634286,6.383144206906314,9.876352969156322,0,237
2023-08-26,68.0,1,100344.375,304.82110595703125,-1.0539013147354126,0.8451464772224426,1.350918409513519,3.8324831170681066,12.621718754518996,3.7406293525768803,11.259999847412109,12.819999694824219,1285.0,-63.8760986328125,8.5,1.4134906984295952,10.251497216289565,1.8385879234625355,9.777846033141072,2.0675080611173606,9.526822879993293,2.34647954326126,9.311539860737923,2.4901959948160592,2.6559850631610042,3.8324831170681066,6.930689582719525,7.513395459360092,7.441397436032251,10.747384675169851,6.894837288528596,12.621718754518996,7.364657162637305,15.462214431731537,5.9499165312421125,15.457491536049123,1,238
2023-08-27,79.0,1,100007.2890625,303.8953857421875,0.22300781309604645,1.6491552591323853,1.6641651220434486,3.6000797305193357,14.036639214489227,2.1047195507276584,6.539999389648438,8.04000015258789,1458.0,-4.00146484375,68.19999694824219,1.6176432749363707,10.246353296749689,2.1816549307033406,9.79435416484559,2.490852182345102,9.483887234762093,2.7274567383511497,9.344232401608261,3.041206129187286,7.925231998848998,3.6000797305193357,6.140927666583685,4.948727705453711,6.306361762412609,9.072207820806359,5.472087207739281,14.036639214489227,7.325063143013432,23.639342852013474,5.827149292301288,24.902346114752884,1,239
2023-08-28,0.0,0,99355.09375,295.4878845214844,0.8419482707977295,-3.708378791809082,3.802755600119297,8.1207129195009,14.345878769384958,11.284655905752263,3.080000305175781,0.1399993896484375,889.0,-22.1650390625,86.0,3.791678822953969,4.036692621329022,6.371771586473095,4.918243930538527,5.683974247835513,7.287217446751,5.461040089596137,6.911765773106953,5.853161001955114,5.025054543142036,8.1207129195009,5.3167849432129595,9.311995616651846,7.4827827320747184,13.163192583033169,6.648403758859875,14.345878769384958,6.8457522960575155,23.323130283942245,5.253852160717666,30.612129329388235,0,240
2023-08-29,2.0,0,99423.234375,291.864501953125,-0.9901757836341858,-3.942553758621216,4.064994246258395,5.3137114155721274,6.913078646946915,5.708436448465632,4.719999694824219,0.11999969482421875,470.0,-34.13226318359375,100.0,3.7128691197535826,1.2673743539886009,5.159468995082514,6.861880900735466,4.794240482504525,6.3682495167922815,4.654695599239818,6.489788327771294,4.781887864260681,6.462402297923417,5.3137114155721274,6.7999228501123845,6.14350239823905,7.533635966376019,6.587640415512099,6.252998417316715,6.913078646946915,5.806931593681835,8.561836869413277,6.5033626410750704,9.400472137029949,0,241
2023-08-30,0.0,0,99925.4765625,290.43115234375,-1.0025421380996704,-1.863165259361267,2.115768305452229,5.902690321689352,4.883102530856107,3.8565517031923,4.780000305175781,0.1,36.0,-38.34130859375,100.0,2.081250423277398,3.970684149140284,5.359221233340643,5.045962794386415,5.65393455867727,5.741597283960736,5.655091342680554,5.870545905484025,5.709986299124001,6.912195564071028,5.902690321689352,7.741742332798463,6.360178087419305,5.5685341330130775,3.9936859501712627,5.087200051618182,4.883102530856107,4.973701447134744,2.487541489074583,5.940562932567478,4.6525594003157575,0,242
2023-08-31,22.0,1,100682.53125,295.6914367675781,0.3562890589237213,1.893007755279541,1.9262451181137974,2.639544969694371,4.724863016636113,1.0405014295953257,4.339999389648438,6.1399993896484375,203.0,-3.3233885765075684,5.0,1.9433600663264523,9.703229277510278,1.9832619854715137,9.522704457381332,1.9520259792791586,8.627563897823705,1.9693826630218199,7.428686271219879,2.10830225676103,6.930192460099471,2.639544969694371,6.346329298408578,2.9279534053387266,6.988708010975988,4.077590997432899,5.455011200849553,4.724863016636113,5.548162373286524,6.700049185551017,5.644156747250575,13.935196830765518,0,243
2023-09-01,34.0,1,101114.8046875,297.34149169921875,0.2353222668170929,1.311123013496399,1.3320736187537885,3.8215283455911804,6.104735835354254,2.803754238786504,3.519999694824219,4.919999694824218,296.0,-0.81982421875,3.700000047683716,1.438239924559558,9.892661937975557,1.645822172728284,9.592250282032774,1.839155560954713,9.176453902986612,2.0450588745019727,6.874488786275359,2.5360333380159616,6.294729816124176,3.8215283455911804,5.813123910043046,6.205069768075625,4.953150051644708,8.066000766859306,5.55571225550288,6.104735835354254,5.519318679421731,8.909500382839042,6.968208547635694,11.332490160468783,0,244
2023-09-02,58.0,1,101297.09375,298.99578857421875,1.2590185403823853,0.7252660989761353,1.452975773834737,1.357354364463533,3.4400205879886934,0.6493935692057642,6.519999694824219,13.519999694824218,605.0,-2.1546630859375,5.0,1.3752694175739935,9.836696249718099,1.458612704079422,9.783376050501708,1.5082514013565702,9.47728939934016,1.5440507495804197,8.750764936137138,1.4533308560015947,2.7769831858752787,1.357354364463533,4.852860833017832,1.2664229326692367,5.227138102222724,1.829152497184474,5.626024234585135,3.4400205879886934,6.409325517466652,6.8029764824164864,6.04370825745601,10.011767395758111,1,245
2023-09-03,28.0,1,101407.0625,299.47235107421875,-0.1667822301387787,0.13249267637729645,0.21300380650045564,2.8691167885537436,7.531120388389304,2.896811616258692,8.45999984741211,11.719999694824219,111.0,-83.29365539550781,100.0,0.2772422513394461,9.615608734551467,0.36550988244863947,9.194063007635295,0.5646838702651297,1.302954822152167,1.615372661783591,5.204763032286196,2.2362908258520426,6.143200916071521,2.8691167885537436,6.632989706449548,3.554716573754408,6.843990684385454,4.853765683898928,6.511553704574461,7.531120388389304,6.075120284052575,12.44563505780415,5.539612078715223,13.728031188595475,1,246
2023-09-04,19.0,1,101481.609375,299.2510070800781,0.3821118175983429,1.1844042539596558,1.2445171264173258,4.713959071690482,14.443245885859975,5.955535563432783,7.44000015258789,6.960000610351562,0.0,0.3328857421875,0.0,0.9939890249602635,9.499889838699499,0.8582231203439479,9.79684301147162,0.7026534349493436,9.614266387557,0.5807074999691874,9.448384086838443,0.5638098470596256,3.740836327352383,4.713959071690482,0.8412592552297425,8.72579295518765,5.579769701484499,12.515817822235613,7.754235523931874,14.443245885859975,3.912000087753302,22.303130349796525,4.573506303264794,25.285106407092094,0,247
2023-09-05,0.0,0,101346.828125,298.3999938964844,-0.634326159954071,-1.0783520936965942,1.2510846954470773,7.832387262255231,12.820414196414562,6.71992857379346,9.84000015258789,17.839999961853028,0.0,-0.06793212890625,0.0,1.5535621061505624,9.911630601637434,1.9351394342016301,9.68918699862554,2.3443822939808894,9.45913824999258,2.7975543041003945,9.107542620410344,3.6953888000722808,5.482316885368701,7.832387262255231,3.606270339444335,9.036760666249178,3.0101423090456123,10.595065379869725,5.201415817496191,12.820414196414562,3.2472017745330883,18.27300236121075,5.998454034274497,25.920945809932004,0,248
2023-09-06,0.0,0,101331.890625,300.1094970703125,-0.7001391649246216,-1.1417431831359863,1.3393178661164946,3.6555877785488753,9.63788976796277,2.4021132033818122,13.720000076293946,18.379999923706055,0.0,-0.37701416015625,0.0,1.5238893182287325,9.905832204343758,1.8063617012004112,9.659353888819624,2.0509044741892004,9.280905217745746,2.304646318073735,6.360707842633228,2.8707051998437323,4.799380248202448,3.6555877785488753,3.7819873084158293,5.028904855374191,2.499903886817116,7.220216970071663,3.172340707998492,9.63788976796277,6.289075115751066,10.685236285415467,6.830644096710974,12.407136547848708,0,249
2023-09-07,0.0,0,101284.3984375,300.79998779296875,-1.7816345691680908,0.05584716796875,1.7825096477228106,4.048842079724791,7.295031986163179,2.6271355755008217,9.11999969482422,16.179999923706056,0.0,0.2923583984375,0.0,2.413906708721161,9.90971151728694,2.7863518539367598,9.699241705956421,3.072091704197733,9.6366440463943,3.1816142962959053,9.493841923562833,3.3242987157653885,6.732170499876332,4.048842079724791,1.0185561321263366,4.265820068409136,3.5336999809840677,5.037798548316949,6.107810658562957,7.295031986163179,4.9362970868243,10.668501403915055,6.475036786382196,9.281049916067246,0,250
2023-09-08,0.0,0,101136.8984375,302.0,-2.6131176948547363,-0.6056908965110779,2.6823954871120934,4.9787426568317095,4.083343128860859,2.338575102890818,10.05999984741211,18.419999980926512,0.0,-0.0335693359375,0.0,3.4863576514165833,9.890892094053683,3.9000696066990233,9.770801241215823,4.164723005231332,9.619832458875116,4.342127137300147,9.487361880008876,4.454634010492158,8.066083588489676,4.9787426568317095,2.6230692962861206,5.0173576607703,3.063128102073596,3.8985632337216223,5.308025649846474,4.083343128860859,5.979205405628578,6.829529268854658,6.814215054369432,10.480937581438589,0,251
2023-09-09,8.0,1,101081.9921875,301.8189392089844,-1.037451148033142,-0.5859740972518921,1.1914992770478101,2.542101586058085,5.927807951999118,1.3533291544307928,11.65999984741211,17.1,0.0,0.0845947265625,0.0,1.3879564470304093,9.965883511295376,1.7177694512653618,9.754943446211357,1.9996068131061808,9.560944103787412,2.2494451132073636,9.429591965678465,2.429101069872355,5.312766835419048,2.542101586058085,3.774561198991305,2.834726249090697,3.5189302740847666,4.527310455742661,4.725756881036646,5.927807951999118,6.26641809604489,5.901881979364989,5.953619945109117,7.257467232072352,1,252
2023-09-10,19.0,1,101050.5078125,302.2646484375,0.3798510730266571,0.31919434666633606,0.4961571007485955,3.857316102586324,2.8782116521597185,4.295363606204084,15.620000076293945,16.320000076293944,0.0,0.07666015625,68.5999984741211,0.34179689177420275,9.999570305304923,0.3017248218210255,9.664850526196968,0.3903884883697891,9.051910205810216,0.7316177520215309,3.3914419588305473,2.070174902298279,3.4031754844994504,3.857316102586324,4.3935908489059115,4.502751331793838,6.225395455607649,3.99781937676941,7.0393191988973784,2.8782116521597185,6.527971550225429,4.09248033050052,6.142373649656971,2.8494665992733363,1,253
2023-09-11,19.0,1,100763.28125,301.33428955078125,1.5159229040145874,0.28151366114616394,1.5418405210422825,0.5614166323812961,2.0996879039217062,1.628319259912125,13.879999923706055,15.859999847412109,0.0,-0.48046875,5.0,1.327018486983613,10.146751597974703,1.2883456838408607,9.602871259313432,1.196251054014021,8.907380189593749,1.0665532711479413,1.692768901402281,0.7268470293653001,4.526445843061972,0.5614166323812961,4.227289135593521,1.0574625924340024,6.1512023631687125,1.5168139066026505,7.413091202252573,2.0996879039217062,6.259052252567211,4.92082952237509,6.0716478906152345,3.091131304830765,0,254
2023-09-12,9.0,1,100764.640625,300.71673583984375,1.0661083459854126,0.7461327910423279,1.3012690525976427,3.676506572819073,3.276475437724434,2.4051219558486334,10.4,9.640000152587891,59.0,-197.46932983398438,52.79999923706055,1.2836296464033705,10.198523910870282,1.5482034815723635,9.780027618797996,1.7401590714196327,9.502008527735532,1.9225391067530975,8.977047634183101,2.209849562939174,2.055203223466871,3.676506572819073,2.5110320988217536,4.180949890737771,5.730677896151283,4.359737647874356,8.503543307590864,3.276475437724434,6.678603278237309,5.332329998586719,6.543056111411435,8.29610393932817,0,255
2023-09-13,5.0,1,100892.984375,298.79998779296875,0.33818113803863525,0.8810790777206421,0.9437514626861055,5.895389138861747,13.244407545021192,5.2079967167941765,7.3599998474121096,3.4399993896484373,286.0,-40.07905197143555,100.0,0.9574780579792023,10.024166214502463,1.1475090557809402,9.681020491412006,1.245949300253799,9.449980904424983,1.4971077011390344,7.782083904221309,1.9853444221823824,2.6650269597906933,5.895389138861747,5.017406547618051,9.335174651976907,5.860577542176467,9.656516007585818,8.025924294239319,13.244407545021192,6.291373324146342,14.35179497734337,5.721782608755388,15.189518688132713,0,256
2023-09-14,0.0,0,101025.109375,294.7143859863281,-1.054868221282959,-2.305715322494507,2.5355611041066672,3.611477450534406,2.352323599963181,4.2694823489586815,5.6,0.7,397.0,-91.2801742553711,87.80000305175781,2.884870379376096,2.260963487822778,1.9017556451739792,6.916741710209598,1.2066829511768393,6.551046539906817,1.5722841522849282,6.384532001241668,2.068490900395651,5.816995192701269,3.611477450534406,6.4874226404001085,5.909287235250458,8.102520870718935,5.36686101149222,6.398844553235069,2.352323599963181,5.649169491656613,1.839945590989657,6.704745315974863,3.616794376700162,0,257
2023-09-15,6.0,1,101073.578125,298.9878234863281,-1.135373592376709,0.4299560487270355,1.2140574113703841,3.01091081693067,0.44082506225079743,1.900764267274058,3.419999694824219,3.9600006103515626,67.0,-6.1593017578125,88.5999984741211,1.3388257139398831,10.054615272691866,1.666224382275325,9.781434612220465,1.947723418278709,9.698333029863317,2.2180953580714955,9.467602288539887,2.4155305108773772,8.072253902150395,3.01091081693067,5.297237400822182,1.9256961263498003,6.269775927570543,0.7273147916926611,5.3625248569029464,0.44082506225079743,5.799446214468704,1.6265074170161107,6.005253108242014,6.407402576211584,0,258
2024-05-15,0.0,0,0.0,0.0,0.0,0.0,0.0,0.0,0.0,0.0,20.0,20.0,0.0,0.0,0.0,0.0,0.0,0.0,0.0,0.0,0.0,0.0,0.0,0.0,0.0,0.0,0.0,0.0,0.0,0.0,0.0,0.0,0.0,0.0,0.0,0.0,0,136
2024-05-16,0.0,0,100200.765625,288.81549072265625,0.37879395484924316,-1.93414306640625,1.9708866688771585,8.673122979922624,10.39399443518477,10.406766629736957,0.0,4.2,91.0,-20.1522216796875,100.0,2.683804389414869,4.145772664135618,4.412103876707911,5.9641845835741485,4.349405926969311,6.024116063284182,5.028850718378245,6.729422405892359,5.693500008675211,4.849474453230711,8.673122979922624,4.585119324190917,14.121751506614897,6.282685051024165,11.911464367599372,5.902038035050737,10.39399443518477,7.45903859733909,12.882470973680974,5.834789878454146,15.20329926557007,0,137
2024-05-17,0.0,0,100389.5546875,290.9147033691406,3.080979108810425,2.305415153503418,3.8480347320326342,6.922658705893276,9.744283744197086,3.310154831893941,0.1600006103515625,4.8,335.0,-0.4781494140625,98.19999694824219,4.730376726666662,9.850817955148987,5.406288577802165,9.528957782594572,5.584119797053143,9.308356994481114,5.767936561513,7.961118195992272,6.230843374258639,6.91817520888778,6.922658705893276,6.211688928005912,8.500879944950409,6.103414903392618,9.159044812304169,5.641518621568197,9.744283744197086,6.374947517594949,13.792469293309559,6.745331021456638,20.472134436973363,0,138
2024-05-18,5.0,1,100663.3203125,295.4051818847656,-1.449643611907959,2.0084009170532227,2.476921646957323,1.8942170569472545,8.072051865110108,1.7842662387407706,2.6,9.740000152587891,93.0,-0.1563720703125,0.20000000298023224,2.4181198975408607,10.231901542813794,2.3506146533134316,9.821868483798028,2.132993047610786,9.727754049171383,1.9008271648125152,9.514345297695664,1.7772527055596312,9.395164122160438,1.8942170569472545,6.79480342717523,4.300755069882264,6.281143680307215,7.043916350213254,5.64981980641149,8.072051865110108,3.6828061663075164,17.385125045465443,6.598841728178364,21.903794957798166,1,139
2024-05-19,10.0,1,100453.2578125,296.1700134277344,0.13034668564796448,1.893887996673584,1.8983682473123307,2.316828755834503,7.764757434605166,0.42511433464740234,0.8199996948242188,8.580000305175782,292.0,-0.1734619140625,94.5,1.7617816103845063,10.277896073084719,1.8981284104116565,9.916777508112663,1.9240315788013092,9.754821489159546,1.9414257745123678,9.56307101595845,1.951935537913722,9.1571116486446,2.316828755834503,5.551473928662498,4.235040630961766,6.493434796242398,6.171946717813983,6.180506751323497,7.764757434605166,4.89605454881133,13.177833488961666,7.929397093890659,14.934007447617336,1,140
2024-05-20,10.0,1,100392.984375,297.04205322265625,-0.12382080405950546,2.619819402694702,2.6227438483873273,1.9853576572623053,4.802339402297372,0.6657997640277022,1.6199996948242188,1.9600006103515626,484.0,0.25537109375,98.5999984741211,2.5918882814978828,10.308661856286742,2.601209667870766,9.823032558149691,2.435135731698073,9.658020520430002,2.2451294822324503,9.426577461824253,2.107527356955346,8.848048495977041,1.9853576572623053,5.07116238136358,2.193275092599955,6.93375510146442,3.0413912148562114,6.999274046071065,4.802339402297372,5.949038932665045,7.004604312216251,5.658891177048316,14.488604186552154,0,141
2024-05-21,0.0,0,99728.578125,289.8509216308594,-0.4304223656654358,-2.4918627738952637,2.5287632346247895,6.8185666868313515,9.819475405952998,8.44386028056927,0.0399993896484375,0.0600006103515625,13.0,-0.7437744140625,100.0,2.48950759380532,7.186603057496981,4.379338169081478,4.910900375156315,4.29358098196745,4.218034825853793,4.163908372143416,4.2943571979627055,4.722354422545182,4.374362762404626,6.8185666868313515,4.689573934532737,7.422293941518324,4.982168160889009,8.640692320632702,6.0922825456189535,9.819475405952998,5.0885652307164735,11.42975878144644,5.7986101620676065,12.987384651916273,0,142
2024-05-22,0.0,0,100446.8125,291.477294921875,-1.7878466844558716,2.5451416969299316,3.110328282444029,2.2798920911699945,1.8841860478459012,0.966359490405441,0.9800003051757813,1.9399993896484375,533.0,-0.47015380859375,27.399999618530273,3.6563553188973557,9.529981968125824,3.722293871664579,8.571208473492922,3.455180262583254,6.819731911829239,3.1928337016583637,5.782190406286798,2.9359019608683483,6.072828671956901,2.2798920911699945,5.4240385800921995,1.9539855939730557,6.452767706185429,2.094117918056704,6.366586065045332,1.8841860478459012,6.462346687579452,1.3880785943435086,7.3867329719064365,2.8225860041399717,0,143
2024-05-23,0.0,0,100817.515625,294.1854248046875,0.21251465380191803,2.237126350402832,2.247197540437254,2.509731869405705,3.643020379917766,0.6109991770881188,4.119999694824219,3.080000305175781,519.0,-0.201416015625,11.600000381469727,2.2224564059175114,10.128689105487638,2.4181402104934993,9.809787576007366,2.4712971335277683,9.599637523666992,2.5198384249324106,9.24700984752367,2.5443165218795887,5.756960582942474,2.509731869405705,7.011561596654462,2.6556845545048535,6.924315337970519,2.9378667294342153,6.203301017220253,3.643020379917766,6.127675340651462,5.391229830632658,6.668605483412623,8.875612449634234,0,144
2024-05-24,0.0,0,101078.828125,293.9000244140625,0.8754809498786926,2.290358781814575,2.451980881458019,3.337000205115481,6.057582708894659,1.1171823046155602,0.4399993896484375,6.760000610351563,429.0,-0.4940185546875,65.30000305175781,2.7602499001498813,10.00956093462922,2.9890775086438985,9.739209917291848,3.1043223502610626,9.524545994741597,3.193534938706823,9.242357882233609,3.259261091563957,8.529623761129773,3.337000205115481,5.09463865420325,4.050716776211788,5.61389368813812,5.303242883478705,5.438908110869097,6.057582708894659,6.278805335035976,7.698762567416828,7.116350195905982,11.767344285266503,0,145
2024-05-25,11.0,1,100903.3515625,296.51470947265625,0.8225634694099426,0.9004077315330505,1.2195674414366005,1.457535111384447,7.003270651288593,0.6828837373846679,2.2399993896484376,3.3399993896484377,639.0,0.2392578125,53.400001525878906,1.0719739434613569,10.207299531160599,1.0854022668957601,9.799568009076063,1.0812083237566836,9.754694402914827,1.0862957154570478,9.562645571496159,1.1365005333221583,9.388443844882936,1.457535111384447,6.082080738462503,4.058126799898355,7.513103008413873,5.810512041350809,6.998267812484502,7.003270651288593,6.837271052071535,8.140163406964424,6.3765018692999105,8.798416027522281,1,146
2024-05-26,1.0,0,100952.328125,297.40911865234375,1.081081509590149,1.8218066692352295,2.1184231802092035,0.9791553641705366,3.095644749845393,1.3859921997396938,5.580000305175782,8.54000015258789,188.0,-5.78662109375,1.2999999523162842,2.031106539552012,10.148092941375136,2.0763754706582054,9.822981991700498,2.000635724992317,9.661278153760028,1.880710942408831,9.522171546355532,1.7253302914035702,8.907256786059273,0.9791553641705366,6.489691910261679,0.9819320072594021,7.302397718015952,2.367402619303431,7.289957259116277,3.095644749845393,6.248321089776463,3.64218905332,6.035514160030689,1.6027097708926052,1,147
2024-05-27,3.0,1,101015.03125,297.77264404296875,0.8343212604522705,1.654025912284851,1.8525370938667867,2.2567365962829498,1.1239037961406364,2.158005145952759,4.560000610351563,4.760000610351563,317.0,-0.680419921875,100.0,1.724010574700764,10.12896280376334,1.7624868559586075,9.912778944770452,1.7163915442280726,9.673075944996025,1.6564592964358826,9.449308632958099,1.624570092222962,8.553502569507593,2.2567365962829498,5.569084625731555,3.228375610451472,6.713173233358126,2.6774793361452374,6.842841090979077,1.1239037961406364,5.888781570403255,0.8826942685883339,6.765617736531333,2.9505361916663353,0,148
2024-05-28,4.0,1,100747.3359375,294.1483459472656,2.6269969940185547,-0.07452148199081421,2.6280537775815453,0.807029584416878,4.006068709591684,3.0781677573408577,6.6399993896484375,0.1600006103515625,240.0,-17.944091796875,99.80000305175781,3.107376564557294,8.649545667823006,3.080841789002829,7.238949276882108,2.6977775690341077,5.055472971353263,2.902731002564035,7.312459343743444,3.1235802973677234,7.748006370632629,0.807029584416878,6.617805015512421,1.5868260824334688,8.502040489717533,2.3640316311918506,5.226877736492917,4.006068709591684,5.76825043852431,3.3574225048226247,6.489269649231648,5.358675351057561,0,149
2024-05-29,6.0,1,100663.140625,296.6974182128906,0.07188476622104645,1.5208300352096558,1.5225279687448954,0.41594486158202704,3.2101783066741945,1.611874948533982,3.919999694824219,16.0,43.0,-1.8939208984375,100.0,1.294115502060887,10.172313830253435,1.2465263333302636,9.870646940522452,1.1231164213647815,9.751977229709627,1.003032349901892,9.587499624381415,0.8719161918405897,8.933268743934356,0.41594486158202704,5.862643498382572,1.707942472346194,6.395062170165384,2.128011728589646,4.774093026263864,3.2101783066741945,6.236309646597248,4.411888078278419,6.988819291213693,6.2032131869600455,0,150
2024-05-30,2.0,0,100126.7109375,289.0506286621094,-0.8305395245552063,-2.844367742538452,2.9631442348697234,4.595342914737876,6.332624460089202,7.5127502312596794,1.0,0.0600006103515625,47.0,-17.370361328125,100.0,3.470485361856738,3.6854501549319307,4.563440467496317,5.046246626947112,2.6754323753862623,6.643770906455157,1.497323849311973,7.097164934275618,2.3570067404860118,6.979260326191619,4.595342914737876,5.53387676542039,6.491019996467513,5.134319800360966,7.596019256949388,5.291267628203717,6.332624460089202,4.713173634961506,12.616857788499777,6.088179287993219,8.391715175596381,0,151
2024-05-31,0.0,0,99598.8984375,294.139892578125,-1.7720874547958374,-3.0785863399505615,3.552180710489682,6.466813490651177,14.30840353960016,9.833404216405865,5.419999694824218,9.38000030517578,700.0,-1.1436767578125,99.19999694824219,3.1926878320251024,9.520696506232788,3.1989492912025983,9.21968151776734,2.0668213401469018,8.349252510148728,2.304116091632817,8.692039652086148,3.4947380784328206,6.956613900289663,6.466813490651177,6.576632323720222,8.03169038891977,7.283331867874205,11.16921483529899,7.358271320041594,14.30840353960016,5.605803109351587,15.566882538335308,6.503777536421251,17.78047113418034,0,152
2024-06-01,0.0,0,100512.9453125,292.9763488769531,0.9217065572738647,1.1534032821655273,1.4764423825642,2.995934315767332,8.963014487913217,1.5349875799451747,0.3,7.280000305175781,74.0,-26.65771484375,100.0,1.526960666282196,9.937799485848148,1.7880687942748885,9.680290148704668,1.961696920865587,9.551058058575443,2.1232434311571513,9.353055379341207,2.3137059943209217,7.422758922344289,2.995934315767332,5.994391069045497,4.027006447644436,2.956888020538474,6.974570200009544,3.932492919029737,8.963014487913217,7.672629965577025,11.509581443543741,5.616655480842693,12.38858605694741,1,153
2024-06-02,7.0,1,100765.8046875,296.3999938964844,-1.515039086341858,2.3208398818969727,2.771577383106437,3.041365707734874,2.262422559530113,0.6771394784183847,2.2199996948242187,8.15999984741211,477.0,0.0791015625,100.0,3.085658903078875,10.041713295968623,3.1614565852034864,9.741521445622476,3.043160887082725,9.662552072067044,2.9585569537325656,9.543921654012962,2.9291975198912654,8.045961166689258,3.041365707734874,5.3273264262182645,2.3850845294618623,6.169952840136838,1.6705442340938472,7.008550835920272,2.262422559530113,6.148027861069339,4.245064979569824,7.0121209831365725,6.530307742725365,1,154
2024-06-03,1.0,0,100584.8125,292.307861328125,2.3255858421325684,-0.022175293415784836,2.3256915644095035,2.807635170547695,3.130244900925632,4.830933758967673,3.980000305175781,5.339999389648438,436.0,-11.4969482421875,6.900000095367432,2.475381051449976,8.231201258353343,2.4616574534368207,6.798355382495836,2.179037423618839,6.6598124651441095,1.7003334117155346,5.350528174986854,1.88484004905381,6.905984268190001,2.807635170547695,6.693509566312654,2.6207101384731093,5.830347300228633,2.950416241054258,6.442937850120154,3.130244900925632,6.54954618825548,4.161504640135255,7.040465431915442,4.6232128860138095,0,155
2024-06-04,0.0,0,100698.9296875,294.75201416015625,-0.48536378145217896,3.3639185428619385,3.3987535896790084,3.2532335311296166,5.311569114939036,2.361334709523619,3.3600006103515625,2.5,900.0,0.421875,100.0,4.076604230237177,9.85232325923099,4.381886021164967,9.47272331074462,4.362842444676345,8.997710703076491,4.268340941542308,7.502418281121977,4.084036359582619,4.579299770310611,3.2532335311296166,5.747411320065179,3.701845832253916,6.547236401795901,4.519397007252236,6.422875992485428,5.311569114939036,5.722176301871937,4.284179959266949,7.004944399520056,4.0821176489677455,0,156
2024-06-05,6.0,1,100836.109375,296.3094787597656,0.8294836282730103,2.6233763694763184,2.7513899515517073,2.445184541561837,1.4988954735044422,0.6911699224089284,2.3800003051757814,7.060000610351563,455.0,0.4244384765625,34.5,3.1405547600397075,10.135697632797827,3.3068857168627175,9.698807281651973,3.2714626314832005,9.429095548544186,3.223270510208438,8.498962134703145,3.1861803107581803,5.769870387385103,2.445184541561837,4.594686736870999,1.6397718376866925,5.2375654185313865,1.1017714326946288,6.203411372461535,1.4988954735044422,6.368694470707204,4.768821075672622,6.456471226315321,5.992353246665392,0,157
2024-06-06,8.0,1,101034.984375,298.04888916015625,0.9649511575698853,2.227719783782959,2.4277286033561194,3.806303162700415,6.88840210266335,1.4864829783430449,4.260000610351563,6.760000610351563,727.0,-0.187255859375,87.5999984741211,2.6733717309659997,10.015632803718518,2.8262367237511277,9.753978247382532,2.85371905769853,9.445561038852858,2.8506465860835677,8.915307912913393,2.8448808960870844,5.2514346693163265,3.806303162700415,5.70813908681839,4.903268562278745,5.923264653279363,5.6747304134666114,4.980526855536349,6.88840210266335,5.589378342083402,11.394580612341477,6.502988886592738,14.559978451720243,0,158
2024-06-07,9.0,1,100943.5625,299.29998779296875,0.4891894459724426,2.5390429496765137,2.5857388526981677,1.7620733680548561,4.227245529088977,0.8268353720144115,3.3600006103515625,8.319999694824219,1493.0,-0.376708984375,97.5,2.684055729897244,10.117031369881829,2.5609967924753607,9.690509504950013,2.3120319616066918,9.480056758661714,2.07709062869289,8.87807043527125,1.8895540904278239,5.2337426679333445,1.7620733680548561,4.657396492571435,1.9117647902776425,5.52096638684162,2.46269656174414,6.08638966436174,4.227245529088977,6.591449868401842,8.512800978436301,7.147159121732871,13.587067649608096,0,159
2024-06-08,10.0,1,100589.671875,300.49407958984375,1.3078662157058716,1.9469897747039795,2.345481447589524,4.1445701962891155,8.148298899807331,1.8855946645619843,4.060000610351563,3.8800003051757814,1346.0,0.2845458984375,100.0,2.481864768824326,10.06276166690249,2.574806374820955,9.748778272843557,2.51073271831536,9.525067880477508,2.460584836364747,9.330033058039717,2.4688041184304206,5.887229098591945,4.1445701962891155,6.150549851768485,6.079170044219846,6.315856384299719,7.184208428938825,6.001805929396349,8.148298899807331,6.382089642806693,10.756263766723789,6.5251121981953855,14.826890453409124,1,160
2024-06-09,7.0,1,100101.46875,299.9047546386719,-0.33231446146965027,2.958386182785034,2.9769920570594857,4.668859432610164,16.321987831325867,1.8798188027761187,5.2,9.9,1486.0,0.3516845703125,38.0,3.107779677100779,10.577234549599527,3.6626940922520492,9.757734814449373,3.6899675265425245,9.462354952137282,3.717580331931406,9.254790539576279,3.7740303565769486,6.924365426876122,4.668859432610164,3.032868667795707,5.977788633607943,4.271545781888922,12.412009205032506,7.061964858888296,16.321987831325867,8.17667990113832,16.66752786641861,5.932768926021403,20.691137522667564,1,161
2024-06-10,1.0,0,99667.5546875,295.3279113769531,-1.1938329935073853,-2.810744524002075,3.053771765472079,1.469052850137612,6.1452760875226895,1.8674762733304067,1.7399993896484376,2.7399993896484376,711.0,-0.161865234375,25.100000381469727,2.963919761881775,9.355873316953568,3.6526853271011843,8.700063124389967,3.3384293714451645,6.279945087414654,2.6303499896481988,5.296237923223179,2.076097010945462,5.9483738062314515,1.469052850137612,5.156642008004843,2.874571713092822,5.766678099556631,4.386719919938348,5.41941452460616,6.1452760875226895,5.649675692171881,9.08987896760162,6.007359979001918,11.983449698672942,0,162
2024-06-11,0.0,0,100388.828125,289.5579833984375,-1.339379906654358,-3.420231819152832,3.673135476822891,8.288019578402068,8.747922076422864,9.44179081130055,0.2,2.1800003051757812,1.0,-20.46875,99.69999694824219,4.932555952818166,5.203436834583487,7.699511725712849,5.142547754063191,7.542531472700796,5.472840016445948,7.39539288895578,5.9161393257913835,7.812445268782564,6.919487554716885,8.288019578402068,2.716290207677803,8.38885679063739,5.6405640009464095,9.4793582421858,4.9962672916403505,8.747922076422864,6.103103327845133,10.993179128950047,5.749019137466776,11.023932084782519,0,163
2024-06-12,0.0,0,100676.5078125,289.1810302734375,-1.1656200885772705,-6.685346603393555,6.786201396834655,6.956493731335859,8.28549517007834,11.723776231942166,0.41999969482421873,1.3600006103515625,0.0,0.4132080078125,100.0,8.920670489010103,5.001745607221126,10.955907658065302,3.651069512385697,9.14624184344175,6.309658168634483,8.169840005796276,7.57483485892548,7.7809964066372155,4.988875069872695,6.956493731335859,5.132027913341292,7.257517629956749,4.646746285040837,7.067808032875199,5.932661453320184,8.28549517007834,5.787561333490082,13.867282533960799,6.068331158155519,18.648191503071793,0,164
2024-06-13,10.0,1,100834.8671875,290.71826171875,-0.7173437476158142,-5.062780857086182,5.113348419492045,4.254120201346224,8.782269180879583,2.5103526874681594,2.7,4.319999694824219,0.0,0.066162109375,100.0,6.613330842919744,9.645966850325893,7.665642623810779,8.608308358447822,7.299040524953745,7.52493579962038,6.473641522838213,5.929083915572801,5.679155729328607,7.038722354462009,4.254120201346224,4.342430385264571,0.9178659811755316,6.576249618421499,6.912403854131406,6.085632377112071,8.782269180879583,6.0144900930710525,6.81542400155306,6.630707320192082,7.834457081582403,0,165
2024-06-14,26.0,1,100940.3671875,294.09173583984375,2.221858024597168,1.3172705173492432,2.582993359911011,7.068348184921216,11.502019225018207,4.485425328790758,3.7600006103515624,2.3,82.0,0.0408935546875,100.0,3.0778477231582126,10.110541318868412,3.462183668729769,9.67388514641638,3.6818568668941922,9.377208012854105,3.8976537351077245,8.922349784473145,4.328033874163558,5.68718229081926,7.068348184921216,6.301395828603797,8.799964326613795,4.935308821384803,9.608671855767533,5.318829775028759,11.502019225018207,2.731813994257757,13.46140376914506,5.7718110401678295,15.352074438217267,0,166
2024-06-15,30.0,1,100494.3515625,294.2207336425781,-1.1238476037979126,0.8239355683326721,1.3935218897907535,4.341167801325694,8.065795615204946,4.276157614179281,1.5399993896484374,1.5199996948242187,95.0,-1.89630126953125,63.900001525878906,1.8097331531639045,8.863188117264732,2.417866046757735,8.739935084173311,2.8727553787153775,8.301198389522861,3.3132322936215926,7.338451816845566,3.760939911163216,6.435553226671343,4.341167801325694,5.246674133096896,6.481938329985434,4.507837267921284,7.87104150032704,4.954108622645228,8.065795615204946,5.564943295252388,15.186877345379052,5.657617881411473,15.062057838745124,1,167
2024-06-16,29.0,1,100346.0703125,297.84613037109375,-0.7245044112205505,0.8662097454071045,1.1292590335774504,3.6957877517764888,8.927273201784248,3.29936949724916,4.3600006103515625,9.019999694824218,569.0,0.44580078125,98.0999984741211,1.1085945229740504,9.916352830476905,1.4082636614555584,9.795788472714975,1.6319132790594943,9.658869931290635,1.8769351864152912,9.473380164102172,2.1119370899302328,7.231924374791665,3.6957877517764888,6.365258587344181,6.687292181434671,6.398502832246017,8.669875549164498,5.737650191527744,8.927273201784248,5.226405174861717,9.401149281471806,6.096980556959994,16.22867776790783,1,168
2024-06-17,71.0,1,100882.640625,299.15570068359375,1.0762792825698853,1.5842394828796387,1.9152524202318324,4.3693733736697435,7.8300733429223275,2.4905242107728083,2.8199996948242188,8.61999969482422,259.0,-0.2459716796875,5.0,1.9846641378709593,10.071328518136449,2.2771351614633675,9.769606580648535,2.46854010249995,9.627117255700446,2.664479235531049,9.486870442565865,2.8657412281224075,8.435308868987411,4.3693733736697435,4.627824597734503,6.478045165041716,4.973687882312698,7.194404835538641,5.784468341171061,7.8300733429223275,4.969157210487753,13.355126708350655,6.381194298472569,18.073098002735513,0,169
2024-06-18,73.0,1,101084.328125,300.3465270996094,1.476230502128601,1.5901098251342773,2.1697248100631157,5.931133522974747,10.868003356261893,3.9369974197736486,7.0,14.279999923706054,900.0,-0.0794677734375,5.0,2.3360570175745945,9.762249951007474,2.5047381417744887,9.721678682674106,2.6058747088774297,9.674060156446254,2.7045634029266847,9.226096071011582,2.8888618699997193,4.60774554501267,5.931133522974747,4.695359754564898,7.843634126285383,4.462352917175737,9.249055115867954,5.579884308293955,10.868003356261893,6.257940940364052,13.924862474258902,6.881478929005368,15.990557439068242,0,170
2024-06-19,13.0,1,100878.109375,301.2345275878906,-0.3812524378299713,1.922390103340149,1.9598308934118385,7.288735586088986,19.96437950569253,6.725045846831378,11.219999694824219,11.319999694824219,358.0,-244.18603515625,24.100000381469727,1.8821235042845352,10.077787623734757,1.9045042783281427,9.706154934435967,1.8350397308138757,9.424848722173376,1.8008578710484264,8.718665396019404,2.078501880276937,1.041299412010231,7.288735586088986,4.440644137443376,11.101661541082025,5.620273230537426,15.622340272809268,5.919013906415295,19.96437950569253,5.352698574505771,26.72362794435789,7.897337772134735,16.624359668066244,0,171
2024-06-20,88.0,1,101134.359375,302.779296875,0.2617504894733429,2.561721086502075,2.575058881612012,3.8083487288946314,17.054245880224283,2.6472784253983557,9.61999969482422,7.519999694824219,1842.0,-98.2608642578125,6.800000190734863,2.8546960617848143,9.901849254911195,2.851736309443235,9.642353640029937,2.8297850318374387,9.23488110241426,3.000208980068526,6.830712093154092,3.722568271059952,0.6000148099827208,3.8083487288946314,2.3796717280567936,10.12531191180295,7.8244964522213785,16.212823816475776,8.677312599664152,17.054245880224283,7.24690414208598,16.185655751368845,6.057338630509727,15.52382112296491,0,172
2024-06-21,35.0,1,100785.0390625,302.5802001953125,-2.008845329284668,0.9522705078125,2.2231236306238804,7.198459160505525,11.784748725707333,6.314274411896852,9.88000030517578,5.739999389648437,3297.0,-14.0201416015625,100.0,2.859150389938614,9.34100329450502,3.331969643672001,8.666597556318493,3.8452818852444017,7.661095182797003,4.483568569488071,3.017650563406475,5.801496444633209,4.852526821158382,7.198459160505525,5.4308589579963265,7.09017664315352,7.933768915434566,7.76339044180235,8.89437958833663,11.784748725707333,7.002905531793076,17.470681709609867,6.630192735666202,24.415408995941448,0,173
2024-06-22,75.0,1,100290.15625,299.5791931152344,-3.017888069152832,1.9933569431304932,3.616783142609127,4.545566753123559,3.9081065049943278,1.1403773234467725,10.819999694824219,15.4,1283.0,-20.4996337890625,3.700000047683716,3.9432701844062508,10.327456161831599,4.209573081089525,9.309697286336643,3.9851750702624673,8.288366887002915,3.971491720694422,-0.5073750588917479,4.486475050139799,6.794850460569154,4.545566753123559,7.137436896068311,4.297686878659383,6.779922688622412,4.214013779883895,6.624470171770441,3.9081065049943278,6.188953739104758,8.75160341142637,6.568703299075676,14.796927925462008,1,174
2024-06-23,0.0,0,100451.015625,299.8129577636719,-1.9673901796340942,-1.3707666397094727,2.397837629920148,5.960503640892218,9.666366917779829,4.496830439010481,3.7800003051757813,4.6399993896484375,1074.0,-0.635009765625,100.0,2.936941015087956,9.070229433904572,3.5290304716185346,9.462402555277048,3.9359067395500147,9.370418984850348,4.3377025200553865,9.357795881667556,4.778429031641446,9.313029754519308,5.960503640892218,8.670848184870165,7.9619804415696676,6.769830582581347,9.680882558933032,6.413144405546064,9.666366917779829,5.1598830866829415,7.83641901869981,6.338865801813586,14.680307031410878,1,175
2024-06-24,0.0,0,100566.5859375,300.7344970703125,-2.695871591567993,0.09894775599241257,2.6976868418404827,7.168409143572764,9.862965524061389,5.270150970813173,7.8599998474121096,1.5399993896484374,664.0,-12.246826171875,100.0,3.884394660467429,9.416772281361313,4.919871323047313,9.469849555445116,5.27404243296051,8.344887718818597,5.234044715668138,8.430947504138027,5.2156255367925395,7.633186250345665,7.168409143572764,7.509844621098175,9.881677450107649,7.172106637663006,11.117344859065135,7.625197135284576,9.862965524061389,5.792140486909726,10.211279196142788,5.408695855792445,12.756646574918484,0,176
2024-06-25,0.0,0,100485.0625,300.7613525390625,-3.5083446502685547,-1.547458529472351,3.834463467749395,4.764719245421505,9.090896852167067,4.180781397023447,6.8,3.7399993896484376,1186.0,-12.15838623046875,64.5,4.787709624701542,9.942218652792185,5.547474530119018,9.522649188013723,5.547377741192609,9.31278403978127,5.119893039186261,7.161810780143091,4.401779017409707,6.983614288725527,4.764719245421505,8.054528109257058,6.203078034316674,7.628579736255467,8.103016183286043,7.822432945001354,9.090896852167067,5.615984155566421,14.786148849817106,6.07483172254297,12.229727440297435,0,177
2024-06-26,8.0,1,100414.5859375,298.51007080078125,-1.2524560689926147,1.5267163515090942,1.9747174538960437,4.55408051018912,4.165641321860534,3.096645553367132,2.7399993896484376,3.5399993896484374,991.0,0.4146728515625,28.5,2.0010054220573124,9.893153200211561,2.1655209997201395,9.91519688788758,2.254291472627262,9.545213068064678,2.395648678382472,9.44589590444799,2.628132952734109,6.844568301186289,4.55408051018912,5.159930697580774,6.08049351224182,6.67228089842362,4.959009322036677,6.60034738841917,4.165641321860534,5.949328668006441,4.727835741611077,5.854436453244217,8.454315408836454,0,178
2024-06-27,3.0,1,100387.578125,299.66455078125,1.8938428163528442,1.7912280559539795,2.606748657137459,2.141615847998404,5.223205248209373,0.6812209655747075,7.3,4.3600006103515625,991.0,-0.0174560546875,5.0,2.853597915312194,10.219750472099822,3.1746080011392386,9.053028079246218,3.16716857715444,10.213016114897192,3.083716772061904,9.165866175132829,2.971367569975531,4.005835394686214,2.141615847998404,6.599103307674474,1.5665480156465958,6.638646261121983,2.2767812572659194,6.629310616435252,5.223205248209373,5.34179673061854,6.9336789972553685,5.663637494308095,8.305572083462023,0,179
2024-06-28,73.0,1,100850.2265625,301.5693664550781,0.7758276462554932,1.3771899938583374,1.5806836545867948,0.7971248248517285,6.389259172742557,2.3683489611794575,11.359999847412109,8.140000152587891,1600.0,-36.382568359375,5.0,1.514905199374763,10.6095137571527,1.6683990137689826,9.234145498345683,1.7049706180615884,9.06074662248105,1.585282034056369,-1.6885586337784375,0.7912619553968953,4.670480983691242,0.7971248248517285,7.446622554652364,2.2025570309942273,7.870006206159975,4.281298506422003,7.598171203741903,6.389259172742557,6.382973921770216,8.130403897274576,5.728363804986432,11.747231628057966,0,180
2024-06-29,80.0,1,100999.0,304.1000061035156,1.545595645904541,1.1719238758087158,1.9396575654814945,5.620552602520788,8.644655367380292,3.689707645916532,11.419999694824218,6.060000610351563,1968.0,-19.5194091796875,8.699999809265137,2.055364335969755,9.947299135747013,2.1580791962484676,9.546053636258668,2.201239367517002,9.283635045705978,2.316441531256961,7.79583808907876,2.905885483784247,4.054435652872506,5.620552602520788,7.288154152174133,7.253810483935245,7.033967680825449,7.872886842920702,6.2772402714380995,8.644655367380292,5.9272506938743605,8.218531833577833,7.2095873800875,8.964921423785364,1,181
2024-06-30,7.0,1,100341.8671875,300.79998779296875,-0.5420336723327637,3.942333936691284,3.979421738183871,10.942153104191725,8.571985884936657,7.3565290129449235,6.539999389648438,4.019999694824219,1500.0,-2.9019775390625,30.700000762939453,4.701096050900453,9.684862324673821,5.105484791487864,9.3484150923853,5.029691974573037,8.920031812783716,5.067302077988264,5.431788426559755,6.325425843938679,6.935448010264134,10.942153104191725,7.470930190976022,11.325457335421827,7.024407298064263,10.128003840623563,3.9658784152289734,8.571985884936657,4.8501103308361495,17.171519570547908,6.238223631390864,19.098981700678564,1,182
2024-07-01,0.0,0,100259.078125,298.4241638183594,-1.771948218345642,-0.10026855766773224,1.7747828802856598,5.27583545794557,9.340846976084428,6.413851772578221,3.1399993896484375,2.3,1383.0,-0.7012939453125,100.0,1.8692308462881788,9.722129421183483,1.9226487288846235,9.389610442271898,1.8031855343252048,8.28227593744879,2.002080613679194,6.783165976189109,2.497479251371478,5.409440563127652,5.27583545794557,5.6368179385119195,7.224395272316676,5.870690967590941,8.633286172732122,5.899049250093053,9.340846976084428,6.5367214063659755,13.826415586946394,6.035773784968171,17.20862841180851,0,183
2024-07-02,25.0,1,100157.3828125,298.8273620605469,2.5849852561950684,1.1657006740570068,2.8356669120760363,1.5800798722485083,6.555614155482473,4.149575132579605,9.2,0.38000030517578126,268.0,-13.9815673828125,85.9000015258789,2.973931669649383,10.246816832046711,3.237271729451664,9.45975545996719,3.030226227707704,9.584989269850245,2.696025902464345,9.247400036013433,2.290454401756064,5.992792605534145,1.5800798722485083,8.287912989499704,3.8811507708489006,8.85678839737207,5.535377006209291,7.087730032639848,6.555614155482473,4.157951993576681,8.489059929934877,6.306168635793031,6.8248121006622595,0,184
2024-07-03,41.0,1,100102.59375,293.5299072265625,1.4049121141433716,-0.17726074159145355,1.4160506413883474,0.7758856603072792,2.8343490665851423,1.1973905149325457,6.2,0.4399993896484375,59.0,-21.0977783203125,99.30000305175781,1.5462089948007733,8.263449698493293,2.2869274432615545,5.597061535830171,2.553248631180171,7.366075930305568,1.9786442435945695,7.671658039315651,1.417591326797586,7.36089232390118,0.7758856603072792,7.288256532612198,0.9311279980039008,6.021935741328338,1.8948788567590242,5.888624922595938,2.8343490665851423,5.199197695371965,6.545482381094007,5.851188583758541,10.617229083514571,0,185
2024-07-04,59.0,1,100377.78125,296.8685607910156,0.5790966749191284,1.4490771293640137,1.5605055224984758,0.4463123884469491,4.420633863306345,1.557019320217934,6.819999694824219,5.960000610351562,70.0,-8.1226806640625,1.7000000476837158,1.3346062254059936,10.020153588146947,1.2601956513788821,9.856849381537844,1.1095471974556808,9.328201273335237,0.9491706841027552,8.626199425909517,0.623671285440664,6.246330984019764,0.4463123884469491,7.362660915037249,1.5679990218389375,6.503174017742721,3.582975686445327,5.891104040020679,4.420633863306345,2.5370800185171807,10.431551344462635,4.85701081794015,17.87265178226989,0,186
2024-07-05,60.0,1,100810.3125,299.10516357421875,1.0386035442352295,1.6851147413253784,1.9794719026877035,2.6727022028211147,7.8837416817470976,0.7285748455738963,7.0,9.240000152587891,29.0,-0.140625,5.0,1.9915880545736133,10.016579570523115,2.1123165599646696,9.784731040788337,2.1081861201166334,9.564223080553912,2.0809632053438145,9.358643334427745,2.0743672513008145,6.033650966622474,2.6727022028211147,6.076606284893062,2.9676046445307276,4.877104307085207,4.8919499906723125,2.321269320473635,7.8837416817470976,3.7233134306214906,10.544324743361717,6.320489350269795,16.71538185096284,0,187
2024-07-06,10.0,1,100510.5234375,299.6813049316406,-0.5502905249595642,2.318591356277466,2.38299927386998,5.180903920947132,11.297670637258188,3.4804140071094483,4.6399993896484375,11.359999847412109,229.0,-16.2933349609375,8.199999809265137,2.524086994707036,10.12222369232983,2.6293745913904534,9.719041938871767,2.5513913178004417,9.598503465691877,2.5110282837326374,9.380925944408403,2.5800771082992835,5.896145922826776,5.180903920947132,5.4942272028875,8.594756269298077,5.5332026329014266,9.940811528079047,5.184790519437292,11.297670637258188,4.591060971036941,13.96516497615352,6.119083951285153,16.05694895185455,1,188
2024-07-07,18.0,1,100544.0625,299.97662353515625,-1.646093726158142,1.475954532623291,2.210897179352408,6.4009260644092505,16.387165722589796,5.002057167328176,7.759999847412109,2.2,719.0,0.04345703125,93.80000305175781,2.591090261560745,10.02485081466921,2.813655042169106,9.271040649118355,2.9327571616125083,9.71203444987616,3.0633848865390956,9.363029720334586,3.288081544032504,6.615503886495374,6.4009260644092505,6.139774922298487,9.413960271684187,6.0793149595228835,12.593145025751948,6.0812332398041065,16.387165722589796,5.660825394873953,19.640587553739206,6.00365188713689,21.373953009768282,1,189
2024-07-08,43.0,1,100771.6796875,301.8511047363281,1.6479175090789795,0.9774878025054932,1.916015271540414,1.8828961074671828,5.602562705428953,0.046581166997130864,6.380000305175781,11.919999694824218,985.0,-9.3887939453125,3.200000047683716,1.9283830051968833,9.81565338048406,1.944239521035462,9.659759755534607,1.8406543913902689,9.070346670453977,1.7410107904695513,7.752296783433093,1.672276548260253,5.837415920057624,1.8828961074671828,7.344711890728916,2.5240453934897698,6.307260987766198,4.152777385179844,5.312810285076997,5.602562705428953,5.03986780443696,6.168902397895716,5.960362986726559,10.843965699488011,0,190
2024-07-09,17.0,1,100783.1875,304.86468505859375,0.8313843011856079,-0.1163012683391571,0.8394795061674694,5.0557640268798485,6.073414099328444,5.895045354604511,7.659999847412109,13.019999694824218,1869.0,-13.098388671875,0.0,0.5454065683416385,9.908636404754093,0.31167376799054497,9.645296111624818,0.5198269216279413,9.504547735084282,1.010406428507045,8.65425786271689,2.424093244593135,5.985200554479376,5.0557640268798485,7.166404853270529,4.272472069737587,8.056749806315423,5.059175434346693,6.7939199188375845,6.073414099328444,4.498799709341762,4.163174884980346,6.54372447789847,5.109760522257165,0,191
2024-07-10,49.0,1,100696.625,305.623779296875,1.834191918373108,0.8521167039871216,2.0224645536174664,1.9829161345301285,3.87751556285974,3.683923683654975,9.1,15.979999923706055,2608.0,-5.67578125,8.600000381469727,2.031991157865695,9.801204478319521,1.7096709026425592,9.436191269621256,1.3012106553711509,8.916296531302878,0.7425075059565316,4.644937305281216,1.3891195178737463,7.849005466714753,1.9829161345301285,8.81496807636357,2.124176882896363,8.665629383972748,3.4711339399757,5.522872714802376,3.87751556285974,4.993789637611207,5.53262679525658,7.0716188873869825,8.706923545586381,0,192
2024-07-11,42.0,1,100644.34375,304.6809997558594,1.7924047708511353,0.6659631133079529,1.9121249255361774,2.1783065454189083,4.793409303645587,2.540018228235949,9.61999969482422,6.619999694824219,1879.0,-17.8326416015625,0.0,2.006778120460246,9.764633996256082,1.9330958202130064,9.080295362959447,1.7302056933585088,4.683330461878119,1.1263421389190555,5.078430361968123,1.0857540502538132,8.102672825426595,2.1783065454189083,7.960562770511841,2.183866884873676,6.7494687593743405,2.2528363863819285,6.923255018917409,4.793409303645587,6.0291167814272875,6.6482543752698415,5.376813754063579,12.27929299076375,0,193
2024-07-12,11.0,1,100326.09375,304.1766052246094,0.9217773675918579,1.9250439405441284,2.1343541619024338,4.246600827183489,13.019208952380225,2.13330825594973,4.339999389648438,5.839999389648438,2005.0,0.3812255859375,3.5,2.276821553506747,9.735067149377812,2.3551885093012803,9.497510558865251,2.3036183025127506,9.7822570759879,2.3012718471884837,9.429840177002037,2.4023526366983656,7.812461317401797,4.246600827183489,5.24352382746956,7.641966604313251,6.052442339223249,10.717529829157067,6.847764524558549,13.019208952380225,6.193066209832079,18.208999395328426,6.491262181544902,19.942552539808037,0,194
2024-07-13,7.0,1,100230.2578125,302.51177978515625,-0.8149975538253784,0.6054956316947937,1.0153058518214242,3.403417745933968,14.575057558731585,3.1985099037276283,6.580000305175782,11.7,1918.0,-0.36474609375,0.4000000059604645,0.8660289379134057,10.019552980999359,0.8867200409046087,9.564548367439734,0.8631710384591296,9.498504114862197,0.9125235016443577,9.59969313024608,1.1031690636562208,6.023089484603006,3.403417745933968,6.197156979387235,6.037136402493728,6.9359667127785025,10.394824187041314,6.136974020336159,14.575057558731585,5.5351037444137585,19.920287050362333,6.17646567326656,20.944576875573357,1,195
2024-07-14,35.0,1,100444.5546875,302.2845153808594,1.674831509590149,-0.09281005710363388,1.677401052883775,3.433598429366637,7.75490988597713,2.496784133215703,7.959999847412109,13.11999969482422,1446.0,-0.326904296875,5.0,1.603736047524315,9.629146345261708,1.6143449728457375,9.482282948289189,1.5664690365924558,9.858234873314178,1.5668156461447214,9.273777342449518,1.6773824114109064,5.4100736984465785,3.433598429366637,6.560492365341361,5.1545157914449256,6.409075332156016,7.676557651093109,6.356563761544229,7.75490988597713,5.269103701826798,10.304459758454941,5.441185864601055,11.437494853400876,1,196
2024-07-15,50.0,1,100575.375,303.5,1.2419312000274658,0.8572216629981995,1.5090467471602926,0.2743376778165847,6.75229836840849,1.2772347966365323,11.95999984741211,10.419999694824218,679.0,-13.6695556640625,5.0,1.4034565607330771,9.855513786338378,1.3493634832418129,9.682174556045624,1.2182108275955357,9.10025911149529,1.0794591854745046,9.237245850485499,0.9306275668208598,4.877085586018013,0.2743376778165847,6.592558789285463,1.3487420361530496,5.839414169001727,3.75691914092688,6.439868920966979,6.75229836840849,5.6253514204189745,8.425326079711601,6.316413208795261,10.89297007744304,0,197
2024-07-16,44.0,1,100459.859375,303.0003356933594,0.9048413038253784,1.277829647064209,1.5657542565883869,4.461057185253133,9.018321374712528,3.0496354502117446,7.880000305175781,10.740000152587891,1504.0,-23.154296875,0.0,1.4493687190154505,10.001104629592186,1.526139234270451,9.39193853944842,1.531779575492853,9.426296817008314,1.6048510720689075,4.403306835270518,2.3161872821546003,6.182634375034014,4.461057185253133,6.5790639188027615,5.453023246992675,6.4487162618823515,7.001913014775721,5.931106532277229,9.018321374712528,6.417695103812205,9.426625885058765,6.576051451621634,9.827821107718407,0,198
2024-07-17,0.0,0,100715.4140625,304.7206115722656,-0.8023998737335205,1.025539517402649,1.3021431791942188,2.3940473336093837,3.6174682996413536,1.5891015505540058,7.8,8.61999969482422,1714.0,-14.3033447265625,79.80000305175781,1.560071270541585,9.68802212284186,1.9983899561509284,9.554154055797373,2.3613828594668567,9.84156834592255,2.706785153495216,9.069516206588244,2.985114399497484,6.574518125709948,2.3940473336093837,6.943523648325037,1.6333941162223382,8.171806732388827,3.388338927666912,7.522966652732573,3.6174682996413536,5.11587060575768,8.18571368464888,6.134885098470995,12.107017716776976,0,199
2024-07-18,7.0,1,100992.6796875,304.25848388671875,-0.5438183546066284,0.35325440764427185,0.6484805928685654,4.058536073430381,1.3300642939514955,3.708654796081536,7.1,14.979999923706055,375.0,-24.9560546875,0.0,0.8481818476728712,9.691751397581735,1.2948908750059898,9.676859817221374,1.7570382476054909,9.636559923032841,2.2575605977929967,9.189826211563656,2.774375293392126,6.111789021422214,4.058536073430381,6.953567067951762,2.069586394614634,6.665115325150665,1.278004116439837,4.994463234983127,1.3300642939514955,5.360282383358192,3.5671917024717676,5.937030204906775,3.3646825925790154,0,200
2024-07-19,0.0,0,100727.3359375,305.7996520996094,0.7348412871360779,-0.038554687052965164,0.7358520103754285,5.880554989430741,3.894430859638455,6.613239948489372,7.819999694824219,13.65999984741211,1354.0,-7.4488525390625,0.0,0.4803585946655989,9.699571286080204,0.23271294239566634,9.524619867387273,0.42596980422982034,9.77570156949004,0.9991269765337952,8.331968742912181,2.6564587667640738,7.503982988846646,5.880554989430741,8.319058951039066,5.584103580921763,6.704361656122079,4.9137411381689,5.009591555173266,3.894430859638455,7.258183254190352,2.5095138590093886,5.827030820428242,5.704025453947041,0,201
2024-07-20,0.0,0,100324.9375,297.00592041015625,-0.6641894578933716,-0.13560302555561066,0.6778907113366626,2.9457035538959286,6.617689684834979,2.5629755203573388,7.039999389648438,1.7399993896484376,221.0,-59.538330078125,100.0,0.8315881093142002,4.410009787208154,0.8614189843103954,3.8049082925425095,0.5213987988247173,5.855466356826794,0.5675194669392064,6.427412253552542,1.1213196554898062,6.856967207737641,2.9457035538959286,7.0183795757465575,5.28644250008149,7.503182472834793,6.872460824041052,6.808050832468381,6.617689684834979,4.820694940553429,5.907384883410641,5.325291411738588,2.2414208652593857,1,202
2024-07-21,22.0,1,100214.78125,300.99566650390625,1.3606176376342773,1.0679442882537842,1.7296778193222468,3.5849985533691977,5.549577435225472,2.309680168093084,6.260000610351563,11.719999694824219,1189.0,-14.259521484375,0.0,1.6615613123478827,10.293327588932065,1.9317686296026013,9.617776993278447,2.0552881605998077,9.527459293284767,2.169406750073162,9.05843874187232,2.316327255146691,2.753717203410762,3.5849985533691977,4.329153719318217,3.4311989201292077,5.28250922220752,4.056919599170463,6.450987712870621,5.549577435225472,7.60795335564911,6.107938839670088,6.235036579817062,4.61535651427162,1,203
2024-07-22,0.0,0,100434.8671875,303.5626525878906,-1.0723339319229126,-0.6794872879981995,1.2694892816028034,5.255471895478208,3.113244717808438,4.002074632969921,7.480000305175781,5.5,1489.0,-8.716552734375,5.099999904632568,1.452122751246436,10.08957894571713,2.1093238409926784,9.66429419878918,2.6596937745584723,9.315629819312901,3.2325645077099017,9.047574776663089,3.9998886906463924,6.213881969904173,5.255471895478208,6.530257732776328,4.228373157043632,7.366460092068356,4.128057270151255,7.614870922743749,3.113244717808438,6.491647965103845,6.287976538646341,5.673177379448079,5.616684041863913,0,204
2024-07-23,3.0,1,100740.640625,303.2548522949219,1.281186580657959,1.167294979095459,1.7332099188152315,1.0509385025580436,3.5776440673145253,2.7411118759683504,8.44000015258789,2.8199996948242188,920.0,-7.150634765625,100.0,1.615596039534667,9.876788308361684,1.4525273324320254,9.574383393787471,1.165343855010818,9.478102432388436,0.8618383638433887,9.041884443148465,0.4940017485838117,6.667276356039044,1.0509385025580436,8.42826666552597,0.3308960357475588,6.809595396615675,1.7185221121357024,5.9081644693792175,3.5776440673145253,6.396436682867129,6.584681867196796,5.102857130165707,8.377716009519284,0,205
2024-07-24,0.0,0,100550.625,301.9999694824219,0.6246166825294495,-0.28737547993659973,0.6875541190065594,1.3067928621550926,4.2328644883055135,1.7979721317099928,7.340000152587891,4.560000610351563,1336.0,-8.8951416015625,91.30000305175781,0.5123010074412042,9.777362702844494,0.39633499312338527,9.377956404669462,0.4237175029375109,6.8178424594355365,0.9394125620456676,7.007894993072516,1.530719833588681,8.480893771664961,1.3067928621550926,8.507414625758068,0.6789526293164747,7.686923919486581,2.0731435060708585,6.412218070083727,4.2328644883055135,5.749532536688697,8.670520661186693,6.656401797739206,10.760099785493505,0,206
2024-07-25,24.0,1,100496.6953125,300.48388671875,-1.0870752334594727,0.4077807664871216,1.1610416515861055,0.5842297447830199,6.18996485866396,1.7352852287978446,7.119999694824219,7.160000610351562,39.0,-75.987548828125,0.0,1.103056050009223,9.890774444963633,1.2544110905296546,9.696930508743996,1.3555783169450764,9.54489890300098,1.409373902376397,8.921232619199118,1.35748463898706,6.987836610694144,0.5842297447830199,6.674213186633074,2.423335815289486,6.722197858105409,3.907085298730018,5.307773547089861,6.18996485866396,4.67206985610626,13.25180867436456,5.9288690247504885,13.154488349254292,0,207
2024-07-26,53.0,1,100598.015625,301.17327880859375,2.0955638885498047,0.9954052567481995,2.31996112815623,3.3073753129378036,2.120745701205826,1.1603742540762572,4.119999694824219,10.359999847412109,94.0,-24.8900146484375,17.100000381469727,2.5505835655180964,10.452562697569114,2.7988041878281003,9.731349132172916,2.8406762925847477,9.597517829652038,2.839063151895082,9.453780697431679,2.842203148300868,6.499419395815588,3.3073753129378036,4.891560373555787,2.8298120112072453,1.964996932902472,2.1834900033227562,5.762815407083904,2.120745701205826,6.644864933902579,6.366173026633228,5.459776562331617,10.558549491467764,0,208
2024-07-27,60.0,1,100849.8203125,302.7089538574219,1.907289981842041,1.1527539491653442,2.2285862653600175,6.542135828490952,7.722168323993364,4.316699650838686,6.3,7.459999847412109,1256.0,-5.253173828125,5.800000190734863,2.4855192848105943,10.370295065515563,2.714394149148593,9.659704155524873,2.80912019510943,9.33411080430211,2.9188498553377036,9.125790382284737,3.2325887478404822,4.176054889804371,6.542135828490952,6.990738163292139,7.245686478964956,4.609475262557782,6.945676874486924,5.001476340683269,7.722168323993364,5.463847642951706,8.289876180129507,6.704662483597467,13.60784570723724,1,209
2024-07-28,20.0,1,101009.515625,303.05181884765625,0.9915381073951721,1.4531420469284058,1.75919573298939,0.9743624539693024,0.7235944714441459,1.759333884973149,6.3,6.239999389648437,1866.0,-14.091796875,1.0,1.7341284061555848,10.104431338108402,1.8100096931208993,9.491732434925842,1.8060200367319723,9.427560061160799,1.7607427450492112,8.942934970975834,1.6673362760951336,2.0925930788671447,0.9743624539693024,3.942841757239135,1.8160201684157389,5.846790293589778,1.952609267035073,7.0437893363466255,0.7235944714441459,6.788403533450138,8.061329758686513,6.4186755750079,11.198698410231394,1,210
2024-07-29,0.0,0,101095.296875,302.1236572265625,-2.166147470474243,0.13179931044578552,2.1701534328420067,3.9354704774408744,5.910994242987873,3.0223059466190922,4.5,10.34000015258789,98.0,-143.95458984375,0.30000001192092896,2.825715006305424,9.911796626953183,3.213521851659519,9.636177239067061,3.427250510796066,9.532558196429573,3.5513645479043245,9.303377999042288,3.6242332567993247,5.319008376542292,3.9354704774408744,5.464244408369537,3.543451864888,5.351384334900261,5.562686780404887,5.326427292343877,5.910994242987873,4.938992323186887,6.388690022461266,6.906905530447561,7.790620425404461,0,211
2024-07-30,43.0,1,101025.5703125,302.236328125,0.5227563381195068,1.1038037538528442,1.2213340722602257,1.952230834836696,8.837019793269446,3.1625727709202613,5.8600006103515625,15.5,240.0,-146.83056640625,0.0,1.061352037362805,10.23692733738883,1.05946286337943,9.853378191886996,1.05823509959415,9.512354293208698,1.047520827414812,9.008449721139069,0.9619657018134152,4.702497571576747,1.952230834836696,2.8363081604781675,4.213447587685845,4.342048348141836,7.870272041403067,6.3810045571239185,8.837019793269446,6.221790352839941,5.732339082133012,6.169301113417601,10.1662363324652,0,212
2024-07-31,39.0,1,100656.2890625,302.9745788574219,1.270688533782959,1.4795238971710205,1.950292365823035,2.3724875736394235,3.678507634160403,0.5995610676637556,9.240000152587891,10.240000152587891,1874.0,-113.19140625,0.30000001192092896,1.8953072987549933,10.145194891852327,1.9961715558082962,9.703307808211576,1.9595600054238722,9.293129909292789,1.8837796621409753,7.9898904317664465,1.6764595248998408,-0.4649726754512938,2.3724875736394235,3.6782539911973573,4.6328178777299245,7.707892725556333,4.4319510072358455,9.11262600642111,3.678507634160403,8.31471039831975,6.232370875915767,5.211514588167133,4.864978911528733,0,213
2024-08-01,12.0,1,100311.65625,302.95281982421875,1.4681860208511353,1.418371558189392,2.041408354274885,2.313559008936272,1.6969195032770852,0.3478662238703608,5.6,8.88000030517578,2145.0,-0.5516357421875,33.79999923706055,1.9889285557482295,10.221963468477158,2.2143345188814516,9.730390913401598,2.267770098187524,9.424762257248595,2.3016312912372188,9.02852034377374,2.280024924204739,2.9830562701012404,2.313559008936272,4.499915775090319,2.4999908637092236,6.338338358481432,1.1701039921309124,7.191073815535423,1.6969195032770852,7.716994659126365,7.629929639347754,6.036927696489251,11.884164868018626,0,214
2024-08-02,22.0,1,100125.796875,301.5429382324219,1.6809790134429932,1.2743115425109863,2.1093981015949805,3.016463448573918,6.469025874161467,0.9613691131301804,8.0,8.34000015258789,1653.0,-31.0653076171875,0.10000000149011612,2.040506080890992,10.322836151978512,2.2938627310981685,9.65023035256472,2.2666594319503153,9.109642561183303,2.2092348227930043,3.525807972461614,2.2072576296982582,4.549814396135661,3.016463448573918,6.636237034304859,4.14358361652133,6.667077023349145,4.7922640600381925,6.936521633685476,6.469025874161467,7.280331908459932,7.885425837711262,5.514961261477669,14.888192652527705,0,215
2024-08-03,8.0,1,100164.1328125,302.7876892089844,-0.07743652164936066,1.458349585533142,1.4604040292021379,4.254950935616594,2.725037114328791,4.1653335697698655,9.54000015258789,6.239999389648437,700.0,-14.135986328125,1.600000023841858,1.3106324238056632,10.097720235114894,1.5201406911095754,9.665927665044066,1.7178012030626375,9.486134631668078,1.9961316452960105,9.008195411412325,2.4787410077298575,6.396632759597591,4.254950935616594,8.49131961985819,3.034932916967554,7.398600120168562,1.5008838135267824,7.086727751847195,2.725037114328791,6.660917000732905,7.268684321078177,5.596156195530044,13.125279251105662,1,216
2024-08-04,9.0,1,100386.6796875,302.0200500488281,1.713230013847351,0.8663354516029358,1.919816187829308,2.4147802858879452,2.926626347418184,0.9537742995753883,8.34000015258789,4.760000610351563,1067.0,-13.351318359375,99.5,1.9646059081676959,9.92255845132991,2.0396953431760365,9.587247985712828,1.9684153878428114,9.297790173838816,1.937876988145324,7.261050883892987,2.168383735246049,7.039170347586017,2.4147802858879452,7.988682065175316,1.971778072478679,7.442178647258524,1.5206564927893522,6.698179525240457,2.926626347418184,6.704372792391025,7.87551021646051,6.406707973106431,10.559514805843525,1,217
2024-08-05,10.0,1,100416.734375,302.2208557128906,1.452966332435608,0.846630871295929,1.681634620071401,2.316750082821078,4.630262177153276,0.6354464845511518,7.780000305175781,6.539999389648438,159.0,-15.3486328125,5.0,1.5150736026444735,10.044147146980576,1.495606303731275,9.6973514859732,1.3641829962786702,9.452762973911929,1.2751421832654017,9.129299940194006,1.2724654338458383,6.3520530657243315,2.316750082821078,7.7880822701444465,3.5133450454177644,7.003924806112764,4.333380895758708,5.573560310062585,4.630262177153276,5.5360075996254325,11.533962582039942,4.929421343282971,13.463021672183388,0,218
2024-08-06,27.0,1,100418.578125,301.97882080078125,-0.20734862983226776,1.329003930091858,1.345081744911038,0.9406521054533302,3.316125649902041,1.6202653664105178,6.280000305175781,8.45999984741211,302.0,-34.088623046875,6.599999904632568,1.185827607220749,10.14608184633806,1.277186498584183,9.74475801325779,1.3106093638603604,9.43647233892637,1.3233914478744697,8.777498005700062,1.3121849404504855,5.6563333334995125,0.9406521054533302,6.193924182747849,1.1459764806528872,3.810493316206743,1.7991829837853235,3.8902802882536958,3.316125649902041,6.543898922181354,5.475350633523791,6.394062475152855,7.337498534031828,0,219
2024-08-07,14.0,1,100460.453125,303.1177673339844,2.2468066215515137,0.16779784858226776,2.2530637169500034,1.3039524674784335,2.1159886887127617,2.5984142455979233,6.5,6.6,930.0,-41.3175048828125,56.29999923706055,2.1440561943636554,10.208650968865898,1.9601535954229725,9.710350071308547,1.6165615677802234,9.418097124413144,1.3293450463372274,7.430983698684039,1.058338053820894,6.191688534436119,1.3039524674784335,6.159730485969085,1.0589143601980873,5.592576650992482,1.26090305455856,6.145485626730455,2.1159886887127617,7.419041390063698,5.2297616767751,6.633619827041461,7.157259407901473,0,220
2024-08-08,28.0,1,100615.796875,302.56854248046875,1.947751522064209,0.5570312738418579,2.025838056642565,1.083746584156643,2.7079858177183525,1.4308653506616233,10.2,11.34000015258789,428.0,-42.0257568359375,100.0,2.0610309360566803,9.966399399144441,2.0452383378295758,9.511299918674828,1.8950038142719006,8.781653232315623,1.703763740847448,2.6035492927792827,1.3210192043385711,7.340018351907379,1.083746584156643,7.445620546832278,1.212949400479772,7.423998929678572,1.7616180543410476,7.235612919179569,2.7079858177183525,5.747292062168523,6.065299916175626,5.897083743303815,12.586186016575116,0,221
2024-08-09,51.0,1,100860.296875,303.2894287109375,1.2573314905166626,1.1629198789596558,1.712677763598393,1.183205647237281,4.194101197108575,1.2116591441201165,7.8,9.580000305175782,633.0,-12.085205078125,66.5,1.51138282601709,10.013618434112418,1.3990416864864623,9.646934163870334,1.2077959898854986,9.45439717660517,1.0308880284842532,9.030024832568289,0.8009398955719457,6.261605693532631,1.183205647237281,6.9515073160207175,1.392041169443738,5.0352181617712075,2.215845193988105,5.286324682431329,4.194101197108575,6.50677024569769,9.29859820070857,5.051842109906936,11.08414944146135,0,222
2024-08-10,46.0,1,101159.796875,305.23870849609375,0.7120996117591858,1.6388622522354126,1.786884254469134,2.1627064319261264,3.8504712647678194,1.2777310039273775,8.9,6.3600006103515625,476.0,-10.59814453125,0.0,1.7683633909043657,9.917194319452069,1.8369253980578273,9.673094651154859,1.876301626223091,9.456598833446074,1.9408884024392794,9.18298193444329,2.0403912811905576,6.050054662649828,2.1627064319261264,7.421356174539042,1.1882875227012806,7.160765242807738,2.480793873913558,5.485909127940281,3.8504712647678194,3.8977587342675135,7.514436536689628,5.403648413626602,6.061741199251385,1,223
2024-08-11,61.0,1,101041.640625,306.43084716796875,1.3796924352645874,0.6395898461341858,1.5207321878635565,1.3486645913340871,4.1542634663288585,1.2849967069403396,12.580000305175782,8.519999694824218,572.0,-120.844970703125,0.0,1.1832293605788522,10.145489900582518,0.9546316972539297,9.530497817764676,0.7778331901150061,9.322124711699905,0.713641129545405,8.921374250911933,0.7921945789050517,4.4885195174846135,1.3486645913340871,7.003672007946831,2.170953291125475,6.58051158201264,3.5569848524608334,6.037111789756216,4.1542634663288585,5.255590773923474,2.107251877430929,6.733423960900614,2.9869523253403365,1,224
2024-08-12,79.0,1,100558.59375,305.96160888671875,1.5721533298492432,0.6817407011985779,1.7136033602402838,3.1680244440301495,4.364860272920052,1.694460489357424,12.740000152587891,12.15999984741211,1153.0,-62.9896240234375,95.5999984741211,1.6286260732681748,10.063637250948007,1.5629895677382852,9.325515428364852,1.4181198945128255,6.371140723504003,1.3119869596869602,4.150118583863222,1.802173220177863,6.694854151318986,3.1680244440301495,8.06935687352087,4.178266406487324,7.593364356972085,4.586713217851825,6.985120701207457,4.364860272920052,5.723193518957496,4.894832623437567,6.4457572542556365,8.357248659352093,0,225
2024-08-13,63.0,1,100335.359375,305.902587890625,2.072585344314575,0.8428246974945068,2.237401054834442,4.819304996230015,3.9445584714628854,2.587704766886813,9.580000305175782,8.84000015258789,2342.0,-20.610107421875,0.0,2.240654689948716,10.121147960242668,2.324641269729057,9.647912124813683,2.2323984148412945,9.35247902684781,2.220565587524286,8.826468838327564,2.527413757930569,4.925548843536345,4.819304996230015,6.797609637957756,6.2260973180994705,7.505366362926577,4.739351774591368,7.713115564729347,3.9445584714628854,6.74351939287236,6.471015893455695,6.6410801546464615,8.952575234334393,0,226
2024-08-14,31.0,1,100374.4296875,307.0092468261719,1.4075536727905273,0.3835082948207855,1.458864611258512,2.699493994557027,6.286808613388986,1.4570062288799568,9.3,7.55999984741211,2185.0,-8.4423828125,0.0,1.272214072554422,10.060332619151977,1.280965822573833,9.676112182005834,1.2404580597154695,9.342700978510507,1.2587632433401943,8.620704952237885,1.5414726098606657,6.65752938639139,2.699493994557027,8.43353163730205,3.695816410144295,8.203564742663083,5.231933501908626,7.8202087235978714,6.286808613388986,7.021670999627205,5.946885647864434,6.713130090851862,5.03313791412436,0,227
2024-08-15,83.0,1,100753.4296875,305.3451843261719,2.2232494354248047,0.5424414277076721,2.28846690048387,3.6441434060005617,8.572073215722009,1.7557640533963514,11.38000030517578,9.34000015258789,798.0,-63.7261962890625,4.699999809265137,2.1160548694594086,10.509689035599761,1.9630090144879448,9.111406310754985,1.7550337531810605,9.015692589533812,1.7188909818856346,4.250324701493984,2.129384976159875,6.497019930370593,3.6441434060005617,7.082807467231962,4.470243182833723,6.145976057500698,6.5547684600067235,7.940424038716431,8.572073215722009,6.497875812949951,6.608261851897882,6.317335445684582,7.96642725995821,0,228
2024-08-16,63.0,1,100733.578125,306.0078430175781,1.2603808641433716,0.7771435379981995,1.480713342058871,5.048642547657163,9.117725956873914,3.5727572048383793,11.2,3.7800003051757813,844.0,-48.06390380859375,5.0,1.2822927965269602,9.901478074966255,1.2712698416380297,9.664205760123515,1.2353202987460286,9.10141536280139,1.2827278138015306,3.354273784196676,2.1783296767609013,5.723494341589282,5.048642547657163,8.74983701927722,5.770700169667529,8.38686177129518,6.969459956022839,8.041281675938226,9.117725956873914,6.4887723150920875,11.512967350801471,5.549036601192433,10.304165659638548,0,229
2024-08-17,68.0,1,100414.1328125,305.53277587890625,1.823032259941101,1.6746923923492432,2.4754880791024605,3.5912736027050154,6.893927258622858,1.1222106933894986,8.519999694824218,5.019999694824219,1364.0,-11.161865234375,18.899999618530273,2.4799496398145267,10.271387607706847,2.6509389913533594,9.9048202981846,2.6273180442171356,9.546580968947408,2.618206950294709,9.347739426311854,2.634374161228563,6.7654814331539175,3.5912736027050154,6.962036522274905,4.2492693385786025,8.096287746362274,5.107191218792804,7.443591532914631,6.893927258622858,6.179750047557427,10.112014877333959,5.751342415764754,9.445947093407339,1,230
2024-08-18,1.0,0,99975.0234375,301.6253356933594,-0.5710546970367432,1.516638159751892,1.6205847014652865,3.1201410051823104,9.243404602624388,1.6617931475224847,2.8399993896484377,2.980000305175781,1153.0,-0.040283203125,86.5999984741211,1.36817230355841,10.368790132629448,1.5990188015312645,9.80190738010615,1.6630107467938815,9.638631767485332,1.7588859674137842,9.41509497169274,1.9157140092560032,7.840285351627436,3.1201410051823104,4.764321746019791,5.1387816211572686,6.08529674809913,7.691175169410531,6.8906863026996685,9.243404602624388,6.245774671546714,12.132991638236607,5.51248211735936,8.808216044452355,1,231
2024-08-19,0.0,0,100189.21875,296.9402770996094,-0.7778418064117432,0.7945336699485779,1.1119000083118262,7.214380204151331,14.812316531848742,7.234281928400382,7.319999694824219,0.4399993896484375,231.0,-93.3558349609375,86.80000305175781,0.9906071027487618,5.318276500038585,1.4341635097692682,0.8020564165187999,3.293505213729177,5.666340064296874,4.438378272175636,6.150000232280004,5.199046428357108,6.006398046471125,7.214380204151331,6.968260926339214,9.425204988055684,7.765513413715574,14.033029264995738,6.873859940458777,14.812316531848742,6.044537395272708,10.293442374195829,4.42418190796281,7.338675810407821,0,232
2024-08-20,10.0,1,100310.0390625,301.70001220703125,0.986462414264679,-0.82769775390625,1.2877079119809547,3.7817121697604015,8.607831710838504,3.6946044946792638,7.580000305175782,2.1800003051757812,318.0,-58.7020263671875,5.0,1.075933423120181,10.35278080957088,1.1269831109926487,9.090098538730672,1.4161780536050925,3.9678677803507494,2.548171624646929,4.126015513561458,3.3637247560223886,6.559324778492577,3.7817121697604015,7.578452244749392,6.39435780650527,7.625832390038902,9.374685720362159,6.952952628859237,8.607831710838504,5.224463169978462,6.572202642422323,5.289836575309059,2.7745558276139866,0,233
2024-08-21,24.0,1,100348.6015625,305.1634826660156,-1.2381421327590942,-1.3026562929153442,1.797194858212427,2.703765944359875,0.9822116340668913,1.151517316809823,5.480000305175781,1.2199996948242187,1297.0,0.11517333984375,12.300000190734863,1.8677692450044567,10.262382224554099,2.189443844224856,9.757785412039166,2.2981230028163964,9.699968777399524,2.4171798271300813,9.63738137664397,2.4906023180339862,9.482479047512712,2.703765944359875,8.951792722030516,2.6565848609482847,7.006528175381894,2.3494220709685543,6.880578498527031,0.9822116340668913,5.833217726957258,6.416747595381264,4.6410055451474825,13.648376928255962,0,234
2024-08-22,52.0,1,100565.9921875,302.81182861328125,-0.10853027552366257,0.72381591796875,0.7319073054767156,1.0578399501301357,6.849524547044701,0.44875419165122715,5.560000610351563,3.8800003051757814,0.0,-0.37884521484375,99.4000015258789,0.6733374115041052,10.138525390066953,0.8044298105769199,9.983660494172904,0.9088418930095621,9.73047413980199,0.9703694079330069,9.551024451860979,1.0779156914055328,8.233262465441893,1.0578399501301357,5.793576754294969,4.243579571378427,6.5073671389616345,5.38462010716987,4.362322754141657,6.849524547044701,4.259273630447762,4.027005874633269,6.477938471790542,7.527358870197041,0,235
2024-08-23,62.0,1,100701.75,304.0,2.4287352561950684,0.9816308617591858,2.6196095307207536,4.396463312748863,4.733442126528664,1.8878466493397086,5.419999694824218,12.04000015258789,151.0,-82.6552734375,5.0,2.58554249053576,10.519007492859073,2.598151731966802,9.557881931105134,2.461663253355401,9.68152506013642,2.3891958819672947,9.36021857031001,2.419467498252903,6.872433767729626,4.396463312748863,6.330856988600971,5.867941564928556,5.346185429328135,5.115368415646574,5.297745921771482,4.733442126528664,4.772720815268815,6.103357534590168,4.963478291057368,3.1899309492760803,0,236
2024-08-24,46.0,1,100862.7421875,305.6004333496094,2.1482813358306885,1.6477612257003784,2.707439704739535,5.525659604895599,8.023044392614528,2.8201990841532463,7.959999847412109,13.65999984741211,842.0,-11.1595458984375,0.0,2.80426627384739,10.56043876584941,3.000306691704343,9.699854583152751,3.0431808264836913,9.591068766743456,3.0949188075586203,9.315724909913364,3.2195336903781775,7.281869141927317,5.525659604895599,6.74071837470861,8.57114139594566,7.093258867306429,8.773232798247221,6.549227954158775,8.023044392614528,4.741370809111805,8.754214168319194,6.561791031902694,10.526133096055334,1,237
2024-08-25,80.0,1,100663.2265625,305.52923583984375,2.3679590225219727,1.1471436023712158,2.6311914367458,0.7465248083423207,1.1634945717926726,3.070893161006795,6.280000305175781,9.719999694824219,1086.0,-32.1507568359375,5.0,2.425557637352328,10.627798434945731,2.1800946199372895,9.972453443346128,1.7552073358307865,9.452925807603762,1.310449841422673,9.297360441862242,1.0920092964939985,7.236581068382694,0.7465248083423207,3.951771330740739,2.123633747445691,6.260515519270571,1.8759421431463,7.771952962752042,1.1634945717926726,6.864984928276794,5.06612056928574,5.660337134763013,12.454659698357588,1,238
2024-08-26,0.0,0,100627.703125,305.27142333984375,-3.5185229778289795,-0.6988745331764221,3.5872593380787334,4.29740707602846,2.80493840368113,0.8262737827270007,5.739999389648437,13.7,1049.0,-15.43267822265625,100.0,4.3585191095914935,10.301185352979703,4.740047494169746,9.83514873438837,4.734071264781106,9.56757398569759,4.637640515884508,9.41415435280466,4.534837057207089,9.360806263673547,4.29740707602846,5.045412323619928,2.212341474061119,8.562113236471026,2.074726975631151,7.457709510155727,2.80493840368113,6.409302499302145,3.805123329132078,6.430652168023213,8.045209734274344,0,239
2024-08-27,0.0,0,100892.7890625,305.18829345703125,-1.3740283250808716,-0.7111767530441284,1.5471671571601222,3.6109704844182517,3.609016699142431,2.247070262406676,6.0,8.15999984741211,705.0,-2.75811767578125,91.0999984741211,1.8881503546803924,10.414919762511152,2.233849982804556,9.69817102750093,2.540387669893608,9.773109911137633,2.8435606123775994,9.614093546991816,3.1070415894185563,9.342607475627224,3.6109704844182517,8.818129728452735,4.882458521151456,6.453561816883616,6.81378096600619,5.3342836385909385,3.609016699142431,6.515056359347024,2.05490239175157,6.455290174341563,5.4600352097623155,0,240
2024-08-28,18.0,1,100887.7890625,307.9193420410156,0.06843993812799454,0.9562743902206421,0.9587203630479664,2.83070408179637,4.177768889623435,2.8104199404246697,8.240000152587891,8.5,588.0,-5.10919189453125,39.5,0.8999881225338039,10.239984581206677,1.0858338567621206,9.709452646096148,1.3844599818311596,9.823665228607771,1.7805010317237007,9.685914784517605,2.2014730681299315,9.536483452981575,2.83070408179637,9.495753519479646,3.115210631753794,7.015756489628439,3.6422008193408955,6.607535081582683,4.177768889623435,7.009272047514229,6.686833460231285,5.824011158086176,6.9327091229897855,0,241
2024-08-29,43.0,1,100853.953125,307.7030944824219,2.957038640975952,0.6119067668914795,3.019686641953514,0.4138740076013631,1.4048904893548715,3.3176291565415617,8.319999694824219,12.819999694824219,774.0,-19.0140380859375,0.0,2.8159866863122542,10.969856099329174,2.4363828293901153,9.60914233896314,1.8636387341153275,9.753812951991023,1.2198113699474749,9.501872496269124,0.6754747201622995,9.339910946828422,0.4138740076013631,7.482209066678259,1.0883287895350506,6.41730193872397,2.041700476230971,7.919008998572693,1.4048904893548715,7.569048843329089,1.4038837784052725,5.213103018163703,2.0631195353202085,0,242
2024-08-30,44.0,1,100856.7265625,307.98822021484375,2.1178882122039795,-0.9497851729393005,2.321108001392418,1.0634196985907478,2.104019793026008,2.924218312068141,7.6400001525878904,5.1399993896484375,499.0,-0.7586669921875,40.5,1.940398605231052,10.294965282747352,1.649633217986596,10.075459366084306,1.2800525709737478,9.844099357476985,0.9551603967482767,9.661957317183216,0.834405136359271,9.541872254039903,1.0634196985907478,9.36135779579685,1.2495050973037851,7.56330774559666,0.6492520361703567,6.535798587500541,2.104019793026008,6.339308442290606,5.009575789939884,5.523343885903667,4.45707534955816,0,243
2024-08-31,29.0,1,100911.546875,308.93310546875,0.8437475562095642,0.31590574979782104,0.9009474909032907,1.4711757573740225,3.5290476663647024,2.1720969802582797,9.259999847412109,6.280000305175781,225.0,-1.7939453125,59.70000076293945,0.6784295556026353,10.1167662510466,0.5947142130685867,9.875808895267467,0.5797418046443784,9.871879705785767,0.7229502535409323,9.803396401922116,0.9542269603140051,9.639509610687526,1.4711757573740225,9.525825371578097,1.8300718700693805,9.306330092318362,2.1072035865790255,6.520866816775597,3.5290476663647024,5.488483118610374,2.7531638184895475,5.619284060132668,0.5586168139392081,1,244
2024-09-01,29.0,1,100615.4921875,308.4248962402344,1.4711767435073853,1.5785815715789795,2.157841696873465,1.5714049376100452,1.4598883482373968,1.3831488532263947,10.419999694824218,4.719999694824219,140.0,-0.46533203125,42.5,1.9987131692561304,10.82067011360166,2.0372982264029744,9.710220819939615,1.9498367552779718,9.916903159513357,1.8257821332801345,9.80581439066771,1.7027240506341812,9.662060537810925,1.5714049376100452,9.554730194081786,1.5847947369577877,9.519709492470458,1.5816627345792338,7.984515114618978,1.4598883482373968,5.362147263663186,0.6001946333896829,5.9438033551249205,0.2545024965313271,1,245
2024-09-02,18.0,1,100461.0703125,307.8219299316406,3.491142511367798,0.7725048661231995,3.5755894343259653,2.6104788475016436,3.9924730373455866,2.2253985586249856,9.55999984741211,1.5399993896484374,534.0,-0.46533203125,28.200000762939453,3.691509453510275,10.947442676502256,3.763799493391699,10.023384724729743,3.501494053764801,9.831938596812261,3.1911806736263424,9.787760830420506,2.9184303187207115,9.56014016696708,2.6104788475016436,9.44453312013277,2.6241335286699328,9.394938990903983,3.0184216475104892,7.9302312050288,3.9924730373455866,6.2392501761714865,4.6839675856915,5.879707371099799,5.368677350792316,0,246
2024-09-03,18.0,1,100750.7265625,306.611083984375,-1.013608455657959,1.428369164466858,1.7514681188594505,2.387835753467012,6.530112227219661,1.2397346777440033,8.3,4.019999694824219,214.0,-7.2120361328125,12.0,1.6051737050106825,10.635095816193438,1.7705336687437707,9.929296344706813,1.8449930154056045,9.825573163866629,1.9416799320848273,9.69870581615428,2.070410599129169,9.442687585215255,2.387835753467012,8.968482186079644,3.214399016506552,7.128626466162959,5.930919037739748,8.38790978685759,6.530112227219661,6.612193423515003,3.6454730473862904,4.813926381970512,1.932809100068688,0,247
2024-09-04,27.0,1,100602.9375,306.56365966796875,2.1186254024505615,0.7312548756599426,2.241273586397975,2.1303732400604285,3.6642258729183474,2.4409441162349697,8.7,5.260000610351563,204.0,-2.225341796875,3.299999952316284,1.9489441928634668,10.714710249739332,1.9504869613824323,9.982819677473847,1.8728558945210398,9.881295741914641,1.850082184709759,9.736742505072177,1.9128573201438797,9.507991419608427,2.1303732400604285,9.345842147755262,2.394174652815839,8.081163787485997,2.942866404623243,7.360827793540015,3.6642258729183474,5.931512572604121,4.430177079292103,5.678853261721489,2.11132749320493,0,248
2024-09-05,1.0,0,100364.421875,297.5923156738281,5.347690582275391,5.458339691162109,7.6414178493177936,8.341592965637787,12.923648068479869,9.640396193313965,3.080000305175781,0.08000030517578124,435.0,-21.8221435546875,100.0,9.276416593856066,7.452021007749285,10.961548521011753,7.208266257650956,10.077806152494492,6.567904557988251,9.153666235808737,6.7973102726002885,8.504113398801898,7.4018312777360125,8.341592965637787,7.524073077121375,9.582593937267404,6.134854466731142,11.442687609738252,6.2413946488670575,12.923648068479869,6.273735996257741,15.027198786277634,4.408181233024672,11.329753824844696,0,249
2024-09-06,3.0,1,100547.6796875,299.5,-0.056999512016773224,0.6415917873382568,0.6441187514348959,1.880501782801489,6.162584605983396,1.5908180166806491,5.460000610351562,5.439999389648437,115.0,-7.182861328125,100.0,0.5982750964930775,10.323428464271993,0.718160980434308,9.84440371137346,0.7915930338134646,9.663479705440148,0.9057108568054892,9.314841566537925,0.931067365355623,5.58645960503511,1.880501782801489,5.9346614532395865,4.932018860817712,7.057789057607512,6.820325005256969,5.686480798435952,6.162584605983396,5.677065052572289,8.944814811839317,5.300873474475881,11.272918394629576,0,250
2024-09-07,10.0,1,100884.0234375,301.17828369140625,2.170189142227173,1.860568881034851,2.858572628798504,3.8850177723090664,10.312534401213846,1.0269716231527124,1.0800003051757812,15.15999984741211,19.0,-0.3841552734375,15.199999809265137,2.95875179345147,10.511902492800807,3.1578753497256873,10.012610551466729,3.185985572559176,9.767198889954972,3.2077157228532656,9.492458176831766,3.2637346808084793,9.110909581586574,3.8850177723090664,5.515266991810422,7.383934483317682,3.1437316246310645,9.171142130871745,1.9905891602023233,10.312534401213846,5.414176728513895,10.863699840092663,6.820215316916711,10.592075981080187,1,251
2024-09-08,0.0,0,100523.40625,298.9000244140625,-0.25892090797424316,-0.8836425542831421,0.9207954171944179,3.8456357474679392,11.639747537344105,4.766378686905367,0.18000030517578125,2.5,909.0,-0.58544921875,100.0,0.8983366907923538,9.358956863346664,0.506035348219661,8.727801954630692,0.8681963739671207,8.318918634457075,1.6737550303603304,7.045290933964094,2.863836766074824,5.474754467984347,3.8456357474679392,3.5192732394527155,7.74530727262508,5.536012875083357,8.510993530573394,6.686007201294761,11.639747537344105,5.78417317285157,14.447373931894418,6.613462647945406,9.824601819738723,1,252
2024-09-09,0.0,0,99413.3515625,295.17694091796875,-1.878665804862976,-3.0549755096435547,3.586399388088749,6.02640781060373,3.5357884357414497,2.669363182703597,5.0,4.339999389648438,482.0,-35.4619140625,75.80000305175781,3.6688375927660672,7.500774183885993,5.853683477883685,5.696832652784556,5.976001668822242,5.08303814270153,6.0936302432734735,6.594680783412684,6.30038273185853,7.039760091225815,6.02640781060373,7.308909259118085,3.3313030668221217,4.244359816811734,0.9899343730863633,5.303427892716074,3.5357884357414497,6.4113108454725465,9.778071424881421,7.0799646069829825,18.152143764888656,0,253
2024-09-10,15.0,1,100183.4375,298.56854248046875,0.6600341796875,0.8619030714035034,1.0855975418406878,4.43158368107681,5.957138755697194,5.487328424660943,8.219999694824219,7.219999694824219,127.0,-19.9603271484375,0.0,0.9070353922054485,10.053427528405868,0.8072931791490803,9.721941751891599,0.5512017433194806,9.377420823272912,0.2590136751450192,6.661055123238261,1.790400529810784,7.1108621631920865,4.43158368107681,8.121176276488075,5.406768998095121,6.890308893032567,4.806315970840612,6.641212038772475,5.957138755697194,6.188140286984193,8.143343842602428,5.823294325012764,9.265204144600153,0,254
2024-09-11,1.0,0,100163.9140625,296.803955078125,-0.7908594012260437,2.409902334213257,2.536353258707099,5.247920066977833,8.739527204942368,3.5635013369957154,3.7,3.8199996948242188,46.0,-3.8203125,99.19999694824219,2.7507878847809804,10.101347085814341,3.341303755592632,9.694323489405665,3.5489185897006794,9.495236594216374,3.7258065986335422,9.415361200766224,3.8936177271833685,6.855164236018026,5.247920066977833,6.472501909825227,5.369312442553746,5.8914598064335895,7.016787420580283,5.036278471111298,8.739527204942368,5.418355686271082,9.405543599137628,5.8304955427908345,8.486960098121461,0,255
2024-09-12,0.0,0,99693.8984375,285.3540954589844,-0.6855322122573853,-6.8671875,6.9013200602637434,10.998469458625138,14.073845978142012,17.86092574191701,0.0600006103515625,1.6399993896484375,0.0,0.1534423828125,100.0,6.658976519719417,6.0839671263647634,11.96065668828975,-2.250576806830241,9.886637635488425,0.6228123239295771,5.525258147932072,1.7032632155534468,1.409458961819082,2.1523364255607955,10.998469458625138,3.733040390960303,17.732802366797277,6.228411137843004,17.1412426626722,6.791377034678842,14.073845978142012,5.108221218213152,12.835821225896016,5.663493002884677,14.40823467912725,0,256
2024-09-13,1.0,0,99999.1328125,289.8019714355469,2.1091089248657227,1.1969434022903442,2.425080197691332,8.72312103337359,20.02508290597271,10.341986658162119,7.840000152587891,7.240000152587891,96.0,-11.810791015625,100.0,2.292655666546707,10.163252055700694,2.4004582295469628,9.480656088952387,1.9955732343945567,8.985398162655127,1.7700589514102183,5.445692483690576,3.7642636193334735,7.102088375429973,8.72312103337359,8.39744789151529,11.719407181257644,8.177906514664306,14.752667352023842,6.112649402838149,20.02508290597271,4.796664507427701,1.7919365611233902,6.487481913467125,0.8426844730233634,0,257
2024-09-14,0.0,0,100464.65625,290.861083984375,2.581557512283325,-0.9774389863014221,2.760403260606758,7.323621382517915,18.375979764702105,5.895113418720743,10.04000015258789,1.6800003051757812,3.0,-2.52734375,100.0,3.358495835327603,6.406842276899172,3.739377028328796,4.953172138638915,4.943526842636138,8.413205190590729,5.91025033507937,8.759586519075306,6.4108743456232204,9.285252680583227,7.323621382517915,8.020010268778856,12.017869232170394,4.966725179592383,13.179514604519667,4.484863530173198,18.375979764702105,5.209331856854087,9.718913011483275,6.095994112450096,16.07126409540314,1,258
2024-09-15,2.0,0,100388.40625,291.5999755859375,0.7005419731140137,0.21565918624401093,0.7329856347200158,10.458372078714175,9.470563881895842,10.602432951647767,16.320000076293944,7.459999847412109,0.0,-0.22308349609375,100.0,0.6933046100111859,6.460545705594242,1.815429266212972,2.921452244843573,5.249880533441672,5.4915915073332044,8.070010242038308,8.174403148270784,9.471971722366817,4.486140134573328,10.458372078714175,3.8571500725074768,9.406984229522127,7.460559563000742,12.22104081376956,7.568121849715942,9.470563881895842,6.096962364300125,23.651496566741304,5.320668311364799,17.61333849817279,1,259
2025-05-15,0.0,0,100146.5234375,292.7484436035156,-0.7410815358161926,3.0492870807647705,3.138049321417148,4.869692968100751,6.493241123224798,4.345365235630007,3.2,9.04000015258789,122.0,-3.30859375,97.5999984741211,3.2640458006885185,10.508153903483626,3.7056361165767653,9.70469355427551,3.668361111890532,9.484397912813133,3.649745736272684,9.290579010075682,3.724890557028157,6.747782628049253,4.869692968100751,4.726739877813369,5.446373560170975,4.317046315272661,3.682246128824548,7.207778664102059,6.493241123224798,7.241185212006921,11.112140403424172,6.099145962595793,12.93851177877859,0,135
2025-05-16,0.0,0,100418.5234375,291.9093017578125,1.2169629335403442,2.2383692264556885,2.547802106827561,0.5941440674472834,11.028175456771612,3.0476386660330883,6.580000305175782,7.219999694824219,46.0,-5.172119140625,0.30000001192092896,2.312310722014563,10.413337499141237,2.2500297178634088,9.929506509336962,1.896666839934814,9.744579172688592,1.4024016295371027,9.585717478136601,0.845047920175451,9.42356182594385,0.5941440674472834,7.625765417304281,5.749633251936866,8.061718475081669,8.861323634853498,6.818299695568835,11.028175456771612,6.95037511682062,10.356815287877202,6.768131646781772,15.77217024626862,0,136
2025-05-17,0.0,0,100624.7734375,291.7205505371094,2.199528694152832,1.8738452196121216,2.8895020995778604,4.45966187948962,6.816039840790231,1.5718837714039002,1.5600006103515625,5.119999694824219,423.0,-0.229248046875,50.0,3.263938876962855,10.308228055511247,3.7091290208608605,9.86675324599286,3.9269135714014536,9.684476978860232,4.104262081689474,9.495174985769314,4.236190538889381,9.17174320524836,4.45966187948962,6.42909231697962,4.394940975531138,6.049395101897687,3.4733563736845823,7.000301510378552,6.816039840790231,7.434327063169597,7.168969373363804,7.275026964558087,6.657463531412098,1,137
2025-05-18,0.0,0,100646.359375,293.20941162109375,2.454348087310791,2.321032762527466,3.3780197776821876,4.519430974831869,6.0008984575654605,1.291595132635881,0.4600006103515625,9.11999969482422,351.0,-0.41748046875,57.20000076293945,3.900636380860952,10.401734868386255,4.247116097614611,9.830859896186563,4.299020701846886,9.543129376437967,4.330377691964092,9.439813721009239,4.357932617746731,9.003967856816823,4.519430974831869,5.8777512838871235,5.049856219606102,4.8585341080383895,5.786407013238897,8.315683365361458,6.0008984575654605,6.931639677362789,8.1338017971259,5.830154664061379,14.942504535632477,1,138
2025-05-19,0.0,0,100866.328125,295.5038757324219,0.020573729649186134,1.7862842082977295,1.7864026844934835,1.814085266391814,4.76476596019095,0.525716805897933,0.8399993896484375,15.820000076293946,489.0,0.35009765625,20.700000762939453,1.6838226177873468,10.306295384764486,1.8794947361409093,9.822876820874338,1.9550171975437354,9.694480496425657,2.0188090493252115,9.415654233575173,2.0250776612633175,8.83628743022463,1.814085266391814,2.859666454880329,1.113382487089457,6.087282730153009,3.850931380267985,7.004871134508766,4.76476596019095,7.03603871742082,9.240082357296512,7.317865074924009,16.151561440844464,0,139
2025-05-20,0.0,0,100943.234375,293.2492980957031,-2.064143180847168,-0.04513793811202049,2.0646366519305204,5.310607451480454,9.270053504310033,5.672204487370573,0.4,0.3600006103515625,273.0,0.0648193359375,86.19999694824219,1.9656907289480743,10.05488996631265,2.1632050387751067,9.13430832200229,2.464517268648485,8.846658463022235,3.0186369704950384,7.366058720967662,3.8203463682670007,5.987184394886106,5.310607451480454,4.594575005178952,4.998219451676846,6.315468049385927,7.068027901363662,5.740881209453739,9.270053504310033,5.901876411684836,11.54348643044973,6.66614421383193,10.585736693305092,0,140
2025-05-21,0.0,0,100368.4140625,295.4024353027344,-0.2661425769329071,2.636228084564209,2.6496283484861736,1.1025869866025635,1.7198493901400476,2.018056158993677,1.0800003051757812,3.2,462.0,-0.177001953125,23.799999237060547,2.5541067193056746,10.327842601330248,2.501900942054153,9.896568510491552,2.231262452848365,9.271744824508644,1.9249643201535658,9.525668259541524,1.6798683629344788,8.513354569361764,1.1025869866025635,5.052153987683117,2.6461164914107975,6.184981209727871,2.421218651318407,6.585460113977043,1.7198493901400476,5.942813843211344,0.484789167863606,6.686223324288229,3.023840060061156,0,141
2025-05-22,0.0,0,99940.203125,292.4811096191406,1.673608422279358,4.379929065704346,4.688789158378327,7.33413526475182,11.76812577849191,2.9697600835623104,1.4399993896484375,0.2399993896484375,549.0,0.1075439453125,100.0,4.592757504581817,9.367896960161858,6.77557090079004,9.494836295378779,7.008934034058021,9.166509166509167,7.16079345255734,7.5376931092705455,7.27253229894473,6.3104864076498215,7.33413526475182,6.197172238391661,9.005944166718637,6.7605461258944,13.15923671694894,5.21519134145836,11.76812577849191,5.5865183454446345,13.455090694680713,6.2766389061223915,15.484239647430828,0,142
2025-05-23,0.0,0,100480.40625,289.33465576171875,-1.173190951347351,2.8777782917022705,3.1077298635042494,5.0444899221103725,2.8438242980528945,7.5708238103281165,5.419999694824218,0.4600006103515625,19.0,-23.73486328125,100.0,3.3773965197499307,10.202247393385186,3.277234302477282,9.666223675278891,2.8479850631745354,9.113142435367443,2.3479550613883484,4.5954620638059795,1.6038725449245406,6.0966803644698135,5.0444899221103725,7.566168888257347,7.2405966692653,7.40813601227402,5.7829556621979386,5.492726297453083,2.8438242980528945,4.858706039950501,4.666623727928689,7.168647198897998,1.0005896068169968,0,143
2025-05-24,1.0,0,100836.0625,292.03631591796875,0.9488574266433716,2.138413190841675,2.339474597182443,1.61412648734254,5.832568678655851,0.8236523140378267,1.8,4.980000305175781,293.0,-0.4482421875,5.5,2.278621131269125,10.268704212649007,2.4028631301098544,9.90007319461635,2.345761074707554,9.749930009055078,2.2430553841134593,9.529568558886389,2.102151647805411,9.205270968186648,1.61412648734254,6.711286173529377,1.3756762987164914,6.925649394705004,3.746860464814327,6.869535532932222,5.832568678655851,6.838870668112438,9.028487603451953,6.78451307428273,10.42516040321262,1,144
2025-05-25,7.0,1,100882.859375,292.79998779296875,2.068290948867798,2.0724682807922363,2.9279604205074876,2.0790207974751707,9.38535817901419,1.028257383695513,1.6800003051757812,6.539999389648438,7.0,-0.3768310546875,100.0,3.188821162751833,10.495030114770643,3.228260695417406,9.87376817599586,3.020586052319917,9.707612293453751,2.7544530069251776,9.600326427955075,2.499027042068752,9.414751005089686,2.0790207974751707,4.936813451221363,3.0529634313557446,4.255545651499047,6.711947044902599,2.190239595588219,9.38535817901419,6.080914089260006,12.435882768817901,6.893312682183696,17.507086556002445,1,145
2025-05-26,3.0,1,100833.9296875,295.56854248046875,2.0395984649658203,2.1520581245422363,2.965015357413715,1.9915333045888204,2.928334086521685,0.9750567252504359,1.1199996948242188,6.6399993896484375,449.0,-0.4813232421875,61.70000076293945,3.3208929222996266,10.364859980744535,3.4657926791454448,9.776463166987385,3.3268490682433467,9.510253319853447,3.1185115525143696,9.272678152455228,2.8508990319068297,8.096555856705827,1.9915333045888204,2.5286321156724534,0.4633090581467885,6.584072255521192,1.4884684437901399,7.259052382619882,2.928334086521685,7.195745602765055,4.2426553381363314,6.49369515118985,7.032133222913317,0,146
2025-05-27,0.0,0,101173.078125,290.84149169921875,-0.2755663990974426,-3.9215283393859863,3.931198463181291,2.9130584852706427,2.3511564895271784,4.034549584198994,6.980000305175781,0.4,116.0,-46.641845703125,100.0,6.418423515926592,2.234961834108793,5.933848854168226,5.441437177797379,4.592553425686875,7.310008331194876,4.144047940354554,8.030014597859687,3.8218556914756996,8.451247927134697,2.9130584852706427,8.671108666073964,1.7599600097020214,6.976919631058972,3.5361931202565398,4.227641484669958,2.3511564895271784,6.004611386540274,1.6305125828661389,6.195946348003851,6.677908849295491,0,147
2025-05-28,1.0,0,100930.953125,296.4512634277344,1.3375658988952637,1.9716675281524658,2.3825522817890796,3.0577883848861163,5.582166197899647,1.2703499063884627,7.319999694824219,9.54000015258789,11.0,-79.636962890625,100.0,2.5009584675204204,10.021908712234119,2.642304862266016,9.788348842581113,2.6201650446344464,9.570814481219772,2.574472119999762,9.33340155147032,2.5339370368093563,6.361848375798026,3.0577883848861163,7.575013304359125,3.0279838022963803,3.53748342456195,3.5548720790914414,3.3421481490193923,5.582166197899647,7.7925817333748615,13.13411178966046,6.072100055580223,13.694802317285518,0,148
2025-05-29,21.0,1,101004.3203125,297.08929443359375,1.5155932903289795,1.646386742591858,2.237769498378341,1.675238859224988,6.987968717388991,2.150662852742373,11.7,2.8399993896484377,182.0,-11.305908203125,100.0,2.277594039281046,9.973861173043046,2.1801797924762347,9.632787244774276,1.9240329261862645,9.364863787824751,1.6173051499050892,7.4568517035043484,0.7496075561250967,6.834191112416749,1.675238859224988,9.390155381096557,2.3661543429809564,8.883606946875915,2.7648797695875094,7.855156950474211,6.987968717388991,4.529999420461596,20.258599704830594,5.506597732250098,24.47064487738472,0,149
2025-05-30,41.0,1,101446.2265625,296.4281005859375,2.436997175216675,2.587414503097534,3.554387294999451,1.3112232545650404,11.585725002640507,3.431755976952268,2.580000305175781,11.519999694824218,4.0,-0.17578125,67.5,4.175920795022854,10.045823631397171,4.071183983910084,9.71806840968952,3.775197842879253,9.536406001670123,3.428005224686278,9.49455787650325,3.1033888386624042,7.136779839040358,1.3112232545650404,-0.5863009832739658,6.479961410487711,5.32600662320797,11.926333459656068,4.364355270670822,11.585725002640507,6.271973598163784,14.647447660486687,6.720145221349065,13.933300763901213,0,150
2025-05-31,64.0,1,101303.2890625,299.5528869628906,1.2147876024246216,1.6027612686157227,2.0111073077235937,1.7381058597584556,5.067107187812368,2.483624471887808,9.640000152587891,14.420000076293945,518.0,-60.542236328125,3.299999952316284,1.873644542163912,10.082686757664534,1.8378440702704257,9.769470807111155,1.724969420862371,9.509833689343925,1.595682606477682,9.235650671149871,1.4593831958353993,3.0501763661089494,1.7381058597584556,5.219567680741776,0.8181582245072337,6.2183778008233555,3.2443183030119718,7.749380771557126,5.067107187812368,7.077369163916465,7.0209687815251876,6.114977433486757,9.491865653248547,1,151
2025-06-01,112.0,1,101013.890625,300.58660888671875,0.642468273639679,2.456228017807007,2.538862256620805,3.8548157448892724,8.872643916982662,2.2516432938085202,1.9199996948242188,5.1,525.0,-10.864501953125,32.70000076293945,2.708710796255736,10.131893042159172,2.7634174062939545,9.822134187287201,2.6933502614429385,9.63513394268446,2.6340173388791253,9.49523185299959,2.631738749893671,8.79627855909228,3.8548157448892724,2.3192129563538098,9.12988472424634,6.3622938603124055,9.412388199824047,7.445438592475275,8.872643916982662,6.855336914574914,8.835405878087355,5.630606315520372,7.574848879652615,1,152
2025-06-02,126.0,1,101055.734375,298.59417724609375,-1.9298876523971558,3.848989248275757,4.305715339431694,3.669359822554369,12.388796659053805,0.912840942119346,3.019999694824219,3.580000305175781,181.0,-8.346435546875,61.0,4.9556244808061125,10.104640464515965,4.714409473532985,9.546823702396946,4.221114461510333,9.3379672653378,3.7935713751748956,9.194506246208809,3.610326678200031,5.478822540818836,3.669359822554369,4.237544900301972,5.9372051855201216,6.49672951574885,8.8360303418968,5.050141267684418,12.388796659053805,6.254559574053017,14.221451649433336,6.184306095442463,14.86657380245429,0,153
2025-06-03,0.0,0,100971.859375,297.2127990722656,-0.35227540135383606,4.441179275512695,4.455128653096617,6.3496075699291685,13.940213235127898,4.400240349696046,0.5800003051757813,3.2199996948242187,1287.0,-0.2447509765625,89.0999984741211,5.6144121556332145,9.607855113456148,5.8247426071748585,9.569407302841906,5.745188844934177,9.171524909292025,5.689931100182583,7.465582846024318,5.655615122339491,6.026736310359794,6.3496075699291685,5.639152675000483,10.008328596371571,5.569421006291615,12.373053629536965,6.119596693221417,13.940213235127898,6.169886483363558,18.303060464567107,6.438307670597471,19.902781493024936,0,154
2025-06-04,67.0,1,100984.46875,298.3162841796875,-0.9470263719558716,2.6687328815460205,2.831782855768575,5.696647608901909,17.55808586066082,3.6714407751442506,7.519999694824219,6.0,501.0,-1.86962890625,28.399999618530273,3.0582823066965297,10.2372203025876,3.0481897077028632,9.653399527347535,2.8904016534790693,9.403896214494956,2.7767597341033445,9.126511464749724,2.869375553747451,5.416749509032185,5.696647608901909,2.9214872430437513,8.64085615852262,4.867069818230144,13.568755520962055,5.911158976472633,17.55808586066082,7.439325183727857,19.725192224417572,5.898668613467936,20.270843408728307,0,155
2025-06-05,22.0,1,100901.890625,297.4395751953125,-0.9054540991783142,2.883798837661743,3.0226053102940904,6.855457027362369,16.10683940696034,4.52503501466739,4.5,1.1399993896484375,942.0,0.26776123046875,11.600000381469727,3.668395855395758,10.03656518054058,3.901486550313915,9.59403957289451,3.951907924476545,9.324376787330303,4.032164513764488,8.416526148883525,4.340583370270404,5.258962416921737,6.855457027362369,5.19538007198791,10.08111552624961,6.805891017280375,12.105674523729322,6.932407599062815,16.10683940696034,6.809937078372046,21.1873003437453,6.249444741550055,24.230735794121046,0,156
2025-06-06,9.0,1,100910.3671875,299.2081604003906,1.930535912513733,2.2015721797943115,2.928120382147822,4.870640069702559,11.072694484728299,1.9843462554109512,0.41999969482421873,6.160000610351562,155.0,-38.1611328125,35.599998474121094,3.5078326456459137,10.138308384508434,3.9121422749770605,9.72673519181992,4.13928216444792,9.501537079856858,4.335670944755703,9.28908082924915,4.4878453675283,8.585851558873417,4.870640069702559,3.9025830097931276,6.595850647121066,5.0061540291733015,8.648750372727838,5.262947843489803,11.072694484728299,3.2497870570797085,15.23872601002155,7.4876865502156855,14.428296424505344,0,157
2025-06-07,61.0,1,100678.625,299.29998779296875,-0.3112719655036926,2.708066463470459,2.7258969545971343,5.32207057117228,15.852643117567252,3.5806432789975915,3.2800003051757813,6.6,867.0,0.439208984375,22.899999618530273,2.8610343259819278,10.195702182669724,2.9435977782112084,9.711386386738562,2.8903372660685953,9.425240698422582,2.874910186674404,8.961162997788488,2.92412090323776,6.1179281521578694,5.32207057117228,5.296317633410171,9.043505886960324,6.912635772687171,11.91047676427265,5.195492209197734,15.852643117567252,5.244456486112035,19.894253872143732,6.062236146306873,24.333520464109633,1,158
2025-06-08,0.0,0,100446.25,299.2358703613281,2.010913133621216,2.988149404525757,3.601778518279259,4.984733524903582,13.23206869614328,1.4592088107315377,0.11999969482421875,7.780000305175781,991.0,-0.1561279296875,79.30000305175781,4.198827476209798,10.132552489894085,4.687586316283428,9.701624957600275,4.769806292309851,9.445597589376991,4.805677897005003,9.219156560482856,4.798727711865616,8.066125678453568,4.984733524903582,5.559096428221034,7.611427637303737,4.456440845016338,10.97426498299868,4.890350204405091,13.23206869614328,5.544477406290287,16.851639261763772,6.011158977743445,26.475883327180814,1,159
2025-06-09,0.0,0,101349.7109375,295.0999755859375,-6.512861251831055,-0.0035986327566206455,6.512862246029782,4.421499290044506,6.9913024407939455,4.602631028365142,7.1399993896484375,6.460000610351562,0.0,-0.1314697265625,12.899999618530273,9.107527609698723,9.28201736266249,9.31107692716747,8.317408259812444,8.274970201548582,4.194739395246051,6.753872204171468,3.489077949074684,5.448024418104658,6.344785800153278,4.421499290044506,5.74983054225993,2.4493563342254983,6.4749941959226645,5.582090457853194,4.976230879868947,6.9913024407939455,4.366258168465035,13.34381459706453,6.401753004841219,17.8387905066828,0,160
2025-06-10,6.0,1,101064.4921875,299.7765808105469,-0.18236571550369263,0.5808252096176147,0.6087817164785091,1.8169775213157942,2.4773494424718825,1.963786595278475,12.84000015258789,16.34000015258789,0.0,-2.16259765625,4.0,0.5335698983631683,10.073350004993205,0.5537062410695569,9.740029703290137,0.5920403206902781,9.517540155702333,0.6559390779603382,9.030584869473175,0.8417601947189364,3.6180147658208646,1.8169775213157942,5.941373422115347,0.7103837519738608,5.0460946603558545,0.9980347262196775,4.297355486798537,2.4773494424718825,7.325449937342088,5.330439804748116,7.198802929740109,9.139882922159995,0,161
2025-06-11,23.0,1,100824.1171875,302.63836669921875,0.1762402355670929,0.24350829422473907,0.30059426140395046,4.257167524963529,5.319875568267138,4.392941665624933,7.6400001525878904,10.819999694824219,0.0,0.221435546875,5.0,0.27063058315501803,10.08709596126883,0.6991646206074769,9.757465712054898,1.2287912548580997,9.662278359971735,1.798816885498389,9.476591974752845,2.3460105210312436,8.125868826619833,4.257167524963529,6.255436573271976,3.3524660608082693,7.705109850026912,2.168828203452377,4.506418086313981,5.319875568267138,4.19848355932751,7.934694198759669,6.239352032026911,11.146466228641794,0,162
2025-06-12,28.0,1,100955.1640625,301.696533203125,-0.6210668683052063,1.2524523735046387,1.397984621805204,1.221276380440172,3.9284981253030877,2.2442761959649613,9.4,10.740000152587891,3.0,-27.6129150390625,0.0,1.2360616603019083,10.094469809504847,1.252159275075958,9.815683647465258,1.1982527133288479,9.497256714823246,1.1118382328826732,9.138038057764872,0.9123587345776237,5.396521810133503,1.221276380440172,6.035330089464304,1.9506897374372814,5.106482660953622,2.577075136391082,4.576193408799687,3.9284981253030877,6.677075021943049,4.779480898364556,5.613096395094894,5.27328195767911,0,163
2025-06-13,51.0,1,101263.7421875,303.2384338378906,-1.026364803314209,0.9897778034210205,1.4258628298778095,2.6319496611210127,4.902953597452654,2.571368749637637,7.55999984741211,14.6,884.0,-114.9105224609375,11.100000381469727,1.3829067184547477,9.994443365445832,1.5260003636439956,9.765127935867334,1.6395378722593594,9.558693870299985,1.7496265098225212,9.162046301152053,1.875329071538793,4.312856903759021,2.6319496611210127,4.6278477582803985,2.4115200947934357,4.852356624495263,4.390973010454124,7.552144835777019,4.902953597452654,7.730069794418014,4.236979338388916,5.891589129562721,6.401734996836563,0,164
2025-06-14,47.0,1,101090.1328125,303.33636474609375,0.7897729277610779,1.1534130573272705,1.3978923271258579,0.7381887219630862,7.217949201432473,2.1340592256228668,9.7,11.240000152587891,2165.0,-118.900634765625,0.0,1.2745786294717507,10.104112005651736,1.2742844848739234,9.778571940326598,1.212376304381431,9.578650616760834,1.1056156669748298,9.189888510960426,0.9078889364407734,0.7433880953037703,0.7381887219630862,1.030918400819948,1.748264853001618,8.663021033663755,5.066887640388969,9.540302414072627,7.217949201432473,8.292213194988255,8.138446988066923,6.22697303969087,7.080824300670063,1,165
2025-06-15,56.0,1,100974.3359375,304.6730041503906,1.0299609899520874,1.0659106969833374,1.4822230786108372,1.5908045153936776,1.3448927525316496,0.46055051769541144,9.519999694824218,9.480000305175782,1711.0,-50.68798828125,4.400000095367432,1.3906429983840385,10.093693182753496,1.5273363811836664,9.809826190091325,1.5929373549786503,9.526898772195391,1.6542598163060152,9.3162587124212,1.6855139925031324,4.229837921264573,1.5908045153936776,5.775274074409411,1.100261940920367,6.897452368445489,1.2162922323247702,8.127906724017356,1.3448927525316496,7.442727421581331,3.6123399635381204,6.650091773020447,3.5336666605926217,1,166
2025-06-16,0.0,0,100978.0234375,297.2450866699219,-3.1368846893310547,-0.8068896532058716,3.2389993001867534,4.803331121175053,4.185071410866663,2.5518354237785235,8.1,2.8,1274.0,-46.1783447265625,74.5,5.368206010768595,1.680088927139878,6.298078185057228,7.206113094507356,5.837810091433724,8.097958081623473,5.075700292773689,7.4702298711058654,4.651112979030251,8.145382532020893,4.803331121175053,7.763208098949955,3.974288535091561,7.803409899148323,3.9145909122070868,6.494227738035439,4.185071410866663,6.318513962108658,4.43485699233567,6.458743261269039,11.77658852240443,0,167
2025-06-17,0.0,0,101301.640625,299.26470947265625,-0.6400463581085205,0.9137353301048279,1.1156036903890911,6.219248044406424,7.999337028608493,6.3398606880284545,8.140000152587891,6.839999389648438,1.0,-9.1607666015625,100.0,1.389488897726521,9.833414705703186,1.7965048168894948,9.56651471355247,2.202881626596262,8.838734071373358,2.8242547790371897,6.442017535755057,4.253866745964922,7.257905486390765,6.219248044406424,6.2332885726799,5.982625563576414,6.703425743318636,5.4164120329842795,6.463823357028063,7.999337028608493,5.6343311423657925,11.972186331111443,5.611538937805543,12.309798271105747,0,168
2025-06-18,17.0,1,101295.96875,301.6025390625,0.9234302043914795,1.0662401914596558,1.4105287973899763,2.772884334842156,3.9452737345988416,4.149835653133248,9.980000305175782,14.3,3.0,-17.92626953125,100.0,1.1544394629531078,9.985848000880173,1.0126448299544333,9.689795407283638,0.8354088277636815,9.481018541639086,0.6202515259100249,8.719168333056501,0.4394922198040105,4.7168748309812605,2.772884334842156,5.971093854985692,2.4076087491176046,5.585214348404889,2.663565627137278,6.021485795177571,3.9452737345988416,5.46895575454306,7.638355174858495,6.830346449379928,6.939321584131257,0,169
2025-06-19,51.0,1,101083.828125,303.05072021484375,1.4493505954742432,0.7675195336341858,1.6400315189384567,1.8077706688487358,2.6714998711995297,1.3604286599997781,12.45999984741211,7.8599998474121096,632.0,-36.41162109375,47.0,1.5651116828505596,10.044507380045397,1.6239433259294997,9.688034532201632,1.6493439507976628,9.42875217933537,1.6518787586165609,9.19829317669855,1.6369919793503613,3.9183625373774973,1.8077706688487358,6.747853363072432,1.3564219256284336,7.348798893357343,1.7752692175046672,7.372806827693233,2.6714998711995297,6.042756037600899,5.7685800736805595,5.364194779165204,2.8817504332885795,0,170
2025-06-20,6.0,1,101083.828125,303.0358581542969,0.7718920707702637,2.2473437786102295,2.376209466393085,1.3712111109502185,6.404738029546203,1.6771933582868137,2.4399993896484373,8.0,1463.0,0.143798828125,0.0,2.4235233331543817,10.046685124553271,2.3397992372933603,9.775792108328508,2.1730422689862494,9.68137486632252,1.9976298163485278,9.495005170617498,1.8793151140583904,9.233298993878115,1.3712111109502185,5.241495968823404,0.5455839676271018,6.339951059270391,2.9837796961805676,6.364511732128167,6.404738029546203,6.386032904098034,9.554333026388369,6.566210290790788,9.594096431166848,0,171
2025-06-21,28.0,1,101340.3125,300.8149108886719,0.2756323218345642,0.9566137790679932,0.995531566120663,1.016409925429322,5.61159304229512,1.645557389250785,4.9,11.180000305175781,186.0,-106.8980712890625,7.099999904632568,0.7780230433359294,10.021316615801958,0.6739925282971336,9.841943489644061,0.5650270385378445,9.659209945292712,0.486655965690401,9.474270006083284,0.4312972830883789,6.430440497414599,1.016409925429322,5.4850732655244,2.3698688712107994,5.531290692627271,2.8054713344167945,4.209065899248819,5.61159304229512,6.804624499121307,5.991905233399879,7.43425520920643,7.525954582824832,1,172
2025-06-22,77.0,1,101228.6875,301.5097961425781,1.6243505477905273,1.3594824075698853,2.1181848641229117,0.16466441794452114,2.619568233481817,1.9538090586971124,5.719999694824219,11.640000152587891,679.0,-15.1524658203125,0.0,2.084905418075883,10.25645452600946,2.087158728023022,9.60741702605782,2.024001161109747,9.733167598703846,1.8972950367902783,9.448778919659217,1.7345911886225203,6.377705098522582,0.16466441794452114,4.0872463114220885,0.7801510416916843,5.932374522694884,1.321712310062633,6.451547395764388,2.619568233481817,6.3739649850220506,5.0562932400533676,6.200159619575062,6.050552012824839,1,173
2025-06-23,4.0,1,100824.4140625,302.30975341796875,1.41058349609375,3.480210065841675,3.7552107666331835,4.4480619114200755,7.271679982995157,2.2521176592694245,0.2,9.44000015258789,1859.0,-0.0245361328125,54.70000076293945,4.4688192309301416,10.274607095049317,4.694292990865455,9.693140465598448,4.644762183432684,9.377225087558427,4.5575857288754404,9.294357477586669,4.5098318390056775,8.698148881919082,4.4480619114200755,1.0130328985696564,5.413691670196431,4.277605022493173,6.123429156156407,8.085613557576167,7.271679982995157,7.359810816010393,8.98015658248129,6.184695903891289,13.542955029022002,0,174
2025-06-24,83.0,1,100713.296875,302.29998779296875,-0.4635034203529358,1.342160701751709,1.4199404107234608,1.4652501331367465,6.928370098339916,0.3832131048223367,4.460000610351562,13.640000152587891,736.0,-14.6688232421875,0.0,1.2395979695892443,10.640226785870144,1.2646078592096635,9.542397332975542,1.2359320101488138,9.66149382023817,1.1983490688433494,9.401859829913873,1.1915746189458625,4.814582323878884,1.4652501331367465,4.806169003701772,2.4156584778411965,5.997697486742507,4.853889046267499,3.901421739007875,6.928370098339916,5.994728921955511,8.556213445730629,6.853587875623575,13.618633959727095,0,175
2025-06-25,87.0,1,100816.3203125,303.142578125,1.4574512243270874,2.0252954959869385,2.4951925611778956,2.5260027786175825,6.071751469056318,1.5064575454838909,2.2800003051757813,12.9,2531.0,-0.4935302734375,28.600000381469727,2.691645438998774,10.226706648160926,2.8927113623669523,9.684380069589846,2.9089598019686957,9.353782027141197,2.89485176700511,9.092050576641709,2.821787594935659,6.0784858673337485,2.5260027786175825,2.324495587827047,2.0823532007729244,4.076946655748121,4.008669474535696,6.673275660747534,6.071751469056318,7.110844566404521,5.661324300262167,6.762717648287648,9.438593400549724,0,176
2025-06-26,66.0,1,100675.0625,304.5292663574219,1.3112231492996216,2.26226806640625,2.614796923575651,5.147578209476069,6.525532751235378,3.307693293338514,3.2199996948242187,11.65999984741211,3151.0,-0.8128662109375,22.0,2.799032045751144,10.40725638032833,2.9696312158990636,9.708395039046508,2.938585363490484,9.535635936197528,2.929696932785443,9.22967355956683,2.95915321441388,5.775303996600745,5.147578209476069,2.042712794968762,5.034306453657046,5.762450099243962,5.1533749829672395,7.484941881353917,6.525532751235378,8.03050089019271,7.187716324289627,7.210715815622017,10.210896469144279,0,177
2025-06-27,74.0,1,101117.234375,303.7915954589844,0.5577636957168579,1.244716763496399,1.3639721997125447,1.907945389062297,5.887245686146475,3.2442181084206245,10.84000015258789,7.980000305175781,433.0,-26.978271484375,5.0,1.2180726618298343,9.906065469718882,1.1430541137955703,9.631860432356866,0.9996019525444224,9.353125390603402,0.7751396273551666,6.661942850213483,0.7098691509908378,6.667195617013129,1.907945389062297,7.994465246926917,3.342989056788841,7.73792492090599,5.138128367803635,7.027102041026929,5.887245686146475,5.220237791448616,9.162458442762366,5.994998770287276,9.667257383157398,0,178
2025-06-28,47.0,1,101328.03125,304.08892822265625,1.2161059379577637,3.051403760910034,3.284810278301021,2.856138242414834,12.711927912359279,6.138584273461866,8.3,6.119999694824219,164.0,-69.9320068359375,0.0,3.893925814777403,9.865606657739704,3.828917191424888,9.565000560050777,3.5318567137651775,9.436487770156932,3.1504438505886667,9.331005661509053,2.6322948518628766,5.2515008103792145,2.856138242414834,7.319569079909138,6.44544147344143,7.284913857272395,9.972810041314013,5.345177137268709,12.711927912359279,3.314715610773753,8.214989149908552,6.257579180340894,12.858340465546911,1,179
2025-06-29,68.0,1,101274.578125,304.14410400390625,1.8981127738952637,0.9191113114356995,2.1089328356383055,2.47048648978069,6.555841382692751,4.314303040859605,7.4,14.920000076293945,445.0,-56.310302734375,4.0,2.185940066186046,9.881004978281485,2.1226388841038064,9.600118056945695,1.9243781424918969,9.206287128661105,1.5480890486832146,6.382058206727455,0.616220223039272,6.5498031877664715,2.47048648978069,6.123378109598602,4.088885723679403,4.69408289792744,6.884078697655538,4.556009731037619,6.555841382692751,4.781687778519358,10.061989500684216,6.958283417765314,7.339739284356087,1,180
2025-06-30,37.0,1,100964.9140625,305.05621337890625,1.491701602935791,-0.09904418885707855,1.4949860947672942,3.1472376796709973,2.6255696910747166,1.9731270598376032,8.080000305175782,6.619999694824219,2023.0,-2.2569580078125,100.0,1.460876898261937,10.171701275950214,1.5810185939264534,9.553537446050143,1.7195661483642684,9.377113749648792,1.8729160989322338,8.980523575596406,2.084560709217178,6.789753266248396,3.1472376796709973,7.259176440746898,3.94352950049537,6.4053100601201685,3.3337840051368364,5.974782027600112,2.6255696910747166,5.437352727747112,10.397151473148167,7.447835424687453,12.037704432541977,0,181
2025-07-01,1.0,0,100871.484375,304.61181640625,0.14650146663188934,1.6858325004577637,1.692186130224737,3.679689769228646,4.3041460868476085,4.344921914449143,7.3,5.9,1724.0,-10.0723876953125,5.0,1.5184194024077813,10.194986712983535,1.5861676022158682,9.576458570093525,1.6592214773011618,9.689421721836691,1.8020395298213778,9.343648163070533,1.9610849807921726,5.880458585598351,3.679689769228646,7.034282113625404,3.53338846833026,7.416783110345378,3.6963384725867043,7.4410998906849555,4.3041460868476085,6.6550439880626255,5.548707349262259,6.092054518580171,4.926915039936463,0,182
2025-07-02,13.0,1,100885.125,306.19744873046875,-0.5721288919448853,1.3234814405441284,1.4418510992688682,3.867694134945712,4.667747077458066,3.617978106952193,10.919999694824218,15.420000076293945,68.0,-9.3963623046875,2.799999952316284,1.4761195355944345,9.897265018534439,1.6933508794032734,9.720634424398819,1.9516265972554754,9.612392096052941,2.280675745902401,9.54155740618986,2.6664022321194807,9.254806086596396,3.867694134945712,5.190970838871007,4.980854873243534,7.223363905348071,4.171152146490241,7.959784436440978,4.667747077458066,6.8593043566202265,7.0054415677111885,6.561762121113047,4.6641771518398505,0,183
2025-07-03,58.0,1,101031.96875,304.9024353027344,1.4414281845092773,0.8933520317077637,1.6958163413689882,0.7117202267379654,3.7866292777916937,1.6900824829353567,12.2,10.280000305175781,1186.0,-20.5419921875,32.20000076293945,1.5917759076034947,9.924730899274081,1.5899944920849673,9.568773217419336,1.5220414771381072,8.969286506901115,1.3977567754128868,4.813048277524029,0.996806972704165,6.447829520845665,0.7117202267379654,7.9640251152634285,1.2260461032617842,7.686952185676765,2.8362650463373478,7.617329507446247,3.7866292777916937,6.8993572484930334,1.9252103757723713,5.395068737393532,1.6395527843827018,0,184
2025-07-04,7.0,1,100973.2265625,305.8585205078125,0.5926001071929932,1.8221631050109863,1.9161036684658859,2.1895084552552677,2.9702615969377155,3.654400835649527,10.94000015258789,5.280000305175781,1260.0,-13.4947509765625,3.799999952316284,1.8007972632074358,10.110534926585352,1.713600540862573,9.545294933592077,1.546732646506258,9.418399686863388,1.3844225663145147,8.613267939508333,1.2327578705488615,6.4616517802411835,2.1895084552552677,8.369877995688968,2.9340531413456006,8.366308610769236,3.36202919493954,7.426194347005001,2.9702615969377155,6.197818335820436,5.476693826655749,6.529198438744961,9.410469169601244,0,185
2025-07-05,4.0,1,100852.09375,303.1461181640625,-0.22815917432308197,0.7634789943695068,0.796841755727738,2.014170638516507,7.464015101040187,1.3653622666784495,9.180000305175781,7.540000152587891,291.0,-58.57763671875,73.5999984741211,0.6970440111136192,10.460140726677691,0.8239952112645829,9.66988567962997,0.9861761675595754,9.571457390551501,1.160558460399236,9.37019221356284,1.3005152249358152,4.615591155915299,2.014170638516507,7.662822063991062,4.069167822033059,6.217010122921185,8.063012261395338,6.08811302436273,7.464015101040187,6.913807577975414,6.298816808365528,6.198473886455806,8.569158442429798,1,186
2025-07-06,4.0,1,100322.03125,301.1416931152344,0.940441906452179,1.120141625404358,1.462582729412229,4.60773111167061,11.641806582307849,3.295124436765925,1.4800003051757813,5.519999694824219,1546.0,-0.164794921875,98.0999984741211,1.50809893734933,9.562853054210391,1.9305979739784331,9.708640202920197,2.255168284491815,9.921121241503903,2.6079541907011814,9.39039925559453,3.0003353538490574,6.396587553100685,4.60773111167061,4.403655131390515,7.134114312138055,6.163983629045644,9.504868966125574,6.5519440335839665,11.641806582307849,7.389222504869854,14.77412983296382,5.926326232480986,17.71794356573818,1,187
2025-07-07,0.0,0,99689.1875,297.678955078125,-2.6822216510772705,-0.5842553973197937,2.745117002024684,2.1774812147592075,6.51035626476241,0.6604652967747593,3.4,4.2,732.0,-0.1585693359375,0.30000001192092896,2.743404440617833,10.232207755583243,3.5302569862102504,9.777114237040193,3.605682103490388,9.159588397535241,3.5236512008467717,7.03781008463683,3.374344051819797,5.892910921383691,2.1774812147592075,6.242068808189617,1.5464626834989,5.7159387518254325,3.940974266618572,5.734091786994514,6.51035626476241,6.27287526714395,10.974302622834728,5.8073267987754775,12.648734863023689,0,188
2025-07-08,0.0,0,99820.2421875,293.1922607421875,-0.2597998082637787,-2.018068790435791,2.034722974585207,6.675197330983775,8.85686740640778,4.675357186085325,10.0,5.319999694824219,73.0,-100.15576171875,100.0,2.1738265609353036,6.974086181992399,4.260740441180072,7.037565461172777,5.585673075309863,6.171839621232689,6.4545256470754735,5.406745548705848,6.454436663206574,5.717513107677575,6.675197330983775,6.746921055621461,5.855928639328577,7.483771128561452,6.257776330826983,8.56169638703811,8.85686740640778,6.144448688207633,4.355504008925737,6.0083998619852705,13.099857660402956,0,189
2025-07-09,8.0,1,100868.2265625,295.66522216796875,1.3627209663391113,2.5053272247314453,2.8519594904347376,1.9941428790608706,12.454043645962209,4.771362511705624,8.5,4.180000305175781,29.0,-20.38525390625,5.0,3.2139061573522594,10.176815432819057,3.3721321570951703,9.37144123137277,3.2468925912220143,9.723807134397855,2.98391416502006,9.5412268784617,2.620028087355251,6.300413562978885,1.9941428790608706,6.940196362135636,4.370482510645979,7.492108517169255,7.560184172964456,7.237007167271375,12.454043645962209,4.055527708987599,6.83175085096434,6.607851467730824,10.961297624927298,0,190
2025-07-10,12.0,1,100910.9375,297.76031494140625,1.8899927139282227,1.7161743640899658,2.5529055812272743,0.877429777110839,9.624856356161857,2.934122268835764,10.61999969482422,5.260000610351563,85.0,-5.851806640625,3.700000047683716,2.7496690039141547,9.982720772430199,2.677906832934939,9.745772358355312,2.417152090194902,9.749578670702723,2.1311582902420723,9.435370923837098,1.837856029400357,6.873880892651638,0.877429777110839,8.164641489418077,2.640522654953632,7.594643328960603,5.170134355052224,7.751367820482804,9.624856356161857,3.9957721880322286,12.712807212616969,6.060281948806779,15.232072449407172,0,191
2025-07-11,0.0,0,100747.921875,296.6000061035156,0.5396997332572937,2.080683708190918,2.149539600846912,4.944249596094852,3.642281833177099,3.6746570130678737,5.2,3.919999694824219,523.0,-3.455810546875,94.19999694824219,2.456816876379423,10.030030264005868,2.8188072720746833,9.644190011388291,3.0044632319280233,9.236500416897904,3.204021468326399,8.798362865395683,3.5067141464377967,6.4593661667860856,4.944249596094852,7.561385934673241,5.6383665561376874,6.545898602844642,4.546519004126982,6.931737471588903,3.642281833177099,6.17289216076866,10.310132602485444,6.288294479713225,16.262811183153506,0,192
2025-07-12,3.0,1,100669.7421875,296.248046875,0.34102049469947815,2.351550340652466,2.376148981530368,4.156590545782512,8.649658875950633,2.8623726472954525,3.3,3.919999694824219,357.0,-0.0810546875,100.0,2.6467700274510197,9.408141813718165,2.6867090373251608,9.402685626624578,2.58921289412512,9.665724081247378,2.492959858713288,7.911328344969985,2.4340119749711975,6.593106592648623,4.156590545782512,5.738814793324559,6.616607343379448,5.642169849502977,8.466124922897386,5.500522115231595,8.649658875950633,6.596322117172713,10.778941003906633,5.587057589212438,14.534353860962684,1,193
2025-07-13,0.0,0,100752.421875,298.8995666503906,0.028945311903953552,1.4423595666885376,1.4426499751149489,5.417576920341812,12.621628683009572,4.277864482292996,6.719999694824219,3.5399993896484374,762.0,-2.74072265625,43.70000076293945,1.4559770458289818,9.829016766341184,1.6873668456815705,9.406627428603308,1.8568504764250109,8.367320855048014,2.2646928867956406,5.962221089064867,3.180754737155207,7.060438273442612,5.417576920341812,6.400670839539913,8.317885413288932,6.328482963570666,11.355099904210594,5.370909089335615,12.621628683009572,6.438634527109962,14.906565417165064,5.917429109559711,15.594463918098835,1,194
2025-07-14,25.0,1,101005.0859375,299.44842529296875,1.5821728706359863,1.2205957174301147,1.9982804853136245,0.737046901176003,1.470441237960762,1.6380152383335358,6.880000305175781,7.039999389648438,665.0,-7.74072265625,5.0,2.0219235548854524,10.068734609367532,2.1117222981787975,9.722501407499612,2.100267526006154,9.482793867844629,2.04124730317425,9.094080601091116,1.9316465983403814,2.2837579461703137,0.737046901176003,4.4669677730297455,2.7587870324081387,6.922589223702559,4.1561681293873125,7.3082515002903925,1.470441237960762,6.6688229086505535,6.831917790788881,5.955314958326134,10.030674219821115,0,195
2025-07-15,32.0,1,100806.6953125,301.97723388671875,1.5410913228988647,0.7545703053474426,1.715907576539688,1.787376888983635,3.520867067152444,1.1631676612147728,10.140000152587891,9.0,327.0,-18.82666015625,5.0,1.6995883462700658,9.903172287712499,1.619406446199747,9.484020562266645,1.4784445425337025,8.659643306420737,1.5609035731392755,3.4570433381757075,2.4445191277394236,8.362099816729629,1.787376888983635,7.96508805057518,0.9812873367635399,7.967245962268301,2.2731935907011347,6.876796025071194,3.520867067152444,5.5281971758478745,7.829864843663349,5.127464809703872,13.73916293539016,0,196
2025-07-16,0.0,0,100607.6875,297.13275146484375,-2.551804304122925,-2.059311628341675,3.279095849340718,1.7798654580545246,7.5134342950404145,3.2316732212595305,5.919999694824218,2.9,241.0,-31.20538330078125,100.0,4.039021304948007,7.452773573867371,4.540484609579633,6.184057707021281,4.607640805725143,5.309309277419971,4.709169190317745,7.4070138178515075,4.441274476931742,7.251448164694078,1.7798654580545246,7.054702395022058,3.967022249729702,6.641142737612091,6.7259951533691655,4.691114876939945,7.5134342950404145,6.164010466949521,12.36129230324544,5.648960534195424,20.494283956899892,0,197
2025-07-17,23.0,1,100498.796875,299.55743408203125,1.1444787979125977,1.9204089641571045,2.235576504726785,3.9449157138466115,6.753262036745792,6.114760927477495,11.319999694824219,3.580000305175781,240.0,-39.738525390625,5.599999904632568,2.210850476571583,10.039134341653158,2.197401817191633,9.627520341975151,2.012928813659058,9.734440904883762,1.853389093652179,9.385582428754311,1.7419996262430935,5.708793046858026,3.9449157138466115,8.184580422644954,3.3086118949719645,8.537414005276508,3.6985904885812193,8.588333428759867,6.753262036745792,3.6148665527543793,19.964446378264608,6.01276097649751,19.048215736908993,0,198
2025-07-18,43.0,1,100621.3515625,299.12567138671875,2.326655387878418,1.7179003953933716,2.8921457540097064,3.500576878716607,4.270424416256425,1.295765027715777,7.119999694824219,14.279999923706054,164.0,-0.5828857421875,99.69999694824219,3.361008942581929,9.941589558717768,3.785196602142699,10.169116969015736,3.8845009683511624,9.351443465113702,3.9223286396999435,9.421228654173499,3.914802068214855,6.017856209064469,3.500576878716607,6.29228314347128,2.3531611992425283,5.278076428775226,3.622836949881036,4.317690956429133,4.270424416256425,6.11024910268276,10.963473243931663,6.068880761771139,12.92034770109967,0,199
2025-07-19,16.0,1,100437.875,300.5484313964844,1.6943652629852295,1.386956810951233,2.1896398881676915,4.939576810016692,7.508195140211509,2.758539174060299,6.7,12.05999984741211,265.0,-96.2769775390625,4.900000095367432,2.3875755691788907,9.66033080155762,2.7945067220550484,10.080317096067592,2.9898494684739414,9.321820515984246,3.1693718547354512,9.629061452528443,3.319773421807147,6.109035892971821,4.939576810016692,5.386536192896215,6.351735470355145,1.2966334676038924,6.353000829107953,4.113528342211873,7.508195140211509,8.49137743421845,8.93173559813639,5.978158821138964,11.099658362806755,1,200
2025-07-20,38.0,1,100163.1796875,301.69061279296875,0.8302416801452637,1.5370702743530273,1.7469648753624445,5.222882969067531,8.252931821756833,3.5018268221653397,5.3600006103515625,4.960000610351562,1721.0,-0.231201171875,24.0,1.571668618750806,10.720421951925704,1.8578557892280847,9.372213080442075,2.008553370099004,9.918548813059926,2.190695787097704,8.58960514940975,2.4443858669894745,4.928632158588659,5.222882969067531,4.584264824582453,7.686735423675465,7.256867526634572,7.796653363178943,7.278418932648471,8.252931821756833,6.246601950884576,11.27011700765424,4.652847858486898,11.81098724434221,1,201
2025-07-21,4.0,1,99880.8046875,301.13653564453125,2.2829222679138184,1.0958911180496216,2.5323331976572163,11.154160388951283,20.384367277210146,8.672064393594473,5.1399993896484375,3.7399993896484376,1735.0,-0.0076904296875,1.100000023841858,2.571071661303095,10.078626626018838,3.8647236393572455,9.92814300422674,4.49008883400271,9.255146891772458,5.036424797541559,9.033302915830571,5.752959542668302,5.1578770651854615,11.154160388951283,7.350126330296302,13.980826774479299,6.92133563423462,17.08101095480722,6.21454623259347,20.384367277210146,6.371926619501653,22.32743375225636,4.719679731785041,24.16393343760235,0,202
2025-07-22,12.0,1,100328.1875,301.3049011230469,-1.1932592391967773,2.0918285846710205,2.408238866801887,2.6329641866332416,5.044515662527237,0.3966526857042161,2.519999694824219,7.9,715.0,0.4998779296875,0.0,2.7372678490118187,9.97120649972513,3.141029843446666,9.7159425796595,3.2190239765189443,9.576304705847035,3.246094124477529,9.478464901915968,3.2150160748842658,8.619481324237924,2.6329641866332416,6.22675986209705,1.5339692997576146,6.035134219525992,2.3233194284067764,6.884671822379388,5.044515662527237,5.514522538023886,8.615208352976778,4.901385653603727,18.03735563151232,0,203
2025-07-23,20.0,1,100361.46875,302.1910095214844,0.8777490258216858,1.0407153367996216,1.3614447343101623,2.8962180326545144,6.773481511824199,2.1340979691298085,6.7,7.5,1133.0,-3.845703125,8.899999618530273,1.2201758919731536,9.950099677380756,1.294434303447587,9.640750001939116,1.377379618425761,9.892205074706716,1.536010654027413,9.251592865035647,1.7053321525635283,6.881209403504131,2.8962180326545144,8.258396035969904,4.144309137501396,7.653402361211937,5.852642007156592,5.799422431915601,6.773481511824199,5.17645892961246,8.847232132547019,5.951204077444072,12.414072981330206,0,204
2025-07-24,2.0,0,100285.671875,301.3926696777344,-0.2165869176387787,0.678051769733429,0.7118034105923503,3.0081042994651903,11.680550690662173,2.395091917026735,2.8600006103515625,1.9800003051757813,1615.0,-0.498046875,26.100000381469727,0.8359184361154717,10.602806181133378,1.1928628397843615,9.376410488906892,1.4824547006046427,9.504418482984438,1.7654520250224888,9.286797693186823,2.0419064034427867,7.80512076220468,3.0081042994651903,4.463584961743086,7.532203270130301,7.817370166749965,10.44144531463734,7.318883578418151,11.680550690662173,6.636469029152867,19.780644899274204,4.752178536659977,20.17726498707925,0,205
2025-07-25,0.0,0,100748.046875,294.1000061035156,-0.6958789229393005,-1.0160595178604126,1.2315130609237952,7.810536389110773,22.03508180350239,9.04075918783948,3.019999694824219,2.080000305175781,173.0,-2.47314453125,100.0,1.415096016681053,5.828052762623191,0.9711529517712568,7.167434210571286,1.2233798094531276,6.2743937230614275,2.187636665741116,5.454874242269378,3.8454630421742597,5.0982827249984,7.810536389110773,4.3660708912559425,13.024163064403897,5.9019796299477045,19.754848345065362,6.168402494537627,22.03508180350239,4.574127103277814,34.93600906141295,5.875499174647698,41.06553670401606,0,206
2025-07-26,1.0,0,100252.0,298.9953918457031,-0.3148730397224426,0.3505493104457855,0.4712004352693943,3.1598863353185345,7.699971612355973,2.692231176288987,3.3199996948242188,8.38000030517578,916.0,-0.496337890625,65.19999694824219,0.49725425093096326,9.695911114546202,0.7655916005092624,10.140988398435525,0.9973154491123332,9.662593221806162,1.2208543410657688,9.22811255792469,1.4648836917309809,6.054094001459137,3.1598863353185345,5.874023118409773,3.495531177425052,6.406235933824944,4.654264599674097,5.905481531294779,7.699971612355973,5.440946385824578,9.001829814149001,6.766893211885416,18.551843640036104,1,207
2025-07-27,1.0,0,100055.171875,298.9844665527344,1.6975635290145874,1.9795238971710205,2.607726364960788,0.9656005113493109,6.724631984332547,3.347080949868911,7.8,5.819999694824219,1193.0,-9.327880859375,0.30000001192092896,2.7087430741003264,10.645621207819124,3.3487505306232177,9.497029780022135,3.4305449604990716,9.447268935641201,3.386793509274402,9.179119207108005,3.1726908704624908,2.53958750287876,0.9656005113493109,7.154058028713733,3.6235012069282777,7.775024030153916,6.562555659451741,6.588192398703662,6.724631984332547,6.435588156370272,6.2110358785357676,6.5066429558214045,6.183918019466747,1,208
2025-07-28,0.0,0,99923.28125,293.9306335449219,-3.0751147270202637,0.31636717915534973,3.0913457872557095,8.11270420655216,10.74197794063507,5.5983022546988215,7.44000015258789,0.08000030517578124,297.0,-44.27001953125,100.0,2.9392833617378757,5.950253317728218,5.220239170635882,3.408181822155969,5.633810356718686,5.940402973328999,6.411250384875229,7.119990937979311,7.476645313562553,7.288114226232907,8.11270420655216,7.6855961609557095,9.133819039273167,8.13056910006801,10.012354438874146,7.0363134035469574,10.74197794063507,5.023868651299342,9.765057162368853,5.807223969379536,3.437390822127075,0,209
2025-07-29,10.0,1,100604.2421875,297.05206298828125,-0.6905078291893005,-0.7446948289871216,1.015564596907493,3.83909877771959,7.381232090890289,2.8623105533997077,8.6,4.4,155.0,-17.612060546875,26.5,0.9706835428300813,10.020427866139439,1.1318094922393955,9.781267162198448,1.2629595155081834,9.572199864253383,1.495160844839936,9.15245364909038,1.8740673957582297,5.740342406121404,3.83909877771959,7.346067689966648,4.152030823216845,7.716739262893266,5.351610983212613,7.005505901625959,7.381232090890289,5.258381352725764,7.393291149123622,6.624125166603756,9.075188127915613,0,210
2025-07-30,11.0,1,100845.6328125,297.6028747558594,1.888156771659851,1.191320776939392,2.2325727732668486,2.2105126711613785,2.6821441272301114,0.4742388139903981,5.539999389648438,5.060000610351563,119.0,-2.849365234375,35.5,2.382148055854734,9.915774421857426,2.477875152661189,9.82571081669159,2.408739220043514,9.646269561546335,2.325114434210143,9.39019369472083,2.280948079778833,7.888364644656891,2.2105126711613785,7.157415392151646,2.1470826579878723,6.441684947428644,2.423711441176709,6.66456650849325,2.6821441272301114,5.365399924514981,6.218942133827307,4.699783611577579,9.679665303400272,0,211
2025-07-31,16.0,1,100800.53125,298.95172119140625,1.385717749595642,0.8913354277610779,1.6476324002417633,1.0189784785047886,3.028175877708682,0.7768186571066389,8.7,5.819999694824219,168.0,-6.2130126953125,35.0,1.5214047792134824,9.588214123851483,1.476018338875744,9.993054015467694,1.3513704855431266,9.547495467131581,1.2245867664744738,9.493512303316328,1.1378611298166614,7.2965780439436925,1.0189784785047886,7.476940806862081,1.4570182424989098,7.212285849934377,2.260079985212164,6.754471465896679,3.028175877708682,5.807016573272534,7.583464018058733,4.827089224859617,11.086809035299183,0,212
2025-08-01,3.0,1,100494.796875,298.780517578125,1.6122729778289795,-0.7323364019393921,1.7708022929291287,4.393611253884857,6.8800263906845025,4.306031598421456,4.919999694824218,2.419999694824219,939.0,-7.5968017578125,100.0,1.615862316817332,9.757693077208481,1.3229927145048563,9.527165062675904,1.123354479610185,9.444849126285705,1.1727411975385127,8.924345463340503,1.6514321568263126,6.334333282296241,4.393611253884857,7.46456247593377,7.405215054358085,7.230225735700038,7.810974237484146,6.645035302820961,6.8800263906845025,6.1078284221046,8.912585266857434,6.471598176756392,13.507722531438674,0,213
2025-08-02,0.0,0,100155.984375,295.8262023925781,-3.0740184783935547,-0.731372058391571,3.159825104859595,9.827926324054689,11.834809749515449,9.476247463477028,1.8800003051757812,1.3199996948242188,830.0,-2.6585693359375,100.0,3.4716892811121887,9.420386375713717,4.2243058590473,8.975005109434676,4.434877439638185,6.872591603343425,5.106737905152784,7.364296322251405,5.970501972247785,6.36977318134336,9.827926324054689,5.648423959484968,9.574873263034798,6.259892948487598,9.80905447893927,6.687894280178404,11.834809749515449,6.291167742905237,17.537714997273586,5.903490225530003,18.975864621360788,1,214
2025-08-03,0.0,0,100740.7265625,296.68890380859375,-1.6628222465515137,2.4075634479522705,2.9259766881406364,5.145127011721968,4.280489353182365,6.657398365260842,6.539999389648438,4.460000610351562,813.0,-10.260498046875,5.0,2.8076455430696616,9.835067732523054,2.191708112358824,8.837273761873,1.6451665666320459,7.69932326500469,1.607632947418343,7.326744203125098,2.82843014775208,7.696831603669736,5.145127011721968,8.214890043625138,5.946825614686482,7.581403354496035,4.856829372725228,5.83771405280932,4.280489353182365,6.2707073549153085,3.63790588476909,6.986850943670365,3.548148343479696,1,215
2025-08-04,25.0,1,101140.046875,297.300048828125,1.4869701862335205,0.6484423875808716,1.6222077131979529,1.3026896694738606,6.880778782861673,2.6713234345950396,9.980000305175782,10.919999694824218,13.0,-17.7215576171875,100.0,1.535260033840422,9.559829405953565,1.4009064486498715,9.834313595223367,1.1862452076840533,8.333163794137299,0.7961690643116368,3.863154320780658,0.17707848955261907,7.3669501918018785,1.3026896694738606,7.655283927728852,3.0408817343883716,6.30444079265702,5.651220960585563,4.347993788486909,6.880778782861673,4.639656604226391,9.811731880089264,6.343085174921529,8.947962095037102,0,216
2025-08-05,28.0,1,101138.046875,298.93634033203125,1.4446020126342773,1.0192553997039795,1.7679809231812214,1.4100334652510356,5.021607429963628,2.0689299707991973,7.680000305175781,7.55999984741211,0.0,-0.419921875,0.0,1.8062457964081189,10.009220983428282,1.8681905504063614,9.652276183799492,1.8605752787453151,9.426724307873949,1.795143087917263,7.830499957952489,1.4565108939673164,4.127256974510339,1.4100334652510356,4.259723691266902,3.357259183809383,4.648348361025959,5.596275946161259,5.929662438615542,5.021607429963628,4.488661685237145,10.193583318596856,5.261862920073229,9.670378596771808,0,217
2025-08-06,0.0,0,101291.9140625,300.194091796875,-3.0441503524780273,-0.4124780297279358,3.071968341877946,4.356945070492912,6.679185487544255,1.3338475462770918,1.7399993896484376,2.080000305175781,383.0,-0.681396484375,100.0,4.148210840652899,9.781665176398917,4.551264981843212,9.56713667627385,4.731260318567318,9.554205943744115,4.824537982351302,9.42108992676672,4.846661575132479,9.105586160885203,4.356945070492912,5.902056831595995,1.5488309050877342,6.398901491082231,4.1355242589943115,4.299423140737891,6.679185487544255,4.615675158555831,7.842829493610799,6.8461365021579415,8.734895327030596,0,218
2025-08-07,38.0,1,101201.984375,299.37451171875,0.9781347513198853,0.962634265422821,1.3723747012772234,2.0020427757354193,2.5453308596479998,1.3278984753242793,7.039999389648438,12.419999694824218,63.0,-41.71240234375,0.0,1.1723750541417628,9.857912120224132,1.0636254511045913,9.692384624594819,0.9243853338013337,9.34548760163628,0.7724003049037343,6.489946965331021,0.549050815897674,5.173845640001046,2.0020427757354193,6.4260541848696935,1.778129786406414,4.71348669003227,2.3635157426466376,3.7470727002182764,2.5453308596479998,6.489629641984963,5.279175087336152,6.075407043462097,9.875696825855858,0,219
2025-08-08,59.0,1,101229.09375,301.46856689453125,1.5176074504852295,0.31657227873802185,1.550274292321737,0.7282345928294041,1.7532236932171268,1.4953369720602592,11.84000015258789,10.6,6.0,-46.6646728515625,0.0,1.4355330907615058,9.74203010741572,1.3211446083821679,9.21871278256384,1.114011961974638,3.3220631760777746,0.2474934813060064,1.3174849942041447,0.3441921657730463,5.2494241276577505,0.7282345928294041,5.88576635888936,1.805382381224881,6.287901615880071,2.4838654187146685,5.504597374383693,1.7532236932171268,6.286475365025058,6.144282782715921,4.551973161924761,8.094548982357626,0,220
2025-08-09,61.0,1,101196.765625,304.58160400390625,1.4843677282333374,1.1251122951507568,1.862585630063757,2.195073711328151,3.3916863666090054,2.0300168211557774,15.15999984741211,12.319999694824219,129.0,-252.4971923828125,0.0,1.925358212416339,9.522669987920436,1.7282248235839377,8.661846434437,1.3948554885158266,-0.9571113123189715,1.0849888119700017,5.810846812365969,1.4234789044071348,7.617774503941717,2.195073711328151,6.681578781198717,2.2426471466521427,7.030404985981838,2.5722421104838644,6.696530619847235,3.3916863666090054,5.267839189476578,3.5707688256412933,7.264406423069428,5.973574689499883,1,221
2025-08-10,15.0,1,101058.78125,307.0043640136719,1.3378100395202637,0.6129199266433716,1.4715320378155976,4.733793052079233,3.2952546712080664,6.204818279094659,12.219999694824219,6.8600006103515625,1436.0,-58.5194091796875,0.0,1.020849112216149,9.58900607025437,0.41108935254720386,8.089146220043169,0.7707775849343711,1.6896573326461957,3.006378302054774,6.966614701712424,4.0446151419755365,7.896575445929499,4.733793052079233,8.31599230546097,5.03100586879614,8.648906770344263,4.442581985625359,8.50769000564198,3.2952546712080664,5.041347917633689,3.048329410066154,6.399747521440734,3.0017409017356678,1,222
2025-08-11,0.0,0,101090.84375,304.64129638671875,-3.5291991233825684,-0.37094971537590027,3.5486406050517076,4.80268572497743,1.3955825237509816,2.984307228616463,8.419999694824218,6.939999389648437,895.0,-50.232666015625,0.0,4.929105159540064,9.692851584526288,5.440710588841917,9.502184802613423,5.509959749311943,9.48058152849192,5.399382455069958,9.339263706149039,5.125118105298405,4.6341824918943955,4.80268572497743,7.060125164792774,2.185777565914161,6.062912948968602,1.0535760829543395,6.765816044453842,1.3955825237509816,5.294564262252213,2.0815431466736656,6.433114506157828,6.430951143975395,0,223
2025-08-12,0.0,0,100933.515625,304.2901916503906,-1.086948275566101,0.47773924469947815,1.1873042321503569,2.9074815999615273,2.229312577411029,2.143381882693447,11.95999984741211,8.84000015258789,534.0,-176.9959716796875,0.0,1.425554555253056,9.840911250367316,1.8821354498457,9.62365634301857,2.2787770196479418,9.323338181597965,2.6510097644282755,7.747927936273405,3.3317106976922646,3.2603924198268004,2.9074815999615273,5.754101733899837,1.3217447641934956,7.39430988376924,1.2876170187607638,6.840090668579048,2.229312577411029,5.732794418001109,2.19166246482764,7.346434841053514,4.775792829282144,0,224
2025-08-13,1.0,0,100847.390625,305.9082946777344,0.17791748046875,0.03561767563223839,0.18144764719827972,2.571848512805261,6.1931059156345825,2.752291311931871,10.15999984741211,11.2,1342.0,-97.159912109375,3.5,0.09727732892824609,10.155693367240893,0.46806254256515534,9.281916121773596,0.8371335279609695,9.07963151189297,1.3183019200467851,3.584480589289067,2.7992692629628464,6.051616246858092,2.571848512805261,6.651506837133821,2.6980972589611967,6.78957870379241,4.503612862462134,8.205520855345934,6.1931059156345825,7.816861761915615,3.673420179497098,6.821741191319861,1.4977054848855955,0,225
2025-08-14,3.0,1,100822.328125,306.7595520019531,1.6330273151397705,-0.3042675852775574,1.6611312336607373,2.8553844356817475,4.195406682484327,4.457853989426571,10.419999694824218,4.539999389648438,1189.0,-29.00341796875,0.0,1.3496554720630547,9.795409826020482,0.9122653147695307,9.583180217702388,0.5860856089698178,9.307001972003507,0.6583399953776687,6.899814970930712,1.3217276444503945,7.289934271728591,2.8553844356817475,7.958443600772214,3.626931987343757,8.553944348020828,4.475431181337786,8.1533617419401,4.195406682484327,6.195056586131387,5.455457897165877,7.415764747116259,6.871431767310683,0,226
2025-08-15,1.0,0,100942.2109375,306.8120422363281,-0.9259448051452637,-1.6483666896820068,1.8906312506220555,5.058815582262137,6.818236649013766,4.18304642134449,10.919999694824218,8.719999694824219,727.0,-3.3538818359375,0.0,2.3303614456648702,9.683150653850248,2.67405085384898,9.55635029420447,3.0514729543830925,9.475115388929138,3.5052498840252837,9.198886332266563,4.098399011103959,8.966741205769559,5.058815582262137,9.38570459845888,5.5885263181966,8.57348300297722,6.389632280047248,5.7212606763976535,6.818236649013766,5.815452415863589,5.057649953480252,7.517403478126846,4.477683355395383,0,227
2025-08-16,9.0,1,100619.15625,303.8105773925781,1.5140697956085205,-3.403701066970825,3.725263520782437,3.640212768508745,3.0111151778021217,6.221027064785346,11.6,7.380000305175781,1203.0,-44.0272216796875,16.399999618530273,4.542122190924171,-0.28943746895112277,2.5553428532089777,6.491448843183589,0.3727501793289575,9.289643226041385,1.0241664848745595,9.273834486752408,2.256141524209074,8.857776825286766,3.640212768508745,9.018986260429928,3.653617114258785,8.474664004418276,2.9334027123454622,7.873896527740624,3.0111151778021217,7.51443416197717,2.2731500545441765,6.624951383937253,2.4839131976680573,1,228
2025-08-17,26.0,1,100370.015625,304.42938232421875,0.7172949314117432,0.08494140952825546,0.7223067642502208,2.3397127248529035,0.7179706520978725,3.0522228532742446,9.6,3.6800003051757812,909.0,-7.7330322265625,32.099998474121094,0.45255485861105527,9.949889714586183,0.1915751491056396,9.713305099840754,0.5006671605091194,9.533145147340031,0.9181970921838981,9.054888931250343,1.49846224693522,7.655155089095846,2.3397127248529035,8.60871471136815,1.8996066385436359,8.162545609746985,0.6464876986040754,8.147722052174526,0.7179706520978725,6.591152583376534,4.417915545110545,6.071585723963455,6.670665749749721,1,229
2025-08-18,42.0,1,100797.0078125,301.89642333984375,0.974169909954071,0.9941796660423279,1.3919052488700363,1.37889217358248,6.810631498488285,1.9629266681055253,4.1,8.480000305175782,115.0,-71.8662109375,5.0,1.129266623003897,10.277242447668272,1.107536523958374,9.871505940266353,1.1407756934450504,9.733067691215856,1.274578975440448,9.588808024693117,1.4235079332607699,9.427388600481724,1.37889217358248,7.051217465930888,1.4757028569455368,6.032366677527968,4.1877503718278595,4.484669274979368,6.810631498488285,4.443651193755992,4.083612741271548,6.442947466100391,8.326658419688513,0,230
2025-08-19,53.0,1,100624.21875,300.444091796875,1.5776220560073853,0.7899218797683716,1.7643321477935403,3.578131277890082,3.0775994346679343,1.8235477812247192,5.480000305175781,12.95999984741211,306.0,-11.89453125,0.0,1.6826430567556754,10.1185207556946,1.8913433315507422,9.821644784565663,2.025850644416992,9.603894731356286,2.1776892147967932,9.392872022118699,2.3169414063030804,6.6109778962828285,3.578131277890082,5.532796210119918,2.8084555987357,5.075679721807948,2.0314032697914612,4.80013861725204,3.0775994346679343,6.429320163826361,3.7938381212183008,6.687594478844471,4.0924989579974795,0,231
2025-08-20,1.0,0,100319.921875,296.3095703125,-0.7471142411231995,1.0029345750808716,1.2506228253081513,7.149026877161229,12.74558029496984,7.106578927641077,2.7199996948242187,3.6199996948242186,567.0,-0.45654296875,100.0,1.1509580742074885,10.126766322615293,1.3248433083867923,9.394443388304614,1.484311205450115,7.2813273317349765,1.8657607175407376,2.146210772392555,2.814786699410692,3.9468524568549936,7.149026877161229,5.125134124894802,10.461402338449219,5.626319330782864,11.967991043566485,5.839157255148717,12.74558029496984,6.417003661579979,13.05260028299546,5.269661263029995,7.307650147136694,0,232
2025-08-21,0.0,0,99785.4453125,294.20751953125,1.0013476610183716,-0.5461376905441284,1.1405978762297595,1.2242120636828426,6.676852766264744,2.3204405303326574,2.5399993896484374,2.7199996948242187,179.0,-54.6263427734375,99.9000015258789,1.1188745367727428,4.700271439596347,1.5156652581610766,4.774895451279506,1.3797301480889645,7.139104099150122,1.3611047007680674,6.882784831859243,1.6763717821174062,6.073325996102248,1.2242120636828426,4.530131596589998,1.6776322542535345,6.412072287322462,3.983065763984928,6.264825080255261,6.676852766264744,6.113279564126129,9.350495114686282,6.109792151326194,14.487495822552662,0,233
2025-08-22,3.0,1,100372.359375,298.45648193359375,1.3337695598602295,1.259609341621399,1.8345454293392802,1.2141788053671863,6.710011204157173,2.968839778447444,6.239999389648437,4.739999389648437,578.0,-10.014892578125,3.5999999046325684,1.7413979853942672,10.138579786782268,1.7587827398789135,9.64170200868114,1.6132481115497381,9.374995009903014,1.4718667607643987,6.92418665198801,0.8209021575153215,6.342234535956708,1.2141788053671863,6.763027706787602,2.4491948433506483,7.103431917948389,5.23932250577891,6.641342090914546,6.710011204157173,5.647796522112094,6.38125283151445,5.907927842778262,8.895272206485277,0,234
2025-08-23,0.0,0,100561.359375,296.4239807128906,-0.5141797065734863,2.205446720123291,2.264591796760418,2.0371558090883117,5.948788167328334,1.5236273046310687,4.419999694824218,5.039999389648438,308.0,-6.1138916015625,1.7999999523162842,2.1791300447754343,10.185852121503737,2.1194270688206243,9.559404008500104,1.917889188995105,8.790685221679897,1.7212616903058393,5.853161495246678,1.55184239805841,6.8803341598907,2.0371558090883117,6.5405063383201085,3.4696145940082115,6.297904441616327,4.03839779779242,5.767673511745652,5.948788167328334,6.326730997831483,10.3116814729113,6.037697771896837,14.19205141754747,1,235
2025-08-24,17.0,1,101058.1171875,295.9469299316406,-2.163578987121582,-0.7257910370826721,2.282070696324632,1.8590225892283894,8.166542093085061,0.735047352663641,6.380000305175781,0.08000030517578124,17.0,-9.7379150390625,92.5,3.1013154893671677,9.739356093671791,3.4542555650009144,9.670224009542771,3.682581739314003,9.561554304663018,3.7643712222463956,9.422779874396351,3.782175013090737,7.5532286685859775,1.8590225892283894,7.149402627311766,0.5733855569709411,6.856245610146379,4.945803644364907,5.683772809657041,8.166542093085061,4.499409357655194,10.647219826117981,6.626844111267138,16.299826820905498,1,236
2025-08-25,67.0,1,101085.875,297.3388366699219,1.711340308189392,0.6971655488014221,1.8478975764011791,0.25894459237325074,6.441322788628365,1.9458011374949389,7.7,17.739999961853027,0.0,0.0400390625,0.4000000059604645,1.757181894218606,10.003551486787837,1.624936241480707,9.721059322606783,1.438747442024408,9.487551576330288,1.2570693408154028,9.162699694725639,1.0347724641671208,6.148070129913082,0.25894459237325074,6.866589818901151,1.1819273436517814,5.060665210289293,2.321744299157112,3.931338444347718,6.441322788628365,4.908540757296611,10.889679979677032,5.460955337383015,12.616438435201845,0,237
2025-08-26,49.0,1,100850.578125,298.00567626953125,2.2663135528564453,0.7795093059539795,2.396625101664768,2.2023052947388044,2.9891911588047635,0.6143695570628986,3.3,13.65999984741211,372.0,0.070068359375,46.599998474121094,2.6628948539107147,10.211927516380863,2.9067232916707777,9.71487783538742,2.9897462168620237,9.3586912886391,3.028315765541327,9.180758794393409,3.043826571144357,5.441040396486381,2.2023052947388044,2.779193233030042,0.557686313232326,4.635327911363909,1.035626550926163,6.4015315571680445,2.9891911588047635,6.708266173635473,6.773671991852589,6.56362812763662,9.991650716802635,0,238
2025-08-27,42.0,1,100802.1875,298.6793518066406,1.2573974132537842,2.011662483215332,2.3723056719641726,5.3314662033248865,7.337329436822431,3.3998647848054304,3.3800003051757814,4.960000610351562,579.0,-0.342529296875,58.400001525878906,2.6037237190781024,10.151959893982497,2.9177839158446766,9.630374623592203,3.009347367941099,9.227468781425696,3.1033743179812054,6.619687176444705,3.6155004084514224,5.00423633730905,5.3314662033248865,7.299017631146831,5.714546564493875,2.372609705504099,6.0939985055256605,5.613686415641618,7.337329436822431,6.115338150974391,8.22897839703854,5.7908958640012695,8.867442678409986,0,239
2025-08-28,6.0,1,100391.1875,298.41253662109375,2.284360408782959,3.014653205871582,3.7823850185943333,10.364607157956295,18.73985830069017,7.4177857729095065,0.4600006103515625,0.21999969482421874,658.0,-1.0789794921875,100.0,4.658610676882998,8.88195106766792,5.780975894180206,9.13808636863667,6.490760371599434,9.086441927257631,7.221440668138363,8.730575106387011,7.8579127005521,6.733852237420305,10.364607157956295,4.614607048516581,13.271907111897493,6.210512008258938,15.600426640942915,4.801031714504472,18.73985830069017,5.1335563848092844,25.212399677098105,5.941263733186154,22.676493109319015,0,240
2025-08-29,0.0,0,99923.890625,298.4654846191406,-2.0621728897094727,2.8610522747039795,3.526779996773478,4.820797056934257,11.325730070528627,3.362639161103509,3.7,5.7,1601.0,0.1768798828125,24.0,3.4973513702561445,10.026142055696814,4.62974193508891,9.72697114268893,4.705265346033059,9.334380041007092,4.744863773465687,7.575489944977789,4.647928675118519,4.666028086247249,4.820797056934257,6.577167044825658,6.000377299641002,6.66801040371327,8.175938477888334,6.398391784763853,11.325730070528627,6.29202477449687,18.363830978584144,6.8996249144903805,21.90311201328317,0,241
2025-08-30,2.0,0,99997.28125,296.37335205078125,-4.104804515838623,1.6619579792022705,4.428490085557746,4.6496030173773,2.6773556666793783,0.3537183124347418,5.319999694824219,1.2399993896484376,926.0,0.3819580078125,100.0,4.501959411626629,9.69111335729438,6.116753836895451,9.584430558174073,6.16169204041689,9.388806528202753,6.11661867174656,9.100545207474092,5.988205134029196,6.226408870201366,4.6496030173773,6.264102426379467,2.487350326997062,8.082736445409965,1.6570062847752323,6.519026189714208,2.6773556666793783,5.590148078009628,1.4089206145982556,5.508584231413858,6.232735748704629,1,242
2025-08-31,16.0,1,100619.640625,297.28509521484375,1.948544979095459,1.5354297161102295,2.4808006668558567,3.851648888223796,3.2541309967295664,1.5791267089572092,5.5,13.979999923706055,115.0,-0.3519287109375,0.0,2.8147328957223463,10.493092440606235,3.0927608270508355,9.641351165311683,3.163423482965731,9.463789462874892,3.199205429646935,9.065743654267905,3.28468125848696,5.061596781919675,3.851648888223796,6.654866417912072,3.862648344681506,6.259891307249896,3.0851988187615373,4.658340098207232,3.2541309967295664,4.11584372890799,10.071378031426677,4.439256005374523,11.536452402134966,1,243
2025-09-01,2.0,0,100452.3984375,298.2344970703125,0.05998779460787773,2.1805689334869385,2.181393914264519,3.642262474917824,11.245496676138417,1.8802328175717133,3.7,3.7399993896484376,124.0,0.025146484375,23.299999237060547,2.3886125958231403,10.068123926880554,2.8941689947550366,9.673272372681028,3.185610506190773,9.456203721724508,3.3941527573209616,9.025445123883829,3.545782841977878,5.635079938991499,3.642262474917824,5.356906545271682,6.013787938088437,4.209417612731296,8.295348417286787,5.341084225606088,11.245496676138417,5.172557332357235,12.202884437785647,4.82207727142065,20.738897729307883,0,244
2025-09-02,5.0,1,100313.984375,296.6097717285156,0.08428710699081421,1.6722631454467773,1.6743859602924382,4.331349291791451,6.7382591992945065,2.6739538237677274,2.480000305175781,2.2600006103515624,749.0,0.08917236328125,79.0999984741211,1.7470223931841906,9.958729946975271,1.9583451269171002,9.596233536227723,2.087017322777,9.06654619284455,2.291304297821725,6.9537928183179165,2.7428660497903805,4.828237499808709,4.331349291791451,5.70376346132259,5.01231624972094,6.340623061420163,5.298053040701214,6.956966229514891,6.7382591992945065,6.266303449403582,12.461115811663376,5.635431580887806,18.95444317591332,0,245
2025-09-03,19.0,1,100787.6328125,297.74310302734375,0.7403051853179932,1.4908959865570068,1.6645788086301287,2.061695244258184,2.23043831435079,3.0238112208496997,6.3,8.359999847412109,203.0,-3.222412109375,100.0,1.5277951164717491,10.062986993289078,1.5904834582408025,9.737566787567319,1.535418182018592,9.38263477785466,1.4640780629995866,8.1918376386314,1.3593925150189001,5.060466908772007,2.061695244258184,6.862990656145027,1.8576085211632836,6.670381302123658,1.9103308795472926,5.756311467165479,2.23043831435079,4.657188319994703,4.870434440210116,5.355318937542951,6.315186816305981,0,246
2025-09-04,19.0,1,100774.0,299.81591796875,1.0623241662979126,0.47352781891822815,1.1630826409116461,1.9032330380231657,3.170481425943158,2.7318346390749513,10.519999694824218,8.38000030517578,201.0,-74.3914794921875,5.0,0.9426673911992961,9.962206248104671,0.7730679298411869,9.544307063959948,0.6234012367751471,7.618189288412347,0.5021327252749337,1.297683928115924,1.7203434793334775,6.2360963016162305,1.9032330380231657,6.839412439966755,1.446514910580679,7.217762986239586,2.1104041146009345,7.313122214479875,3.170481425943158,5.189125977857365,2.455811417842222,5.606664923622183,6.124362142477186,0,247
2025-09-05,33.0,1,100818.71875,300.21466064453125,0.9081494212150574,0.7491601705551147,1.1772749604061967,3.25560692586114,8.01796708248635,2.486938885780685,6.1399993896484375,5.419999694824218,1311.0,-0.5162353515625,5.099999904632568,1.1286131084013498,9.858675646933516,1.2917033260704425,9.724313224593866,1.4963538156098595,9.588138237179649,1.645634454285477,9.332401802978733,1.8219162633490948,6.8446999559608575,3.25560692586114,5.861445628351725,4.457611095044551,6.812220181281525,6.0845535125007695,7.191812140108716,8.01796708248635,5.445170968770454,13.857046250940401,6.424679838027089,17.516999645474577,0,248
2025-09-06,8.0,1,101278.3828125,298.7107238769531,-1.3386768102645874,0.14775390923023224,1.3468061553293353,3.7443849687219943,1.9291528170775865,2.6298616793245975,5.8,16.8,13.0,-147.19482421875,5.099999904632568,1.5665229822324294,9.840528339258974,1.8941587625450116,9.660182342242656,2.187886754002901,9.438533462545873,2.386978002559475,7.703603162482292,3.0069845732709135,6.773936137272838,3.7443849687219943,7.177684513260346,1.4990812329926428,6.552405454054044,0.28671778565055717,2.6354716210076927,1.9291528170775865,4.943529678318647,6.423129122481004,8.220675762545595,6.7288549880277335,1,249
2025-09-07,22.0,1,101128.8828125,297.5380859375,0.9325366020202637,0.11742919683456421,0.9399011279792734,0.40211670588526977,1.5684610517673245,0.7868208048246643,7.94000015258789,17.460000038146973,0.0,-0.20904541015625,100.0,0.7892021507608505,9.951183580484598,0.7105110262356616,9.592432422997073,0.6235368213018393,8.737686868151602,0.4927450094179877,4.109912293934746,0.3820429926627779,5.834174971121264,0.40211670588526977,4.069070059608909,0.5857163030884153,3.032114228890729,0.6012240995883776,4.54349796638857,1.5684610517673245,6.734257934665539,6.770400624008238,6.356587451884481,11.558118100544542,1,250
2025-09-08,15.0,1,100800.1015625,297.7194519042969,1.077539086341858,1.0447778701782227,1.500883500012106,0.8927675123857602,2.8940877752942837,0.8497084590436517,7.8599998474121096,15.240000152587891,147.0,-145.3563232421875,100.0,1.3559449422020828,10.105340209680234,1.4274129285037656,9.729351363880216,1.4175898561235263,9.332633473705737,1.388682050855584,6.242252627728115,1.2239443920086728,2.387510726314848,0.8927675123857602,3.0944982076368013,0.9289729935753485,4.785522272120953,1.3675323089379918,6.80694742416745,2.8940877752942837,7.309391616333441,6.822024988886289,7.454144276199004,9.59291950481419,0,251
2025-09-09,5.0,1,100597.625,294.7068786621094,0.17401611804962158,0.5997558832168579,0.624490775587833,4.112557241957579,9.348101973025212,3.4884261833183037,1.4600006103515626,0.28000030517578123,375.0,-5.7265625,100.0,0.8285899281261666,6.746877159069033,1.274896945718243,6.964909005646299,1.867215115866711,6.74736915792213,2.5655971454507926,6.387784034815784,3.1590360555179653,6.75491953258939,4.112557241957579,5.293243713244962,5.414393518809237,4.853118521801048,7.494522659165593,5.384896089599966,9.348101973025212,5.693793313253404,8.715929894354034,5.328672464440216,12.989398885107164,0,252
2025-09-10,0.0,0,99982.296875,291.3193359375,0.3243457078933716,-1.8277124166488647,1.8562685194231157,5.994787649253534,9.335789955853969,7.816417214457305,0.01999969482421875,0.08000030517578124,11.0,0.00820312462747097,100.0,1.7448620442968368,5.6693010148071314,2.678741982259181,4.967926537972927,3.7336017640270884,3.79059597003195,4.664151670770792,3.315876101188389,5.2087295964426215,3.5226386685241593,5.994787649253534,4.327767507188611,7.41617218085274,4.7468859170629045,8.405300086817812,5.256867213135229,9.335789955853969,5.396365019729043,11.452876516390273,5.347873241459247,14.572260052898624,0,253
2025-09-11,0.0,0,100509.8125,296.0141906738281,-0.6011011004447937,2.138439893722534,2.221316661806683,2.628245576698178,4.464801553362062,1.7704709515748376,2.2399993896484376,4.939999389648437,489.0,0.02128906175494194,19.0,2.5118864729680555,9.856920548562503,2.6887903209424544,9.666441595731083,2.7260563510248343,8.948833673859665,2.7585014254518434,6.0556912524178665,2.8625758602059648,5.063708606903523,2.628245576698178,5.0535936008649305,3.050472098244035,6.480050153035115,3.7934474839323,6.1848302896702165,4.464801553362062,5.8885595885191515,6.962810951717042,6.152416018634218,10.049190654666386,0,254
2025-09-12,0.0,0,101030.25,296.92999267578125,-2.054150342941284,1.2780102491378784,2.419265142208943,3.9210615794309263,5.262821029798137,1.8174123121932357,6.0,5.439999389648437,297.0,0.15020751953125,6.0,2.9926212218302375,9.86690680419459,3.290438516615286,9.6060513498717,3.442093005862061,9.295976634480528,3.577921268870525,8.817371694995122,3.815597584074181,5.1848520195078995,3.9210615794309263,6.629868230672831,2.847097331058187,5.456999547781541,3.214111194087924,4.91020231832507,5.262821029798137,5.258155181444129,11.361143295761071,5.7663431956417455,16.252961952697547,0,255
2025-09-13,16.0,1,101103.765625,298.2725524902344,-0.7540063261985779,1.0365673303604126,1.2817945897521916,3.727712993460198,6.341005856368595,2.612458454572307,2.580000305175781,8.859999847412109,206.0,-4.7718505859375,100.0,1.3313478907566085,9.888312660874549,1.546259354916287,9.679105931017649,1.7024021471240427,9.440565969786135,1.8675245186490732,8.672825626000844,2.2122852527636154,7.244993592466705,3.727712993460198,7.379709548838982,4.132996943982422,4.947325822087335,4.2348702810660015,5.171292469656763,6.341005856368595,4.984591467102183,12.212740357580183,7.397139864201457,17.079157437890704,1,256
2025-09-14,0.0,0,100859.2734375,295.81182861328125,0.11857178062200546,0.9702246189117432,0.9774431330273441,2.532267848050151,4.905650403691318,2.248482361090911,4.239999389648437,8.7,713.0,0.3104248046875,27.399999618530273,1.0095867986101266,10.016623252095476,1.1752365018754563,9.65575618294823,1.3144381874556297,9.220398125337109,1.45608461051684,7.90843798537014,1.6496033728496866,4.244898509903597,2.532267848050151,5.03667715507796,3.787406127110789,5.233603742514558,4.108085170819999,5.168268499385839,4.905650403691318,6.013307360003654,14.31581118706837,7.28859762597832,17.816430841691254,1,257
2025-09-15,7.0,1,101228.6015625,297.55157470703125,-0.4006933569908142,2.3356127738952637,2.3697346256320126,2.798199748841069,10.05454539946701,2.810436314946613,3.6800003051757812,9.719999694824219,135.0,-50.06787109375,4.5,2.7557351725764536,9.86671214245981,2.8332280388920084,9.460772210268617,2.786918456754715,9.01918289960143,2.6585494265004384,7.343147596101082,2.3718984760457746,5.644059862875879,2.798199748841069,5.874821414649418,5.104209855316886,2.663671021098869,8.761943889685144,3.052614967818828,10.05454539946701,4.5934355969700045,12.173888961441504,7.518396662896758,19.78616514487903,0,258
